crash_severity,collision_type,weather,light,road_surface,traffic_control,city,year,fatality,injury,id,Geometry,point,x,y,norm_x,norm_y
A-Injury,overturned,Snow,Daylight,Snow or Slush,Lane Use Marking,unincorporated,2016,0,1,4165,POINT (-88.303748702224 40.0293486361452),POINT,-88.303748702224,40.02934863614521,-0.0018159944676713455,-0.009272206551708394
A-Injury,rear end,Snow,Daylight,Snow or Slush,Lane Use Marking,champaign,2016,0,1,4166,POINT (-88.2747575370691 40.1543052625083),POINT,-88.2747575370691,40.154305262508295,-0.0021456788317842754,-0.006138880723582438
A-Injury,rear end,Clear,Daylight,Dry,No Controls,champaign,2016,0,2,4167,POINT (-88.2738301532436 40.1273873874217),POINT,-88.2738301532436,40.127387387421706,-0.002156224939371509,-0.006813854718174798
A-Injury,angle,Clear,Daylight,Dry,Stop Sign/Flasher,champaign,2016,0,2,4168,POINT (-88.2452300023312 40.1192379427412),POINT,-88.2452300023312,40.1192379427412,-0.0024814627322201402,-0.007018204549356332
A-Injury,turning,Clear,Daylight,Dry,Traffic Signal,savoy,2016,0,2,4169,POINT (-88.2483737197338 40.0741502504478),POINT,-88.2483737197338,40.0741502504478,-0.0024457127212325785,-0.00814879229732421
A-Injury,fixed object,Clear,"Darkness, Lighted Road",Dry,No Controls,champaign,2016,0,1,4170,POINT (-88.2547981787922 40.1101400015348),POINT,-88.2547981787922,40.110140001534795,-0.0023726544744142796,-0.007246338222571633
A-Injury,turning,Clear,Daylight,Dry,Stop Sign/Flasher,champaign,2016,0,1,4171,POINT (-88.2677567435921 40.1565492766845),POINT,-88.2677567435921,40.1565492766845,-0.002225291090671455,-0.006082611378117262
A-Injury,pedestrian,Clear,Daylight,Dry,No Controls,champaign,2016,0,1,4172,POINT (-88.2531600021 40.1257679345),POINT,-88.2531600021,40.1257679345,-0.002391283640858125,-0.00685446299814132
A-Injury,fixed object,Clear,Darkness,Dry,Lane Use Marking,unincorporated,2004,0,2,537,POINT (-88.3037352543965 40.0602953813171),POINT,-88.3037352543965,40.0602953813171,-0.0018161473948970681,-0.008496207400917012
A-Injury,turning,Clear,Daylight,Dry,Stop Sign/Flasher,champaign,2016,0,1,4174,POINT (-88.2619696120363 40.1490691266884),POINT,-88.2619696120363,40.1490691266884,-0.0022911017187307358,-0.006270178439290378
A-Injury,rear end,Clear,Daylight,Dry,Traffic Signal,savoy,2016,0,1,4175,POINT (-88.2573047372235 40.0691163376264),POINT,-88.2573047372235,40.0691163376264,-0.0023441501656663484,-0.008275019209164855
A-Injury,rear end,Clear,"Darkness, Lighted Road",Dry,Lane Use Marking,champaign,2016,0,2,4176,POINT (-88.2578013334082 40.1126599980827),POINT,-88.2578013334082,40.112659998082705,-0.0023385029280856766,-0.007183148534276012
A-Injury,sideswipe same direction,Clear,Daylight,Dry,Lane Use Marking,champaign,2016,0,1,4177,POINT (-88.2625611781114 40.1163499985309),POINT,-88.2625611781114,40.1163499985309,-0.0022843744939276406,-0.007090620638424134
A-Injury,fixed object,Clear,Darkness,Dry,No Controls,unincorporated,2016,0,1,4178,POINT (-88.2732896630626 39.9810771402638),POINT,-88.2732896630626,39.98107714026379,-0.002162371334684657,-0.01048262915361209
A-Injury,rear end,Clear,Daylight,Dry,No Controls,champaign,2016,0,1,4180,POINT (-88.2511015471155 40.0835499978557),POINT,-88.2511015471155,40.0835499978557,-0.00241469216614493,-0.00791309074080615
A-Injury,turning,Clear,Daylight,Dry,Traffic Signal,champaign,2016,0,1,4181,POINT (-88.2433974872623 40.1102217042014),POINT,-88.2433974872623,40.1102217042014,-0.002502301893460787,-0.007244289503084295
A-Injury,rear end,Clear,Dawn,Dry,Lane Use Marking,unincorporated,2016,0,1,4182,POINT (-88.2523660009448 40.1746619993184),POINT,-88.2523660009448,40.1746619993184,-0.002400312935284834,-0.005628429288713073
A-Injury,turning,Rain,Daylight,Dry,Traffic Signal,champaign,2016,0,1,4183,POINT (-88.2580911876377 40.1358502793547),POINT,-88.2580911876377,40.1358502793547,-0.0023352067374417355,-0.006601645100757349
A-Injury,pedestrian,Clear,Daylight,Dry,No Controls,champaign,2016,0,1,4185,POINT (-88.257970685663 40.1286930486442),POINT,-88.257970685663,40.1286930486442,-0.002336577072738475,-0.00678111486155174
A-Injury,rear end,Rain,Darkness,Wet,No Controls,champaign,2016,0,1,4188,POINT (-88.24545570456 40.0928904095548),POINT,-88.24545570456,40.0928904095548,-0.0024788960711223753,-0.007678877045430935
A-Injury,angle,Clear,"Darkness, Lighted Road",Dry,Traffic Signal,champaign,2016,0,1,4189,POINT (-88.2466700022763 40.0980899980044),POINT,-88.2466700022763,40.0980899980044,-0.002465087210101991,-0.007548495766270791
A-Injury,parked motor vehicle,Fog/Smoke/Haze,Darkness,Wet,Lane Use Marking,unincorporated,2016,0,5,4191,POINT (-88.2670810013867 40.1606459994922),POINT,-88.2670810013867,40.1606459994922,-0.0022329755572357353,-0.005979884794040421
A-Injury,rear end,Clear,Daylight,Dry,No Controls,savoy,2016,0,3,4192,POINT (-88.2573047404568 40.0691164736666),POINT,-88.2573047404568,40.069116473666604,-0.002344150128897656,-0.008275015797914844
A-Injury,overturned,Clear,"Darkness, Lighted Road",Dry,Stop Sign/Flasher,champaign,2016,0,1,4194,POINT (-88.2531900014703 40.1300699980286),POINT,-88.2531900014703,40.1300699980286,-0.002390942491295226,-0.0067465874323489935
A-Injury,turning,Clear,Daylight,Dry,Traffic Signal,savoy,2016,0,1,4195,POINT (-88.2539885411118 40.0394298608519),POINT,-88.2539885411118,40.0394298608519,-0.0023818615856980104,-0.009019416742380288
A-Injury,angle,Clear,Daylight,Dry,Stop Sign/Flasher,unincorporated,2017,0,4,4213,POINT (-88.2126500012858 40.238709974234),POINT,-88.2126500012858,40.238709974234,-0.00285195894615516,-0.004022406624024016
A-Injury,pedalcyclist,Rain,"Darkness, Lighted Road",Wet,Traffic Signal,urbana,2016,0,1,4200,POINT (-88.2061593161635 40.105589955608),POINT,-88.2061593161635,40.105589955608,-0.0029257703085398866,-0.0073604320232489055
A-Injury,pedalcyclist,Clear,Darkness,Dry,Stop Sign/Flasher,urbana,2016,0,1,4207,POINT (-88.2014299047317 40.1128763520162),POINT,-88.2014299047317,40.1128763520162,-0.002979552658859019,-0.00717772339286839
A-Injury,pedestrian,Clear,Daylight,Dry,Traffic Signal,champaign,2016,0,1,4208,POINT (-88.2411700570621 40.116339997755),POINT,-88.2411700570621,40.116339997755,-0.0025276319864471573,-0.007090871410954938
A-Injury,pedalcyclist,Clear,Daylight,Dry,Stop Sign/Flasher,champaign,2013,0,1,2601,POINT (-88.238521640447 40.096671779313),POINT,-88.238521640447,40.096671779313,-0.0025577494909693496,-0.007584058036036123
A-Injury,pedalcyclist,Clear,Daylight,Dry,No Controls,urbana,2013,0,1,2610,POINT (-88.2050401690877 40.1140673380323),POINT,-88.2050401690877,40.1140673380323,-0.0029384971268675386,-0.007147859052306454
A-Injury,rear end,Clear,Daylight,Dry,Lane Use Marking,unincorporated,2004,0,2,538,POINT (-88.2450294925981 40.1815784296633),POINT,-88.2450294925981,40.1815784296633,-0.0024837429070078496,-0.0054549976711282585
A-Injury,pedalcyclist,Rain,Darkness,Wet,No Controls,champaign,2013,0,1,2630,POINT (-88.2963954343717 40.0839512507729),POINT,-88.2963954343717,40.0839512507729,-0.0018996150266617769,-0.007903029200528799
A-Injury,pedalcyclist,Clear,Daylight,Dry,Traffic Signal,urbana,2013,0,2,2643,POINT (-88.1904499067453 40.0838081334924),POINT,-88.1904499067453,40.0838081334924,-0.0031044159968713425,-0.007906617910343538
A-Injury,pedalcyclist,Clear,Daylight,Dry,No Controls,urbana,2013,0,1,2648,POINT (-88.1945582724899 40.1056800005887),POINT,-88.1945582724899,40.105680000588706,-0.0030576961102846845,-0.007358174117670479
A-Injury,pedalcyclist,Rain,"Darkness, lighted road",Wet,No Controls,champaign,2013,0,1,2656,POINT (-88.2654438017509 40.0981925834337),POINT,-88.2654438017509,40.09819258343371,-0.002251593612700878,-0.00754592340508753
A-Injury,pedalcyclist,Clear,Daylight,Dry,Traffic Signal,champaign,2014,0,1,2665,POINT (-88.2579800152708 40.1271708248376),POINT,-88.2579800152708,40.127170824837606,-0.002336470977457357,-0.00681928509156048
A-Injury,fixed object,Clear,Daylight,Dry,No Controls,unincorporated,2004,0,1,539,POINT (-88.2337160088979 40.1927110357841),POINT,-88.2337160088979,40.1927110357841,-0.0026123986081387574,-0.005175844149559031
A-Injury,fixed object,Clear,Daylight,Dry,No Controls,unincorporated,2004,0,1,540,POINT (-88.2262868188293 40.200067238105),POINT,-88.2262868188293,40.200067238105,-0.002696882546281867,-0.004991385114453368
A-Injury,pedalcyclist,Clear,Daylight,Dry,Traffic Signal,champaign,2014,0,1,2666,POINT (-88.2772300013583 40.139230000616),POINT,-88.2772300013583,40.139230000616,-0.002117562237897096,-0.006516897550922425
A-Injury,pedalcyclist,Clear,Daylight,Dry,Stop Sign/Flasher,unincorporated,2014,0,1,2670,POINT (-88.2981099997262 40.0985200000882),POINT,-88.2981099997262,40.09852000008821,-0.0018801171766924822,-0.007537713331800807
A-Injury,pedalcyclist,Clear,Daylight,Dry,No Controls,urbana,2014,0,1,2675,POINT (-88.2214592818402 40.1090807738953),POINT,-88.2214592818402,40.1090807738953,-0.0027517807697226603,-0.007272898681326731
A-Injury,pedalcyclist,Rain,Daylight,Wet,Stop Sign/Flasher,urbana,2014,0,1,2685,POINT (-88.190670447744 40.094759997129),POINT,-88.190670447744,40.094759997129,-0.003101908028718707,-0.007631996562140841
A-Injury,pedalcyclist,Clear,Daylight,Dry,Traffic Signal,savoy,2014,0,1,2696,POINT (-88.2514200002071 40.054489999205),POINT,-88.2514200002071,40.054489999204996,-0.002411070752364356,-0.008641779142435788
A-Injury,pedalcyclist,Clear,Daylight,Dry,Traffic Signal,champaign,2012,0,1,2700,POINT (-88.2951600011631 40.0839462307578),POINT,-88.2951600011631,40.083946230757796,-0.0019136642381925044,-0.00790315507895106
A-Injury,pedalcyclist,Clear,Daylight,Dry,Stop Sign/Flasher,urbana,2012,0,1,2708,POINT (-88.2241292934284 40.1231300318488),POINT,-88.2241292934284,40.123130031848795,-0.0027214176895246247,-0.006920609218231127
A-Injury,pedalcyclist,Clear,Daylight,Dry,Stop Sign/Flasher,urbana,2012,0,1,2714,POINT (-88.217379542788 40.116450000784),POINT,-88.217379542788,40.116450000784,-0.002798175116689595,-0.007088113051178661
A-Injury,pedalcyclist,Clear,Daylight,Dry,Traffic Signal,urbana,2012,0,1,2716,POINT (-88.2193802116011 40.1128301566526),POINT,-88.2193802116011,40.112830156652606,-0.002775423729433275,-0.0071788817558148315
A-Injury,angle,Snow,Daylight,Snow or Slush,Lane Use Marking,unincorporated,2004,0,3,541,POINT (-88.2032223369299 40.2241474646363),POINT,-88.2032223369299,40.224147464636296,-0.0029591693156466245,-0.004387566029914414
A-Injury,pedalcyclist,Clear,"Darkness, lighted road",Dry,Stop Sign/Flasher,champaign,2012,0,1,2728,POINT (-88.2320912295816 40.1144300513611),POINT,-88.2320912295816,40.114430051361104,-0.0026308754210870085,-0.007138763904058393
A-Injury,pedalcyclist,Clear,Daylight,Dry,Stop Sign/Flasher,unincorporated,2012,0,1,2729,POINT (-88.1691432365479 40.142120119277),POINT,-88.1691432365479,40.142120119277,-0.0033467131235258,-0.006444426936834727
A-Injury,pedalcyclist,Clear,Daylight,Dry,Traffic Signal,urbana,2011,0,1,2738,POINT (-88.2194809671345 40.1200694053865),POINT,-88.2194809671345,40.1200694053865,-0.0027742779485106757,-0.006997355367864549
A-Injury,pedalcyclist,Clear,Daylight,Dry,Traffic Signal,urbana,2011,0,1,2739,POINT (-88.2192395145701 40.105978800357),POINT,-88.2192395145701,40.105978800357,-0.0027770237207047537,-0.007350681621604552
A-Injury,pedalcyclist,Clear,Daylight,Dry,No Controls,champaign,2011,0,1,2741,POINT (-88.2575734336513 40.1090310042719),POINT,-88.2575734336513,40.1090310042719,-0.002341094579232898,-0.007274146669936864
A-Injury,pedalcyclist,Clear,Daylight,Dry,No Controls,urbana,2011,0,1,2742,POINT (-88.2271221332278 40.1127484006515),POINT,-88.2271221332278,40.1127484006515,-0.0026873834421640205,-0.007180931812681232
A-Injury,pedalcyclist,Clear,Daylight,Dry,Traffic Signal,champaign,2011,0,1,2754,POINT (-88.2451793507843 40.0944799328583),POINT,-88.2451793507843,40.0944799328583,-0.002482038736079999,-0.00763901925984383
A-Injury,fixed object,Clear,Dawn,Dry,No Controls,unincorporated,2004,0,1,542,POINT (-88.1985040292151 40.2353542276178),POINT,-88.1985040292151,40.2353542276178,-0.0030128253957086315,-0.0041065530022611815
A-Injury,pedalcyclist,Clear,"Darkness, lighted road",Dry,Stop Sign/Flasher,champaign,2011,0,1,2772,POINT (-88.2321094862598 40.1231018202746),POINT,-88.2321094862598,40.1231018202746,-0.002630667808136235,-0.006921316632128697
A-Injury,pedalcyclist,Clear,Daylight,Dry,Traffic Signal,champaign,2011,0,1,2774,POINT (-88.2576295460503 40.098149983044),POINT,-88.2576295460503,40.098149983044,-0.002340456475159387,-0.007546991622958283
A-Injury,pedalcyclist,Clear,Daylight,Dry,No Controls,urbana,2011,0,1,2776,POINT (-88.2223906657727 40.1128536578231),POINT,-88.2223906657727,40.1128536578231,-0.002741189173355488,-0.007178292456738431
A-Injury,pedalcyclist,Rain,Darkness,Wet,Traffic Signal,champaign,2011,0,1,2787,POINT (-88.2828294336201 40.1128906489453),POINT,-88.2828294336201,40.112890648945296,-0.0020538861057113607,-0.00717736489297527
A-Injury,pedalcyclist,Clear,Daylight,Dry,Stop Sign/Flasher,champaign,2010,0,1,2794,POINT (-88.2452205430016 40.1202116119752),POINT,-88.2452205430016,40.1202116119752,-0.0024815703026833755,-0.006993789493926789
A-Injury,other non collision,Clear,Darkness,Dry,Lane Use Marking,unincorporated,2004,0,1,543,POINT (-88.1916564839616 40.2519139809205),POINT,-88.1916564839616,40.2519139809205,-0.0030906949325339213,-0.003691312096348925
A-Injury,fixed object,Snow,Daylight,Ice,No Controls,unincorporated,2004,0,1,544,POINT (-88.1605035739422 40.3472433733676),POINT,-88.1605035739422,40.3472433733676,-0.0034449624231690954,-0.0013008982685450187
A-Injury,pedalcyclist,Clear,Daylight,Dry,No Controls,urbana,2010,0,1,2821,POINT (-88.1906703141254 40.0949729123587),POINT,-88.1906703141254,40.094972912358706,-0.003101909548214821,-0.007626657647288168
A-Injury,pedalcyclist,Clear,Daylight,Dry,Stop Sign/Flasher,champaign,2010,0,1,2822,POINT (-88.2451672678201 40.1144299014552),POINT,-88.2451672678201,40.1144299014552,-0.00248217614222939,-0.007138767662994954
A-Injury,pedalcyclist,Clear,Daylight,Dry,Traffic Signal,urbana,2010,0,1,2823,POINT (-88.2191305958169 40.1006490504101),POINT,-88.2191305958169,40.100649050410105,-0.002778262332871477,-0.007484326740331873
A-Injury,pedalcyclist,Clear,Daylight,Dry,Lane Use Marking,champaign,2010,0,1,2834,POINT (-88.233343396156 40.1102842271743),POINT,-88.233343396156,40.1102842271743,-0.002616635919547833,-0.0072427217203141405
A-Injury,pedalcyclist,Clear,Daylight,Dry,Stop Sign/Flasher,urbana,2010,0,2,2837,POINT (-88.1945610609635 40.1056791167094),POINT,-88.1945610609635,40.105679116709396,-0.0030576644000674907,-0.007358196281215938
A-Injury,pedalcyclist,Rain,"Darkness, lighted road",Dry,Traffic Signal,rantoul,2010,0,1,2841,POINT (-88.1365217326012 40.3121193053789),POINT,-88.1365217326012,40.3121193053789,-0.0037176813039219753,-0.0021816450734247297
A-Injury,pedalcyclist,Clear,Dusk,Dry,No Controls,unincorporated,2005,0,1,2845,POINT (-88.3090279486586 39.9672169276319),POINT,-88.3090279486586,39.967216927631895,-0.0017559594537460126,-0.010830178247140356
A-Injury,pedalcyclist,Clear,Daylight,Dry,No Controls,unincorporated,2005,0,1,2856,POINT (-88.0833097536787 39.9380197711831),POINT,-88.0833097536787,39.9380197711831,-0.00432280211712571,-0.011562305922730913
A-Injury,pedalcyclist,Clear,Daylight,Dry,Stop Sign/Flasher,champaign,2005,0,1,2863,POINT (-88.2403080396448 40.1079097123128),POINT,-88.2403080396448,40.1079097123128,-0.0025374347543786974,-0.007302263410589854
A-Injury,animal,Clear,Daylight,Dry,No Controls,unincorporated,2004,0,1,545,POINT (-88.1297306771485 40.3984399375712),POINT,-88.1297306771485,40.398439937571204,-0.0037949084449014916,-1.7128679052804593e-05
A-Injury,pedalcyclist,Clear,Daylight,Dry,Stop Sign/Flasher,champaign,2005,0,2,2872,POINT (-88.2452015302198 40.1212000109569),POINT,-88.2452015302198,40.1212000109569,-0.0024817865139615874,-0.00696900508554459
A-Injury,pedalcyclist,Clear,Daylight,Dry,Traffic Signal,champaign,2005,0,1,2877,POINT (-88.25795987083 40.1358411803525),POINT,-88.25795987083,40.1358411803525,-0.0023367000578381858,-0.006601873261035275
A-Injury,pedalcyclist,Rain,"Darkness, lighted road",Wet,Traffic Signal,urbana,2005,0,1,2885,POINT (-88.2192974816069 40.1090816899573),POINT,-88.2192974816069,40.1090816899573,-0.002776364525892702,-0.007272875710790418
A-Injury,pedalcyclist,Clear,Daylight,Dry,No Controls,urbana,2005,0,1,2907,POINT (-88.1957224019947 40.0983651834889),POINT,-88.1957224019947,40.0983651834889,-0.0030444577566867918,-0.007541595405631911
A-Injury,pedalcyclist,Clear,Daylight,Dry,No Controls,champaign,2005,0,1,2910,POINT (-88.2895555339923 40.0838593334532),POINT,-88.2895555339923,40.083859333453205,-0.0019773976268136423,-0.007905334055583147
A-Injury,head on,Clear,Darkness,Dry,Lane Use Marking,mahomet,2004,0,2,546,POINT (-88.3938817076562 40.1966022283562),POINT,-88.3938817076562,40.196602228356205,-0.0007910117730213386,-0.005078271299336892
A-Injury,pedalcyclist,Clear,Daylight,Dry,Traffic Signal,champaign,2006,0,1,2925,POINT (-88.2385192511974 40.0980520458977),POINT,-88.2385192511974,40.0980520458977,-0.0025577766612548984,-0.007549447427015798
A-Injury,pedalcyclist,Clear,Daylight,Dry,No Controls,champaign,2006,0,1,2926,POINT (-88.2354082155845 40.1160718717565),POINT,-88.2354082155845,40.1160718717565,-0.002593155018499007,-0.007097594752811466
A-Injury,pedalcyclist,Clear,Dusk,Dry,No Controls,champaign,2006,0,1,2928,POINT (-88.2321202573035 40.1221311113007),POINT,-88.2321202573035,40.1221311113007,-0.002630545321003492,-0.006945657458125887
A-Injury,pedalcyclist,Clear,Daylight,Dry,Traffic Signal,champaign,2006,0,1,2930,POINT (-88.2468799987227 40.0835899709075),POINT,-88.2468799987227,40.083589970907504,-0.002462699153446532,-0.007912088404241084
A-Injury,pedalcyclist,Clear,Daylight,Dry,No Controls,champaign,2006,0,2,2949,POINT (-88.2769244718102 40.1219788830574),POINT,-88.2769244718102,40.1219788830574,-0.0021210366865522315,-0.00694947462813431
A-Injury,pedalcyclist,Clear,Daylight,Dry,Stop Sign/Flasher,champaign,2006,0,1,2953,POINT (-88.286009854965 40.1093112266959),POINT,-88.286009854965,40.1093112266959,-0.002017718701500282,-0.007267120006491288
A-Injury,pedalcyclist,Clear,"Darkness, lighted road",Dry,Stop Sign/Flasher,champaign,2006,0,1,2959,POINT (-88.2337976232451 40.1272304318773),POINT,-88.2337976232451,40.1272304318773,-0.0026114704986952854,-0.006817790426711956
A-Injury,pedalcyclist,Clear,Daylight,Dry,No Controls,champaign,2006,0,1,2960,POINT (-88.2420113332353 40.1272133866851),POINT,-88.2420113332353,40.1272133866851,-0.0025180650856786026,-0.006818217840147525
A-Injury,angle,Clear,Daylight,Dry,Lane Use Marking,unincorporated,2004,0,5,547,POINT (-88.332827574519 40.1765904125907),POINT,-88.332827574519,40.176590412590706,-0.0014853127075392816,-0.0055800737329552656
A-Injury,fixed object,Clear,"Darkness, Lighted Road",Dry,Lane Use Marking,champaign,2004,0,1,548,POINT (-88.283388797948 40.1457635755584),POINT,-88.283388797948,40.1457635755584,-0.002047525075660651,-0.0063530661502769065
A-Injury,sideswipe same direction,Clear,Daylight,Dry,Lane Use Marking,urbana,2004,0,1,549,POINT (-88.2283996459945 40.1349336827576),POINT,-88.2283996459945,40.1349336827576,-0.002672855706493956,-0.006624629042267766
A-Injury,pedalcyclist,Clear,Daylight,Dry,No Controls,champaign,2006,0,1,2973,POINT (-88.2352592343825 40.1102728847203),POINT,-88.2352592343825,40.110272884720295,-0.0025948492164584403,-0.007243006135835851
A-Injury,pedalcyclist,Clear,Daylight,Dry,No Controls,champaign,2006,0,1,2976,POINT (-88.2322316285441 40.1102982396598),POINT,-88.2322316285441,40.1102982396598,-0.0026292788194179567,-0.007242370352931603
A-Injury,pedalcyclist,Other,Daylight,Dry,No Controls,champaign,2006,0,2,2977,POINT (-88.2306496483993 40.1091355036389),POINT,-88.2306496483993,40.109135503638896,-0.0026472689248619127,-0.007271526316177587
A-Injury,pedalcyclist,Clear,Daylight,Wet,Unknown,champaign,2007,0,1,2989,POINT (-88.2708296515318 40.1183930960718),POINT,-88.2708296515318,40.1183930960718,-0.002190346317163261,-0.0070393893393677996
A-Injury,pedalcyclist,Clear,Daylight,Dry,Unknown,champaign,2007,0,1,3010,POINT (-88.2577713355649 40.1054334270971),POINT,-88.2577713355649,40.105433427097104,-0.00233884406028371,-0.007364357023789609
A-Injury,pedalcyclist,Clear,Daylight,Dry,Unknown,champaign,2007,0,1,3011,POINT (-88.2580042653602 40.1465021316114),POINT,-88.2580042653602,40.1465021316114,-0.0023361952080890157,-0.006334546630154276
A-Injury,pedalcyclist,Clear,Daylight,Dry,Unknown,champaign,2007,0,1,3013,POINT (-88.2451420548944 40.1102095693657),POINT,-88.2451420548944,40.1102095693657,-0.0024824628608669415,-0.007244593787820728
A-Injury,rear end,Clear,Daylight,Dry,Traffic Signal,urbana,2004,0,1,550,POINT (-88.2195651366074 40.1350365864752),POINT,-88.2195651366074,40.1350365864752,-0.002773320782456736,-0.006622048699907676
A-Injury,fixed object,Clear,Daylight,Dry,Lane Use Marking,urbana,2004,0,2,551,POINT (-88.2185036466549 40.1350448043447),POINT,-88.2185036466549,40.1350448043447,-0.0027853919302748458,-0.006621842634303117
A-Injury,pedalcyclist,Clear,Daylight,Dry,Stop Sign/Flasher,champaign,2008,0,1,3033,POINT (-88.2578104589552 40.1153308230046),POINT,-88.2578104589552,40.115330823004605,-0.002338399153361654,-0.007116176778125404
A-Injury,pedalcyclist,Clear,Daylight,Dry,No Controls,champaign,2008,0,1,3038,POINT (-88.2435300201306 40.1199310733712),POINT,-88.2435300201306,40.119931073371205,-0.002500794744155877,-0.007000824085682896
A-Injury,pedalcyclist,Clear,Daylight,Dry,Stop Sign/Flasher,urbana,2008,0,1,3043,POINT (-88.2095897689724 40.0983004677986),POINT,-88.2095897689724,40.0983004677986,-0.002886759573825235,-0.0075432181714651745
A-Injury,pedalcyclist,Clear,Daylight,Dry,No Controls,urbana,2008,0,1,3045,POINT (-88.2191916577329 40.1027691675909),POINT,-88.2191916577329,40.1027691675909,-0.0027775679434310935,-0.0074311641501228955
A-Injury,pedalcyclist,Clear,Daylight,Dry,No Controls,sidney,2008,0,1,3050,POINT (-88.0732927053317 40.0212770604425),POINT,-88.0732927053317,40.0212770604425,-0.004436714896999444,-0.009474603794328252
A-Injury,pedalcyclist,Clear,Daylight,Dry,Lane Use Marking,unincorporated,2008,0,1,3052,POINT (-87.9588764649125 40.123531906119),POINT,-87.9588764649125,40.123531906119,-0.0057378438880302625,-0.0069105320973361735
A-Injury,pedalcyclist,Unknown,"Darkness, lighted road",Unknown,Unknown,champaign,2008,0,1,3055,POINT (-88.243718748385 40.1379710246987),POINT,-88.243718748385,40.1379710246987,-0.002498648547057219,-0.006548466759162812
A-Injury,pedalcyclist,Clear,Daylight,Dry,No Controls,champaign,2008,0,1,3057,POINT (-88.2465231903326 40.0861055426087),POINT,-88.2465231903326,40.086105542608706,-0.002466756739492993,-0.007849009670337226
A-Injury,pedalcyclist,Clear,Daylight,Dry,No Controls,champaign,2008,0,1,3063,POINT (-88.2687327615422 40.1102509224503),POINT,-88.2687327615422,40.11025092245029,-0.0022141919211306482,-0.007243556846509241
A-Injury,overturned,Clear,Darkness,Dry,No Controls,unincorporated,1999,0,3,428,POINT (-88.3032752822048 39.9532566243439),POINT,-88.3032752822048,39.9532566243439,-0.001821378148429119,-0.01118023714464647
A-Injury,pedalcyclist,Clear,Daylight,Dry,Stop Sign/Flasher,champaign,2008,0,1,3082,POINT (-88.2387090408223 40.1102298946413),POINT,-88.2387090408223,40.1102298946413,-0.0025556183943668542,-0.007244084125285388
A-Injury,pedalcyclist,Clear,"Darkness, lighted road",Ice,No Controls,champaign,2008,0,2,3094,POINT (-88.2579443945964 40.1239905992661),POINT,-88.2579443945964,40.1239905992661,-0.0023368760518767337,-0.006899030225632112
A-Injury,pedalcyclist,Clear,Daylight,Dry,No Controls,champaign,2008,0,1,3095,POINT (-88.2451556029241 40.102278905116),POINT,-88.2451556029241,40.102278905116,-0.0024823087941527396,-0.007443457632428468
A-Injury,pedalcyclist,Clear,Daylight,Dry,Stop Sign/Flasher,champaign,2009,0,1,3099,POINT (-88.2539690304555 40.1101398853912),POINT,-88.2539690304555,40.1101398853912,-0.0023820834587507745,-0.007246341134908016
A-Injury,head on,Clear,Daylight,Dry,Other,unincorporated,2005,0,2,566,POINT (-88.2243506801254 40.3116337826358),POINT,-88.2243506801254,40.3116337826358,-0.0027189001041833297,-0.0021938197054980307
A-Injury,pedalcyclist,Clear,Daylight,Wet,Stop Sign/Flasher,urbana,2009,0,1,3116,POINT (-88.2192505162804 40.106470328467),POINT,-88.2192505162804,40.106470328467005,-0.002776898610456782,-0.0073383564031095335
A-Injury,pedalcyclist,Rain,Daylight,Wet,Traffic Signal,champaign,2009,0,1,3118,POINT (-88.2689082271456 40.0982200985688),POINT,-88.2689082271456,40.098220098568795,-0.002212196545450738,-0.007545233454614763
A-Injury,pedalcyclist,Clear,Daylight,Dry,No Controls,champaign,2009,0,1,3120,POINT (-88.2384601964276 40.1272310959015),POINT,-88.2384601964276,40.1272310959015,-0.002558448225647966,-0.006817773776100985
A-Injury,rear end,Clear,Daylight,Dry,Lane Use Marking,unincorporated,2004,0,2,552,POINT (-88.2056269549977 40.1351197211784),POINT,-88.2056269549977,40.1351197211784,-0.0029318242615799274,-0.006619964071662501
A-Injury,pedalcyclist,Clear,Daylight,Dry,Stop Sign/Flasher,urbana,2009,0,1,3125,POINT (-88.2073099058583 40.1092498606577),POINT,-88.2073099058583,40.1092498606577,-0.00291268592818266,-0.007268658778768256
A-Injury,pedalcyclist,Clear,Daylight,Dry,No Controls,urbana,2009,0,1,3134,POINT (-88.2036431502207 40.1188225854273),POINT,-88.2036431502207,40.118822585427296,-0.002954383872859242,-0.007028619761717922
A-Injury,pedalcyclist,Clear,Daylight,Dry,Lane Use Marking,unincorporated,2009,0,1,3145,POINT (-88.1703056683161 40.1124224849797),POINT,-88.1703056683161,40.1124224849797,-0.00333349407640304,-0.007189104248365095
A-Injury,pedalcyclist,Clear,Daylight,Wet,No Controls,champaign,2009,0,1,3146,POINT (-88.2387113515052 40.1103655802046),POINT,-88.2387113515052,40.1103655802046,-0.002555592117533236,-0.0072406817680645864
A-Injury,pedalcyclist,Clear,Daylight,Dry,No Controls,champaign,2009,0,1,3150,POINT (-88.2290687235089 40.1163957470726),POINT,-88.2290687235089,40.1163957470726,-0.002665247030067898,-0.0070894734796740555
A-Injury,pedalcyclist,Clear,Daylight,Dry,No Controls,urbana,2009,0,1,3153,POINT (-88.2214698894352 40.1059893569774),POINT,-88.2214698894352,40.1059893569774,-0.0027516601413107235,-0.007350416911101969