crash_severity,collision_type,weather,light,road_surface,traffic_control,city,year,fatality,injury,id,Geometry,point,x,y,norm_x,norm_y
A-Injury,pedalcyclist,Clear,Daylight,Dry,Traffic Signal,champaign,2009,0,1,3159,POINT (-88.2335627605609 40.1163558711113),POINT,-88.2335627605609,40.116355871111296,-0.0026141413314913803,-0.007090473381665001
A-Injury,pedalcyclist,Rain,Daylight,Wet,Stop Sign/Flasher,champaign,2009,0,1,3160,POINT (-88.2353925012987 40.1126505144021),POINT,-88.2353925012987,40.112650514402105,-0.0025933337196409564,-0.007183386340483129
A-Injury,pedalcyclist,Rain,Daylight,Wet,Stop Sign/Flasher,urbana,2009,0,1,3161,POINT (-88.2048612957363 40.0946794861427),POINT,-88.2048612957363,40.0946794861427,-0.0029405312550855184,-0.007634015399878118
A-Injury,pedalcyclist,Clear,Daylight,Dry,Other Warning Sign,urbana,2015,0,1,3173,POINT (-88.2238781868021 40.1078989868156),POINT,-88.2238781868021,40.1078989868156,-0.0027242732466564844,-0.007302532355730002
A-Injury,turning,Clear,Daylight,Dry,No Controls,urbana,2000,0,2,268,POINT (-88.2004532741929 40.1253133664189),POINT,-88.2004532741929,40.1253133664189,-0.0029906587946917015,-0.006865861432546889
A-Injury,overturned,Clear,Darkness,Dry,Other,urbana,2004,0,1,553,POINT (-88.2047652640773 40.1350821313909),POINT,-88.2047652640773,40.1350821313909,-0.0029416233166243482,-0.006620906647142194
A-Injury,pedalcyclist,Clear,Daylight,Dry,Stop Sign/Flasher,urbana,2015,0,1,3177,POINT (-88.2159898117218 40.1055501082369),POINT,-88.2159898117218,40.1055501082369,-0.0028139789866064957,-0.007361431208331785
A-Injury,pedalcyclist,Rain,Daylight,Dry,No Controls,urbana,2015,0,2,3181,POINT (-88.2255807766883 40.1105586460607),POINT,-88.2255807766883,40.1105586460607,-0.002704911580404701,-0.007235840582358303
A-Injury,pedalcyclist,Clear,Daylight,Dry,No Controls,champaign,2015,0,1,3183,POINT (-88.2296420935003 40.1273273049038),POINT,-88.2296420935003,40.1273273049038,-0.0026587267291415186,-0.006815361305785632
A-Injury,pedalcyclist,Clear,Daylight,Dry,Stop Sign/Flasher,champaign,2015,0,1,3188,POINT (-88.2575500004971 40.0896899994802),POINT,-88.2575500004971,40.08968999948021,-0.0023413610585033755,-0.007759128312123841
A-Injury,pedalcyclist,Clear,"Darkness, Lighted Road",Dry,No Controls,champaign,2015,0,1,3199,POINT (-88.2499931481112 40.1126099997837),POINT,-88.2499931481112,40.1126099997837,-0.0024272967585772104,-0.0071844022569972025
A-Injury,pedalcyclist,Clear,Daylight,Dry,No Controls,unincorporated,2015,0,1,3208,POINT (-88.1364879739463 40.3274306821372),POINT,-88.1364879739463,40.327430682137205,-0.003718065203658757,-0.001797707593218101
A-Injury,parked motor vehicle,Cloudy/Overcast,Daylight,Wet,Lane Use Marking,unincorporated,2017,0,2,4215,POINT (-88.1547400008431 40.3547769993214),POINT,-88.1547400008431,40.3547769993214,-0.0035105051470313213,-0.0011119902812894518
A-Injury,overturned,Sleet/Hail,Daylight,Ice,Lane Use Marking,unincorporated,2017,0,2,4217,POINT (-88.3037278308057 40.0440631089145),POINT,-88.3037278308057,40.0440631089145,-0.0018162318151609587,-0.00890323662256426
A-Injury,turning,Clear,Darkness,Dry,Traffic Signal,champaign,2017,0,4,4221,POINT (-88.2438100020065 40.1027699973246),POINT,-88.2438100020065,40.1027699973246,-0.0024976108208391245,-0.007431143344295229
A-Injury,fixed object,Clear,Darkness,Dry,Lane Use Marking,unincorporated,2017,0,1,4222,POINT (-88.3035310014043 39.9904449995333),POINT,-88.3035310014043,39.990444999533295,-0.0018184701376186357,-0.010247727201969346
A-Injury,rear end,Clear,"Darkness, Lighted Road",Dry,Lane Use Marking,champaign,2017,0,2,4223,POINT (-88.2797698541232 40.1128602288735),POINT,-88.2797698541232,40.1128602288735,-0.002088679309623536,-0.00717812768562919
A-Injury,pedestrian,Clear,Daylight,Dry,Traffic Signal,urbana,2017,0,1,4224,POINT (-88.2144299805763 40.116461428262),POINT,-88.2144299805763,40.116461428262,-0.0028317172160491552,-0.007087826503654046
A-Injury,overturned,Snow,Darkness,Snow or Slush,No Controls,st joseph,2017,0,1,4225,POINT (-88.0333000006917 40.1132999987383),POINT,-88.0333000006917,40.1132999987383,-0.004891507566695564,-0.0071671003210475115
A-Injury,head on,Clear,Daylight,Dry,Lane Use Marking,unincorporated,2017,0,1,4226,POINT (-88.3342750003774 40.1695759994718),POINT,-88.3342750003774,40.169575999471796,-0.001468852738746091,-0.005755962298726577
A-Injury,overturned,Clear,Darkness,Dry,No Controls,unincorporated,2017,0,1,4227,POINT (-87.9577198766149 39.9887690043726),POINT,-87.9577198766149,39.9887690043726,-0.005750996483843467,-0.010289753295964257
A-Injury,rear end,Clear,Daylight,Dry,No Controls,urbana,2017,0,1,4228,POINT (-88.2043935684856 40.1174467960407),POINT,-88.2043935684856,40.1174467960407,-0.0029458501983014754,-0.007063118103618952
A-Injury,overturned,Clear,Daylight,Dry,Lane Use Marking,urbana,2004,0,2,554,POINT (-88.1990210087217 40.1344895225517),POINT,-88.1990210087217,40.1344895225517,-0.0030069463612171898,-0.0066357664960024045
A-Injury,fixed object,Clear,Daylight,Dry,Lane Use Marking,unincorporated,2004,0,1,555,POINT (-88.1092985815934 40.1206411501082),POINT,-88.1092985815934,40.120641150108206,-0.00402726000423314,-0.006983018693165893
A-Injury,fixed object,Severe cross wind,Darkness,Dry,Unkown,unincorporated,2002,0,3,137,POINT (-88.16371056183 40.3431806810782),POINT,-88.16371056183,40.3431806810782,-0.003408492907133404,-0.0014027715269114894
A-Injury,parked motor vehicle,Clear,Darkness,Unkown,No Controls,savoy,2015,0,1,2542,POINT (-88.2535614609265 40.0514405522925),POINT,-88.2535614609265,40.0514405522925,-0.0023867182949251216,-0.008718244961420592
A-Injury,fixed object,Clear,Darkness,Dry,Unkown,mahomet,2016,0,1,4102,POINT (-88.3789676309141 40.1915067562153),POINT,-88.3789676309141,40.1915067562153,-0.0009606130250159153,-0.005206041830042586
A-Injury,rear end,Clear,Darkness,Dry,Lane Use Marking,unincorporated,2017,0,2,4229,POINT (-88.1373700006327 40.3611099990228),POINT,-88.1373700006327,40.3611099990228,-0.0037080348925042353,-0.0009531883664854302
A-Injury,head on,Snow,Daylight,Snow or Slush,No Controls,tolono,2017,0,3,4232,POINT (-88.2663000010807 40.0246999991579),POINT,-88.2663000010807,40.0246999991579,-0.0022418570074251936,-0.009388772553543152
A-Injury,angle,Clear,Daylight,Dry,Stop Sign/Flasher,champaign,2017,0,1,4234,POINT (-88.2591600018975 40.1326899980798),POINT,-88.2591600018975,40.1326899980798,-0.002323052298400982,-0.006680890125459109
A-Injury,angle,Clear,Daylight,Dry,Stop Sign/Flasher,champaign,2017,0,1,4235,POINT (-88.2577500024471 40.1090299982779),POINT,-88.2577500024471,40.1090299982779,-0.0023390866581696162,-0.007274171895545765
A-Injury,turning,Clear,Daylight,Dry,Lane Use Marking,unincorporated,2017,0,3,4238,POINT (-88.4265978733781 40.1105882601382),POINT,-88.4265978733781,40.1105882601382,-0.0004189671092553587,-0.0072350980002592125
A-Injury,head on,Rain,"Darkness, Lighted Road",Wet,No Controls,champaign,2017,0,2,4240,POINT (-88.2591000005158 40.1271999995199),POINT,-88.2591000005158,40.127199999519895,-0.002323734627561098,-0.006818553527431343
A-Injury,rear end,Clear,Daylight,Wet,No Controls,champaign,2017,0,1,4241,POINT (-88.2774000012049 40.1933999990285),POINT,-88.2774000012049,40.1933999990285,-0.0021156290182067806,-0.005158568184361031
A-Injury,angle,Fog/Smoke/Haze,Daylight,Wet,Stop Sign/Flasher,unincorporated,2017,0,3,4242,POINT (-88.1167199969009 40.2391790605105),POINT,-88.1167199969009,40.2391790605105,-0.003942864479824222,-0.00401064414140452
A-Injury,angle,Clear,Daylight,Dry,No Controls,champaign,2017,0,1,4243,POINT (-88.2754369567435 40.1128347974391),POINT,-88.2754369567435,40.112834797439106,-0.0021379525454441766,-0.0071787653866663805
A-Injury,other object,Clear,Daylight,Dry,Stop Sign/Flasher,unincorporated,2017,0,3,4246,POINT (-88.2902000008158 40.35499999862),POINT,-88.2902000008158,40.35499999862,-0.0019700688204768516,-0.0011063985053084977
A-Injury,turning,Clear,Daylight,Ice,Stop Sign/Flasher,unincorporated,2017,0,2,4247,POINT (-88.4230545325764 40.3108816795998),POINT,-88.4230545325764,40.310881679599795,-0.00045926159389583706,-0.002212678920384996
A-Injury,rear end,Clear,Daylight,Dry,No Controls,urbana,2017,0,1,4248,POINT (-88.1905000012864 40.0876999990885),POINT,-88.1905000012864,40.0876999990885,-0.00310384632722067,-0.00780902818383772
A-Injury,pedestrian,Clear,Daylight,Dry,Traffic Signal,champaign,2017,0,1,4249,POINT (-88.2289300019827 40.1163999978894),POINT,-88.2289300019827,40.1163999978894,-0.0026668245561145124,-0.0070893668891357205
A-Injury,turning,Clear,"Darkness, Lighted Road",Dry,Stop Sign/Flasher,champaign,2017,0,4,4250,POINT (-88.2766000014897 40.1065999993232),POINT,-88.2766000014897,40.1065999993232,-0.0021247265276027145,-0.007335104866518785
A-Injury,angle,Clear,Daylight,Dry,Stop Sign/Flasher,unincorporated,2017,0,2,4251,POINT (-88.2091900315803 40.0691199975197),POINT,-88.2091900315803,40.0691199975197,-0.0028913053437942195,-0.008274927436214947
A-Injury,other object,Clear,Daylight,Dry,Stop Sign/Flasher,tolono,2017,0,3,4253,POINT (-88.2379000010851 40.0103999988507),POINT,-88.2379000010851,40.0103999988507,-0.002564818705905826,-0.009747349458257032
A-Injury,angle,Clear,Daylight,Dry,No Controls,unincorporated,2017,0,3,4255,POINT (-88.0209050120218 40.2396003267284),POINT,-88.0209050120218,40.23960032672839,-0.005032462024234237,-0.004000080761458578
A-Injury,turning,Clear,Daylight,Dry,No Controls,champaign,2017,0,1,4256,POINT (-88.2747000011149 40.1162999992762),POINT,-88.2747000011149,40.1162999992762,-0.002146333124372271,-0.00709187438510965
A-Injury,fixed object,Rain,"Darkness, Lighted Road",Wet,No Controls,champaign,2017,0,2,4257,POINT (-88.2783000011695 40.0687999993485),POINT,-88.2783000011695,40.0687999993485,-0.00210539431689532,-0.008282951488751873
A-Injury,head on,Clear,Daylight,Dry,Traffic Signal,champaign,2017,0,3,4258,POINT (-88.2769000010503 40.1274999991577),POINT,-88.2769000010503,40.127499999157706,-0.0021213149653615676,-0.006811030944268368
A-Injury,overturned,Severe Cross Wind,Daylight,Dry,No Controls,tolono,2017,0,1,4259,POINT (-88.2838000008069 39.9668999989661),POINT,-88.2838000008069,39.966899998966106,-0.002042848921655343,-0.010838125330885287
A-Injury,rear end,Clear,Daylight,Dry,No Controls,urbana,2017,0,1,4260,POINT (-88.1906600016433 40.1420099980606),POINT,-88.1906600016433,40.1420099980606,-0.003102026820635114,-0.006447188260196428
A-Injury,angle,Cloudy/Overcast,Daylight,Dry,Stop Sign/Flasher,urbana,2017,0,4,4262,POINT (-88.2256900014772 40.1163999974286),POINT,-88.2256900014772,40.1163999974286,-0.002703669488033399,-0.007089366900690452
A-Injury,fixed object,Clear,Darkness,Dry,Stop Sign/Flasher,unincorporated,2017,0,1,4266,POINT (-88.1373000006825 40.3590999991705),POINT,-88.1373000006825,40.359099999170496,-0.0037088309242934367,-0.0010035897308232995
A-Injury,angle,Clear,Daylight,Dry,Traffic Signal,urbana,2017,0,2,4267,POINT (-88.2090200022449 40.1165099978658),POINT,-88.2090200022449,40.1165099978658,-0.0028932388988281385,-0.007086608605904461
A-Injury,rear end,Rain,Daylight,Wet,No Controls,urbana,2017,0,2,4268,POINT (-88.2277000009954 40.1274999991495),POINT,-88.2277000009954,40.1274999991495,-0.002680811993017847,-0.006811030944474156
A-Injury,angle,Clear,Daylight,Dry,Stop Sign/Flasher,unincorporated,2017,0,2,4271,POINT (-88.2329300007954 40.3115899993534),POINT,-88.2329300007954,40.3115899993534,-0.002621337006442999,-0.00219491758476685
A-Injury,fixed object,Clear,Daylight,Dry,No Controls,rantoul,2017,0,1,4272,POINT (-88.1582290005961 40.3081889991685),POINT,-88.1582290005961,40.3081889991685,-0.003470828622862365,-0.002280198710153891
A-Injury,sideswipe same direction,Clear,Daylight,Dry,Other Regualtory Sign,unincorporated,2004,0,3,556,POINT (-88.1064875376479 40.1206652719281),POINT,-88.1064875376479,40.120665271928104,-0.004059226888996618,-0.006982413831114896
A-Injury,overturned,Severe Cross Wind,Daylight,Dry,No Controls,champaign,2017,0,1,4273,POINT (-88.3594000010832 40.1274999990116),POINT,-88.3594000010832,40.127499999011604,-0.0011831339745373146,-0.006811030947931916
A-Injury,overturned,Clear,Daylight,Dry,Lane Use Marking,unincorporated,2017,0,1,4275,POINT (-88.1759880013065 40.2697499989853),POINT,-88.1759880013065,40.2697499989853,-0.0032688752061849767,-0.003244068459097019
A-Injury,rear end,Clear,Daylight,Dry,Lane Use Marking,unincorporated,2017,0,2,4276,POINT (-88.1612410013214 39.9610409991438),POINT,-88.1612410013214,39.9610409991438,-0.0034365764795447427,-0.010985041552974069
A-Injury,rear end,Clear,Daylight,Dry,Lane Use Marking,unincorporated,2017,0,1,4277,POINT (-88.1588330005604 40.3495919987948),POINT,-88.1588330005604,40.3495919987948,-0.0034639600012290298,-0.0012420057637948887
A-Injury,turning,Clear,Daylight,Dry,Stop Sign/Flasher,unincorporated,2017,0,3,4278,POINT (-88.3848400004246 40.3254099990214),POINT,-88.3848400004246,40.325409999021396,-0.0008938330802444216,-0.0018483768436732592
A-Injury,rear end,Clear,Daylight,Dry,Other Warning Sign,champaign,2017,0,1,4279,POINT (-88.2698600004037 40.1371599994992),POINT,-88.2698600004037,40.137159999499204,-0.0022013730838996706,-0.006568803465416861
A-Injury,angle,Clear,Daylight,Dry,Stop Sign/Flasher,urbana,2017,0,2,4280,POINT (-88.1629000012376 40.1493999991251),POINT,-88.1629000012376,40.1493999991251,-0.0034177105136715415,-0.006261881711202417
A-Injury,turning,Clear,Daylight,Dry,Traffic Signal,urbana,2017,0,1,4283,POINT (-88.1994314804257 40.1273899980592),POINT,-88.1994314804257,40.1273899980592,-0.0030022785218255395,-0.0068137892556368925
A-Injury,rear end,Clear,Daylight,Dry,No Controls,urbana,2017,0,1,4285,POINT (-88.1627000007434 40.1104999989548),POINT,-88.1627000007434,40.11049999895479,-0.0034199848974502344,-0.007237311176571985
A-Injury,turning,Clear,Daylight,Dry,No Controls,urbana,2017,0,1,4286,POINT (-88.198800001084 40.127499999432),POINT,-88.198800001084,40.127499999432004,-0.0030094596359376683,-0.0068110309373902635
A-Injury,pedalcyclist,Clear,Daylight,Dry,Lane Use Marking,unincorporated,2017,0,1,4288,POINT (-87.9585560012384 40.0842939992593),POINT,-87.9585560012384,40.084293999259295,-0.005741488165935362,-0.007894434676842988
A-Injury,turning,Clear,Daylight,Dry,Traffic Signal,champaign,2017,0,2,4289,POINT (-88.2578000011747 40.1162999992739),POINT,-88.2578000011747,40.1162999992739,-0.0023385180780994934,-0.007091874385167377
A-Injury,fixed object,Cloudy/Overcast,Daylight,Dry,No Controls,savoy,2017,0,1,4290,POINT (-88.251600001287 40.0514999994851),POINT,-88.251600001287,40.0514999994851,-0.0024090237997410812,-0.008716754304787007
A-Injury,head on,Clear,Daylight,Dry,Lane Use Marking,unincorporated,2017,0,5,4291,POINT (-88.1616190012989 40.0356329993982),POINT,-88.1616190012989,40.0356329993982,-0.0034322779050807075,-0.009114624210803014
A-Injury,fixed object,Clear,Daylight,Dry,No Controls,unincorporated,2017,0,1,4293,POINT (-88.3806000006737 40.1282999987448),POINT,-88.3806000006737,40.1282999987448,-0.0009420498943755084,-0.006790970708635485
A-Injury,sideswipe opposite direction,Clear,Daylight,Dry,No Controls,rantoul,2017,0,1,4294,POINT (-88.1275280856221 40.3121800079479),POINT,-88.1275280856221,40.312180007947894,-0.0038199560752020132,-0.002180122937842169
A-Injury,fixed object,Clear,Daylight,Dry,No Controls,urbana,2017,0,1,4295,POINT (-88.1901000013351 40.0545999991929),POINT,-88.1901000013351,40.0545999991929,-0.003108395082984175,-0.00863902085891589
A-Injury,head on,Clear,Daylight,Dry,No Controls,unincorporated,2017,0,1,4297,POINT (-88.0665000006531 40.0103999989023),POINT,-88.0665000006531,40.010399998902294,-0.0045139607927958784,-0.009747349456963334
A-Injury,turning,Clear,Daylight,Dry,No Controls,unincorporated,2017,0,1,4299,POINT (-88.2698400180198 40.2237510384162),POINT,-88.2698400180198,40.223751038416204,-0.002201600321387056,-0.00439750653927766
A-Injury,rear end,Clear,Darkness,Dry,No Controls,champaign,2017,0,2,4300,POINT (-88.2994000008749 40.0985999990457),POINT,-88.2994000008749,40.0985999990457,-0.0018654474245061526,-0.007535707333343259
A-Injury,fixed object,Clear,Daylight,Dry,No Controls,unincorporated,2017,0,2,4301,POINT (-88.1450000009711 40.122699999044),POINT,-88.1450000009711,40.122699999044,-0.00362126736190291,-0.006931392423039209
A-Injury,angle,Clear,Daylight,Dry,Stop Sign/Flasher,urbana,2017,0,1,4302,POINT (-88.227200000954 40.1221999994161),POINT,-88.227200000954,40.122199999416104,-0.0026864979388852945,-0.006943930067450276
A-Injury,pedestrian,Clear,Daylight,Dry,No Controls,champaign,2017,0,1,4304,POINT (-88.2641000014112 40.1280999995),POINT,-88.2641000014112,40.1280999995,-0.002266875163412119,-0.006795985751195245
A-Injury,pedestrian,Clear,"Darkness, Lighted Road",Dry,Traffic Signal,champaign,2017,0,2,4305,POINT (-88.286060001989 40.1129099976613),POINT,-88.286060001989,40.1129099976613,-0.0020171484350197636,-0.007176879717972118
A-Injury,rear end,Rain,Daylight,Wet,Lane Use Marking,unincorporated,2017,0,1,4308,POINT (-88.1605300009251 39.8944999994672),POINT,-88.1605300009251,39.8944999994672,-0.0034446618984054103,-0.012653577580108636
A-Injury,turning,Rain,"Darkness, Lighted Road",Wet,Stop Sign/Flasher,champaign,2017,0,4,4309,POINT (-88.2579500017882 40.1258599980425),POINT,-88.2579500017882,40.1258599980425,-0.0023368122875038182,-0.0068521544765050525
A-Injury,sideswipe same direction,Clear,Darkness,Dry,Lane Use Marking,unincorporated,2017,0,2,4310,POINT (-88.1453210010961 40.1205089987938),POINT,-88.1453210010961,40.120508998793795,-0.0036176169835367834,-0.006986332428009057
A-Injury,rear end,Clear,Daylight,Dry,Lane Use Marking,unincorporated,2017,0,1,4311,POINT (-87.963322001469 40.1199589993278),POINT,-87.963322001469,40.1199589993278,-0.005687289731792102,-0.00700012383373453
A-Injury,angle,Clear,Daylight,Dry,Traffic Signal,champaign,2017,0,1,4312,POINT (-88.2438000006458 40.1026999992685),POINT,-88.2438000006458,40.102699999268495,-0.0024977245552207047,-0.007432898567075298
A-Injury,turning,Clear,"Darkness, Lighted Road",Dry,Traffic Signal,urbana,2017,0,2,4313,POINT (-88.1978064254753 40.1302732568083),POINT,-88.1978064254753,40.130273256808294,-0.003020758469254599,-0.006741490655949547
A-Injury,angle,Clear,Daylight,Dry,Traffic Signal,champaign,2017,0,8,4314,POINT (-88.2437000015213 40.1378999988415),POINT,-88.2437000015213,40.1378999988415,-0.0024988617343439587,-0.006550247754371434
A-Injury,overturned,Clear,Darkness,Dry,Lane Use Marking,unincorporated,2017,0,2,4316,POINT (-88.3025300004091 40.0809999994905),POINT,-88.3025300004091,40.0809999994905,-0.0018298534116199363,-0.007977032733895287
A-Injury,turning,Clear,"Darkness, Lighted Road",Dry,No Controls,urbana,2017,0,1,4318,POINT (-88.2194000010688 40.1299999993202),POINT,-88.2194000010688,40.129999999320205,-0.0027751986857677312,-0.006748342671485496
A-Injury,fixed object,Clear,"Darkness, Lighted Road",Dry,Lane Use Marking,champaign,2017,0,1,4320,POINT (-88.2409340015073 40.1347959993227),POINT,-88.2409340015073,40.134795999322705,-0.0025303163844375936,-0.006628081496733064
A-Injury,rear end,Clear,Daylight,Dry,Traffic Signal,champaign,2017,0,1,4321,POINT (-88.2469000010192 40.1124999988605),POINT,-88.2469000010192,40.1124999988605,-0.002462471689515179,-0.0071871605639698966
A-Injury,turning,Clear,"Darkness, Lighted Road",Dry,No Controls,champaign,2017,0,1,4323,POINT (-88.2834000006854 40.1091999988309),POINT,-88.2834000006854,40.1091999988309,-0.0020473976793543825,-0.00726990907940683
A-Injury,rear end,Clear,Darkness,Dry,Lane Use Marking,unincorporated,2004,0,1,557,POINT (-88.0026967243461 40.1200480276938),POINT,-88.0026967243461,40.1200480276938,-0.005239524683215957,-0.0069978914200823856
A-Injury,angle,Clear,Daylight,Dry,Traffic Signal,rantoul,2005,0,1,558,POINT (-88.1478055669284 40.3082350946173),POINT,-88.1478055669284,40.308235094617295,-0.0035893627722229688,-0.002279042852601781
A-Injury,fixed object,Clear,Darkness,Dry,Lane Use Marking,unincorporated,2017,0,5,4325,POINT (-88.054852000768 40.1203649986545),POINT,-88.054852000768,40.1203649986545,-0.004646420575449988,-0.006989943275779477
A-Injury,turning,Clear,Daylight,Dry,Traffic Signal,savoy,2017,0,3,4326,POINT (-88.251800000753 40.0517999987307),POINT,-88.251800000753,40.0517999987307,-0.002406749427655105,-0.008709231731458881
A-Injury,rear end,Clear,Daylight,Dry,Lane Use Marking,mahomet,2017,0,3,4327,POINT (-88.3641491245681 40.1870343609248),POINT,-88.3641491245681,40.1870343609248,-0.0011291274609029863,-0.005318188517138553
A-Injury,turning,Clear,Daylight,Dry,Traffic Signal,urbana,2017,0,2,4329,POINT (-88.2050000015343 40.1162999994811),POINT,-88.2050000015343,40.1162999994811,-0.0029389539078981666,-0.007091874379971739
A-Injury,angle,Clear,Daylight,Dry,No Controls,rantoul,2017,0,3,4331,POINT (-88.2520000004898 40.3259999993287),POINT,-88.2520000004898,40.3259999993287,-0.002404475052489436,-0.001833582404552361
A-Injury,rear end,Rain,Daylight,Wet,Lane Use Marking,unincorporated,2017,0,3,4333,POINT (-87.9493130012578 40.1199409993678),POINT,-87.9493130012578,40.11994099936779,-0.005846598552317531,-0.007000575188266413
A-Injury,pedalcyclist,Clear,Daylight,Dry,Stop Sign/Flasher,champaign,2017,0,1,4334,POINT (-88.3080400013899 40.0840704421074),POINT,-88.3080400013899,40.0840704421074,-0.0017671942821952135,-0.007900040441166914
A-Injury,turning,Clear,Daylight,Dry,Traffic Signal,urbana,2017,0,1,4335,POINT (-88.2194000008491 40.1199999989199),POINT,-88.2194000008491,40.119999998919894,-0.0027751986882661333,-0.006999095756356067
A-Injury,overturned,Clear,Darkness,Dry,Lane Use Marking,unincorporated,2017,0,1,4336,POINT (-88.4536490011309 40.1204619989534),POINT,-88.4536490011309,40.1204619989534,-0.00011134463861401568,-0.006987510963458573
A-Injury,other non-collision,Clear,Daylight,Dry,No Controls,unincorporated,2017,0,2,4337,POINT (-87.9608000006782 40.2107999990369),POINT,-87.9608000006782,40.2107999990369,-0.005715969649365672,-0.004722257833941557
A-Injury,angle,Clear,Dawn,Dry,Stop Sign/Flasher,champaign,2017,0,1,4339,POINT (-88.294900000873 40.0547999995807),POINT,-88.294900000873,40.0547999995807,-0.00191662093309773,-0.008634005787695045
A-Injury,rear end,Clear,Daylight,Dry,No Controls,champaign,2017,0,1,4340,POINT (-88.2614000004641 40.0980999994378),POINT,-88.2614000004641,40.09809999943779,-0.0022975792793242873,-0.0075482449772531325
A-Injury,angle,Clear,Daylight,Dry,Stop Sign/Flasher,champaign,2017,0,1,4341,POINT (-88.2516700069038 40.1090106022992),POINT,-88.2516700069038,40.1090106022992,-0.0024082277035120084,-0.00727465825567553
A-Injury,turning,Clear,Daylight,Dry,Traffic Signal,urbana,2017,0,2,4344,POINT (-88.197700001397 40.130199998916),POINT,-88.197700001397,40.130199998916,-0.0030219687122509313,-0.006743327620124455
A-Injury,rear end,Clear,Daylight,Dry,No Controls,urbana,2017,0,1,4347,POINT (-88.1758000012558 40.1129999990458),POINT,-88.1758000012558,40.1129999990458,-0.003271013122230663,-0.007174622905581867
A-Injury,pedestrian,Clear,Daylight,Dry,Lane Use Marking,champaign,2017,0,3,4348,POINT (-88.2763000013301 40.0877999988161),POINT,-88.2763000013301,40.0877999988161,-0.002128138096655644,-0.0078065206599198435
A-Injury,fixed object,Rain,Daylight,Wet,Lane Use Marking,unincorporated,2017,0,1,4349,POINT (-88.1966550009361 40.2394719990325),POINT,-88.1966550009361,40.2394719990325,-0.00303385234337117,-0.004003298617891641
A-Injury,other non-collision,Clear,Daylight,Dry,Lane Use Marking,urbana,2017,0,1,4350,POINT (-88.1940570005737 40.1335199992634),POINT,-88.1940570005737,40.1335199992634,-0.0030633965197735527,-0.006660077590568831
A-Injury,angle,Clear,Daylight,Dry,Traffic Signal,urbana,2017,0,2,4351,POINT (-88.2050000015343 40.1162999994811),POINT,-88.2050000015343,40.1162999994811,-0.0029389539078981666,-0.007091874379971739
A-Injury,head on,Clear,Daylight,Dry,Lane Use Marking,unincorporated,2017,0,4,4353,POINT (-88.3122249546222 40.1589143213951),POINT,-88.3122249546222,40.1589143213951,-0.0017196034510623228,-0.006023307154787277
A-Injury,sideswipe same direction,Clear,Daylight,Dry,Traffic Signal,urbana,2017,0,1,4354,POINT (-88.1908000006638 40.1418999989082),POINT,-88.1908000006638,40.14189999890821,-0.0031004347670627636,-0.006449946522765581
A-Injury,angle,Clear,Daylight,Dry,Stop Sign/Flasher,urbana,2017,0,3,4355,POINT (-88.1955000012782 40.1076999991793),POINT,-88.1955000012782,40.107699999179296,-0.003046986873347138,-0.00730752203189566
A-Injury,rear end,Clear,Daylight,Dry,No Controls,urbana,2017,0,1,4360,POINT (-88.197700001397 40.130199998916),POINT,-88.197700001397,40.130199998916,-0.0030219687122509313,-0.006743327620124455
A-Injury,rear end,Cloudy/Overcast,Daylight,Wet,No Controls,urbana,2017,0,1,4362,POINT (-88.1994000005041 40.1274999990039),POINT,-88.1994000005041,40.127499999003895,-0.003002636508056189,-0.006811030948125231
A-Injury,rear end,Clear,Daylight,Dry,No Controls,champaign,2017,0,1,4363,POINT (-88.2575299478117 40.0864533929505),POINT,-88.2575299478117,40.0864533929505,-0.0023415890954518593,-0.007840287216058516
A-Injury,rear end,Clear,"Darkness, Lighted Road",Dry,Stop Sign/Flasher,champaign,2017,0,1,4364,POINT (-88.2764000014397 40.0895999991173),POINT,-88.2764000014397,40.0895999991173,-0.0021270009063299807,-0.007761385098897411
A-Injury,angle,Clear,"Darkness, Lighted Road",Dry,Traffic Signal,champaign,2017,0,1,4367,POINT (-88.2770000011894 40.118399999335),POINT,-88.2770000011894,40.118399999335,-0.002120177774700252,-0.007039216237920462
A-Injury,angle,Rain,Daylight,Wet,Stop Sign/Flasher,unincorporated,2017,0,2,4368,POINT (-88.0096000009126 40.1861999988771),POINT,-88.0096000009126,40.1861999988771,-0.005161021375985491,-0.005339110402036944
A-Injury,angle,Clear,Daylight,Dry,No Controls,ludlow,2017,0,2,4369,POINT (-88.1750000007814 40.3704999987354),POINT,-88.1750000007814,40.3704999987354,-0.0032801106402601445,-0.0007177312364243106
A-Injury,fixed object,Clear,Dusk,Dry,No Controls,broadlands,2017,0,3,4370,POINT (-87.9949000010716 39.9059999993316),POINT,-87.9949000010716,39.905999999331605,-0.005328188168839359,-0.012365211547451162
A-Injury,rear end,Clear,Darkness,Dry,Lane Use Marking,unincorporated,2017,0,1,4371,POINT (-88.3036670010617 39.9756809995108),POINT,-88.3036670010617,39.9756809995108,-0.0018169235643667246,-0.01061793904221636
A-Injury,head on,Clear,"Darkness, Lighted Road",Dry,No Controls,champaign,2017,0,2,4372,POINT (-88.2680000009154 40.1162999989302),POINT,-88.2680000009154,40.1162999989302,-0.0022225247949561504,-0.007091874393785676