crash_severity,collision_type,weather,light,road_surface,traffic_control,city,year,fatality,injury,id,Geometry,point,x,y,norm_x,norm_y
A-Injury,angle,Clear,Daylight,Dry,Stop Sign/Flasher,champaign,2017,0,1,4373,POINT (-88.2468000003876 40.1152999995484),POINT,-88.2468000003876,40.1152999995484,-0.0024636088857770523,-0.0071169496857674906
A-Injury,turning,Clear,Dusk,Dry,No Controls,rantoul,2017,0,1,4374,POINT (-88.1722700006987 40.3083389990812),POINT,-88.1722700006987,40.3083389990812,-0.003311155903066317,-0.002276437416220461
A-Injury,fixed object,Clear,Daylight,Dry,Traffic Signal,urbana,2017,0,1,4376,POINT (-88.1905000011409 40.0859999990966),POINT,-88.1905000011409,40.0859999990966,-0.003103846328875175,-0.007851656206356148
A-Injury,sideswipe same direction,Clear,Darkness,Dry,Lane Use Marking,rantoul,2017,0,1,4378,POINT (-88.1841810010896 40.3101749991475),POINT,-88.1841810010896,40.3101749991475,-0.0031757053073816965,-0.0022303991500187414
A-Injury,overturned,Clear,Daylight,Dry,No Controls,unincorporated,2017,0,1,4379,POINT (-88.0474000005667 40.1422999990399),POINT,-88.0474000005667,40.1422999990399,-0.004731163907931042,-0.00643991639647008
A-Injury,head on,Clear,Daylight,Other,Other Regualtory Sig,rantoul,2017,0,3,4380,POINT (-88.16141100049 40.3024719987248),POINT,-88.16141100049,40.3024719987248,-0.003434643267564406,-0.002423554254161701
A-Injury,rear end,Fog/Smoke/Haze,Darkness,Wet,No Controls,unincorporated,2017,0,1,4381,POINT (-88.0786000007129 40.3853999993789),POINT,-88.0786000007129,40.3853999993789,-0.0043763609135164675,-0.000344109138787683
A-Injury,pedestrian,Clear,Dusk,Wet,Other,champaign,2017,0,1,4383,POINT (-88.2418000009351 40.116299999518),POINT,-88.2418000009351,40.116299999518,-0.0025204683335175405,-0.007091874379046498
A-Injury,rear end,Clear,"Darkness, Lighted Road",Dry,Traffic Signal,champaign,2017,0,2,4384,POINT (-88.2436000011352 40.1369999991362),POINT,-88.2436000011352,40.13699999913621,-0.002499998927813957,-0.00657281552371642
A-Injury,turning,Clear,Daylight,Dry,Traffic Signal,urbana,2017,0,1,4385,POINT (-88.196546650908 40.1323976413597),POINT,-88.196546650908,40.1323976413597,-0.003035084488058176,-0.0066882210601102955
A-Injury,fixed object,Clear,"Darkness, Lighted Road",Dry,No Controls,urbana,2017,0,1,4386,POINT (-88.2047000004746 40.0886999989278),POINT,-88.2047000004746,40.0886999989278,-0.0029423654871869502,-0.007783952880384024
A-Injury,fixed object,Clear,Darkness,Wet,Lane Use Marking,unincorporated,2017,0,1,4387,POINT (-88.3040130009148 40.0277379991038),POINT,-88.3040130009148,40.0277379991038,-0.0018129888918228109,-0.00931259377076567
A-Injury,angle,Clear,"Darkness, Lighted Road",Dry,Stop Sign/Flasher,champaign,2017,0,1,4388,POINT (-88.2861104003803 40.1145502405869),POINT,-88.2861104003803,40.1145502405869,-0.002016575310017798,-0.007135750122265364
A-Injury,head on,Clear,Daylight,Dry,Traffic Signal,champaign,2017,0,3,4389,POINT (-88.314500001185 40.1131999990939),POINT,-88.314500001185,40.1131999990939,-0.0016937318700004037,-0.0071696078428790085
A-Injury,turning,Clear,Daylight,Dry,Traffic Signal,champaign,2017,0,1,4390,POINT (-88.276300001216 40.0835999987868),POINT,-88.276300001216,40.083599998786795,-0.002128138097953165,-0.007911836952084448
A-Injury,fixed object,Clear,"Darkness, Lighted Road",Dry,Lane Use Marking,rantoul,2017,0,1,4391,POINT (-88.1841231717489 40.3060514691572),POINT,-88.1841231717489,40.306051469157204,-0.003176362936328839,-0.002333797932441859
A-Injury,pedestrian,Clear,"Darkness, Lighted Road",Dry,Traffic Signal,champaign,2017,0,1,4392,POINT (-88.2506000011391 40.1419999988041),POINT,-88.2506000011391,40.1419999988041,-0.0024203956922162853,-0.006447438994627729
A-Injury,sideswipe same direction,Clear,Dusk,Dry,Lane Use Marking,urbana,2017,0,1,4394,POINT (-88.2097480011802 40.1352169993808),POINT,-88.2097480011802,40.135216999380795,-0.0028849601744382015,-0.00661752479082599
A-Injury,rear end,Clear,Daylight,Snow or Slush,Stop Sign/Flasher,champaign,2017,0,2,4395,POINT (-88.2860000009772 40.1092999990456),POINT,-88.2860000009772,40.109299999045604,-0.0020178307599734826,-0.007267401543274812
A-Injury,fixed object,Clear,"Darkness, Lighted Road",Dry,Traffic Signal,urbana,2017,0,1,4399,POINT (-88.2195500026812 40.1324400592783),POINT,-88.2195500026812,40.132440059278295,-0.002773492883812729,-0.006687157417758783
A-Injury,rear end,Clear,Daylight,Dry,Traffic Signal,unincorporated,2017,0,1,4400,POINT (-88.2188500023665 40.0835199979596),POINT,-88.2188500023665,40.0835199979596,-0.002781453210946892,-0.007913842997425318
A-Injury,rear end,Clear,Daylight,Dry,Other Regualtory Sig,champaign,2017,0,1,4401,POINT (-88.2682326549885 40.1371357255612),POINT,-88.2682326549885,40.1371357255612,-0.002219879078244373,-0.006569412141876109
A-Injury,pedestrian,Cloudy/Overcast,"Darkness, Lighted Road",Wet,Stop Sign/Flasher,champaign,2017,0,1,4402,POINT (-88.2426197870162 40.1102414466044),POINT,-88.2426197870162,40.1102414466044,-0.0025111458157294304,-0.0072437944562586684
A-Injury,rear end,Clear,Daylight,Dry,Lane Use Marking,st joseph,2017,0,1,4407,POINT (-88.0569092492125 40.1133296464243),POINT,-88.0569092492125,40.1133296464243,-0.004623025770804365,-0.007166356896204928
A-Injury,pedalcyclist,Rain,Daylight,Dry,Stop Sign/Flasher,urbana,2017,0,1,4408,POINT (-88.2255000009483 40.1143999992681),POINT,-88.2255000009483,40.1143999992681,-0.00270583015329876,-0.007139517469530947
A-Injury,pedalcyclist,Clear,Daylight,Dry,Stop Sign/Flasher,urbana,2017,0,1,4410,POINT (-88.1844000014676 40.1088999994331),POINT,-88.1844000014676,40.108899999433106,-0.003173214858999429,-0.007277431656551373
A-Injury,pedestrian,Clear,Daylight,Dry,No Controls,unincorporated,2017,0,1,4411,POINT (-88.1762205553182 40.1086999987235),POINT,-88.1762205553182,40.1086999987235,-0.0032662306273603414,-0.007282446735841574
A-Injury,pedalcyclist,Clear,Daylight,Dry,Traffic Signal,urbana,2017,0,1,4415,POINT (-88.223800001288 40.1104999994935),POINT,-88.223800001288,40.1104999994935,-0.0027251623637844337,-0.00723731116306379
A-Injury,pedestrian,Clear,Daylight,Dry,No Controls,champaign,2017,0,1,4419,POINT (-88.2531000008692 40.1287999992049),POINT,-88.2531000008692,40.1287999992049,-0.002391965968302327,-0.0067784330433567
A-Injury,pedestrian,Clear,Daylight,Dry,Other RR Crossing,champaign,2017,0,1,4421,POINT (-88.2579000009776 40.1270999990102),POINT,-88.2579000009776,40.127099999010206,-0.002337380891261574,-0.006821061070960299
A-Injury,pedestrian,Clear,Daylight,Dry,No Controls,champaign,2017,0,1,4424,POINT (-88.2769000013547 40.1273999990717),POINT,-88.2769000013547,40.127399999071706,-0.002121314961899842,-0.0068135384771731795
A-Injury,rear end,Clear,Darkness,Dry,No Controls,unincorporated,1999,0,2,438,POINT (-88.1438656026362 40.1204479244404),POINT,-88.1438656026362,40.1204479244404,-0.0036341676158835085,-0.006987863886199825
A-Injury,other object,Clear,Daylight,Dry,No Controls,urbana,2017,0,1,4432,POINT (-88.2050000014075 40.1101999994758),POINT,-88.2050000014075,40.110199999475796,-0.0029389539093401616,-0.0072448337557526644
A-Injury,pedestrian,Rain,Daylight,Wet,No Controls,champaign,2017,0,1,4433,POINT (-88.2452000008732 40.1172999989944),POINT,-88.2452000008732,40.1172999989944,-0.0024818039055241638,-0.007066799084692695
A-Injury,pedestrian,Clear,"Darkness, Lighted Road",Dry,No Controls,champaign,2017,0,1,4438,POINT (-88.2320000009469 40.1101999987909),POINT,-88.2320000009469,40.1101999987909,-0.002631912863158061,-0.0072448337729267235
A-Injury,pedestrian,Clear,"Darkness, Lighted Road",Dry,Traffic Signal,champaign,2017,0,1,4439,POINT (-88.2467000007648 40.1100999991803),POINT,-88.2467000007648,40.1100999991803,-0.0024647460705667992,-0.007247341293910662
A-Injury,overturned,Clear,Daylight,Dry,Lane Use Marking,unincorporated,2005,0,2,559,POINT (-88.2508771565958 40.1757794991498),POINT,-88.2508771565958,40.1757794991498,-0.002417243910629911,-0.005600407636828353
A-Injury,overturned,Clear,Daylight,Dry,Lane Use Marking,unincorporated,2005,0,1,560,POINT (-88.3094996141845 40.1677441193152),POINT,-88.3094996141845,40.1677441193152,-0.0017505957248944138,-0.005801897256925664
A-Injury,rear end,Clear,Darkness,Dry,Lane Use Marking,unincorporated,2005,0,6,562,POINT (-88.212596244616 40.2135869723444),POINT,-88.212596244616,40.2135869723444,-0.0028525702611335384,-0.00465237362130832
A-Injury,rear end,Clear,Daylight,Dry,Traffic signal,rantoul,2003,0,2,86,POINT (-88.128298565546 40.3121620503356),POINT,-88.128298565546,40.3121620503356,-0.0038111942616489577,-0.0021805732304920854
A-Injury,fixed object,Rain,Daylight,Wet,Lane Use Marking,unincorporated,2005,0,1,563,POINT (-88.3036112775043 39.9851580517663),POINT,-88.3036112775043,39.9851580517663,-0.001817557246576037,-0.010380299042874767
A-Injury,rear end,Fog/Smoke/Haze,Darkness,Other,Traffic Signal,savoy,2005,0,1,565,POINT (-88.256039340489 40.0247509084422),POINT,-88.256039340489,40.0247509084422,-0.0023585401191414395,-0.00938749598758564
A-Injury,overturned,Snow,Daylight,ICE,Lane Use Marking,champaign,2005,0,1,567,POINT (-88.3048813748671 40.1050985836768),POINT,-88.3048813748671,40.1050985836768,-0.001803113838069471,-0.0073727533255125
A-Injury,overturned,Clear,Darkness,Dry,Lane Use Marking,unincorporated,2005,0,2,568,POINT (-88.3039118954315 40.0142884273253),POINT,-88.3039118954315,40.0142884273253,-0.0018141386523374578,-0.009649845918629848
A-Injury,other non collision,Clear,Daylight,Dry,No Controls,homer,2005,0,1,569,POINT (-87.9541826382369 40.0362260308369),POINT,-87.9541826382369,40.0362260308369,-0.0057912215723880875,-0.009099753765130437
A-Injury,pedalcyclist,Clear,Dusk,Dry,No Controls,unincorporated,2005,0,1,570,POINT (-88.3090279486586 39.9672169276319),POINT,-88.3090279486586,39.967216927631895,-0.0017559594537460126,-0.010830178247140356
A-Injury,overturned,Clear,Daylight,Dry,Lane Use Marking,champaign,2005,0,1,571,POINT (-88.3068483560142 40.1184100721679),POINT,-88.3068483560142,40.1184100721679,-0.001780745543272034,-0.007038963658538261
A-Injury,angle,Clear,Daylight,Dry,No Controls,rantoul,2005,0,4,572,POINT (-88.1331167374213 40.3033881844067),POINT,-88.1331167374213,40.30338818440671,-0.003756402537259535,-0.002400580616476065
A-Injury,other object,Clear,Daylight,Dry,Other Warning Sign,unincorporated,2005,0,1,573,POINT (-87.9585017354662 40.0760914438518),POINT,-87.9585017354662,40.076091443851794,-0.005742105270370709,-0.008100116275834582
A-Injury,rear end,Clear,Daylight,Dry,Lane Use Marking,urbana,2005,0,1,574,POINT (-88.2234489354209 40.1349902109795),POINT,-88.2234489354209,40.1349902109795,-0.002729154646486286,-0.006623211579722034
A-Injury,overturned,Clear,Daylight,Dry,Lane Use Marking,unincorporated,2005,0,1,575,POINT (-88.0689906480804 40.1205707862422),POINT,-88.0689906480804,40.120570786242205,-0.004485637422247833,-0.006984783088741588
A-Injury,angle,Clear,Darkness,Dry,Stop Sign/Flasher,savoy,2005,0,1,576,POINT (-88.2383950822982 40.0689298556151),POINT,-88.2383950822982,40.0689298556151,-0.0025591886964165898,-0.008279695302938156
A-Injury,fixed object,Rain,"Darkness, lighted road",Wet,Other Warning Sign,champaign,2005,0,2,577,POINT (-88.281099225403 40.1438210316968),POINT,-88.281099225403,40.143821031696795,-0.0020735618446059176,-0.00640177603490632
A-Injury,overturned,Fog/Smoke/Haze,Daylight,ICE,Lane Use Marking,unincorporated,2005,0,1,578,POINT (-88.2614066921104 40.1657654380808),POINT,-88.2614066921104,40.1657654380808,-0.002297503182653435,-0.0058515132972897415
A-Injury,head on,Clear,Darkness,Dry,Lane Use Marking,unincorporated,2005,0,2,579,POINT (-88.1767569101482 40.2677653861741),POINT,-88.1767569101482,40.267765386174105,-0.00326013125880706,-0.0032938332355728927
A-Injury,fixed object,Snow,Darkness,Snow or slush,Lane Use Marking,unincorporated,2005,0,1,580,POINT (-88.0075548152345 40.1201157708666),POINT,-88.0075548152345,40.120115770866605,-0.005184279004168927,-0.006996192739194372
A-Injury,rear end,Clear,Daylight,Dry,No Passing,unincorporated,2005,0,3,581,POINT (-88.2930979362182 39.9156447292602),POINT,-88.2930979362182,39.9156447292602,-0.0019371138155546044,-0.012123366978898572
A-Injury,fixed object,Clear,Daylight,Dry,Lane Use Marking,unincorporated,2005,0,2,582,POINT (-88.1866665990813 40.2640179807061),POINT,-88.1866665990813,40.2640179807061,-0.0031474393584638664,-0.0033878005799475816
A-Injury,sideswipe same direction,Clear,Daylight,Dry,Lane Use Marking,unincorporated,2005,0,2,583,POINT (-88.2952861449893 40.1558995950767),POINT,-88.2952861449893,40.155899595076704,-0.0019122297443766173,-0.006098902344198994
A-Injury,rear end,Clear,Daylight,Dry,Stop Sign/Flasher,rantoul,2005,0,1,584,POINT (-88.1540779025566 40.3037497701703),POINT,-88.1540779025566,40.3037497701703,-0.0035180344564399836,-0.0023915137422724207
A-Injury,parked motor vehicle,Clear,Daylight,Dry,No Controls,rantoul,2005,0,2,585,POINT (-88.133233338142 40.3104314596223),POINT,-88.133233338142,40.3104314596223,-0.003755076566597289,-0.0022239683247557854
A-Injury,parked motor vehicle,Clear,Daylight,Dry,No Controls,rantoul,2005,0,1,586,POINT (-88.1674650069481 40.307238565744),POINT,-88.1674650069481,40.307238565744,-0.003365797767260751,-0.0023040311205155873
A-Injury,sideswipe same direction,Clear,Daylight,Dry,Lane Use Marking,rantoul,2005,0,1,588,POINT (-88.1839561959939 40.3045967402023),POINT,-88.1839561959939,40.3045967402023,-0.0031782617663797578,-0.002370275708290893
A-Injury,turning,Clear,Daylight,Dry,Traffic Signal,savoy,2005,0,4,589,POINT (-88.2491725038875 40.0689961111108),POINT,-88.2491725038875,40.0689961111108,-0.0024366290350694,-0.00827803392601112
A-Injury,fixed object,Clear,Daylight,Dry,No Controls,urbana,2005,0,1,590,POINT (-88.1900724484187 40.0769550900169),POINT,-88.1900724484187,40.0769550900169,-0.003108708411740433,-0.008078460082687757
A-Injury,head on,Clear,Daylight,Dry,Lane Use Marking,champaign,2005,0,1,591,POINT (-88.263851974469 40.1359109909392),POINT,-88.263851974469,40.1359109909392,-0.0022696956987124863,-0.006600122739108144
A-Injury,turning,Clear,Daylight,Dry,Traffic Signal,urbana,2005,0,1,592,POINT (-88.1621496635683 40.0839968072405),POINT,-88.1621496635683,40.0839968072405,-0.003426243271704972,-0.007901886858095765
A-Injury,angle,Clear,Daylight,Dry,Lane Use Marking,mahomet,2005,0,1,593,POINT (-88.3726902457682 40.1897544368122),POINT,-88.3726902457682,40.18975443681221,-0.0010319987633628646,-0.005249981777883926
A-Injury,rear end,Clear,Daylight,Dry,Lane Use Marking,unincorporated,2005,0,1,594,POINT (-88.3431620641319 40.1205124443649),POINT,-88.3431620641319,40.1205124443649,-0.001367790020256524,-0.006986246029254191
A-Injury,rear end,Snow,Daylight,Snow or slush,Lane Use Marking,unincorporated,2005,0,1,595,POINT (-87.9476044273793 40.1200455549968),POINT,-87.9476044273793,40.12004555499679,-0.005866028267876206,-0.006997953423720109
A-Injury,turning,Clear,Daylight,Dry,Traffic signal,rantoul,2000,0,2,273,POINT (-88.1558227741109 40.3098309113789),POINT,-88.1558227741109,40.309830911378896,-0.003498191967675996,-0.002239027256617697
A-Injury,overturned,Clear,Daylight,Dry,No Controls,st. joseph,2005,0,2,596,POINT (-88.0137219350602 40.1129923442078),POINT,-88.0137219350602,40.1129923442078,-0.005114147191001613,-0.007174814852998471
A-Injury,rear end,Clear,Darkness,Snow or slush,Unknown,unincorporated,2005,0,1,597,POINT (-88.2384077569136 40.1881064078382),POINT,-88.2384077569136,40.1881064078382,-0.002559044562074354,-0.005291306611148562
A-Injury,fixed object,Clear,Daylight,Dry,Lane Use Marking,unincorporated,2005,0,2,598,POINT (-88.4534903982761 40.1072981250147),POINT,-88.4534903982761,40.1072981250147,-0.00011314825295826886,-0.007317599150142461
A-Injury,sideswipe same direction,Clear,"Darkness, lighted road",Dry,Lane Use Marking,mahomet,2005,0,1,599,POINT (-88.3640128654579 40.1868862782551),POINT,-88.3640128654579,40.1868862782551,-0.0011306769846238518,-0.005321901735614129
A-Injury,angle,Clear,Darkness,Dry,Stop sign / flasher,mahomet,1999,0,2,412,POINT (-88.3652697296889 40.1843177140134),POINT,-88.3652697296889,40.1843177140134,-0.0011163840618467588,-0.005386309273765249
A-Injury,fixed object,Clear,Daylight,Dry,No Controls,unincorporated,1999,0,1,413,POINT (-88.3049885463807 40.1140478075084),POINT,-88.3049885463807,40.1140478075084,-0.0018018950953205993,-0.007148348786198564
A-Injury,turning,Clear,Daylight,Dry,Stop Sign/Flasher,unincorporated,2005,0,4,601,POINT (-88.1612342591465 39.9818906159372),POINT,-88.1612342591465,39.9818906159372,-0.0034366531508214573,-0.010462231000971156
A-Injury,fixed object,Fog/Smoke/Haze,Daylight,Dry,No Passing,unincorporated,2005,0,1,602,POINT (-88.2613753308793 40.1657930775165),POINT,-88.2613753308793,40.1657930775165,-0.0022978598191485886,-0.005850820229940896
A-Injury,overturned,Rain,Daylight,Wet,Other Warning Sign,unincorporated,2005,0,3,603,POINT (-88.0644553912202 40.1205273834538),POINT,-88.0644553912202,40.1205273834538,-0.004537211867981678,-0.0069858714270065216
A-Injury,sideswipe same direction,Clear,Daylight,Dry,Other,champaign,2005,0,1,604,POINT (-88.2419619617239 40.1348249004052),POINT,-88.2419619617239,40.1348249004052,-0.0025186265331144852,-0.00662735679320292
A-Injury,turning,Clear,Daylight,Dry,Traffic Signal,savoy,2005,0,2,605,POINT (-88.2519244156487 40.0510016378512),POINT,-88.2519244156487,40.05100163785121,-0.0024053345950480445,-0.00872925087599478
A-Injury,angle,Clear,Daylight,Wet,Traffic Signal,rantoul,2005,0,3,606,POINT (-88.1365106922201 40.3121170864689),POINT,-88.1365106922201,40.312117086468895,-0.003717806853930121,-0.002181700713275385
A-Injury,turning,Clear,Daylight,Dry,No Controls,rantoul,2005,0,1,607,POINT (-88.1473878394233 40.3082534938708),POINT,-88.1473878394233,40.308253493870794,-0.00359411312379228,-0.002278581485662842
A-Injury,rear end,Clear,Daylight,Dry,Lane Use Marking,unincorporated,2005,0,2,608,POINT (-88.2322766487142 40.1941356481163),POINT,-88.2322766487142,40.1941356481163,-0.0026287668549600175,-0.005140121557284638
A-Injury,angle,Clear,Daylight,Dry,Traffic signal,champaign,1999,0,2,421,POINT (-88.2451371508181 40.112631524087),POINT,-88.2451371508181,40.112631524087,-0.0024825186294871347,-0.007183862528473599
A-Injury,overturned,Clear,Daylight,Dry,Lane Use Marking,mahomet,2005,0,1,610,POINT (-88.3817727924527 40.1921939079492),POINT,-88.3817727924527,40.1921939079492,-0.0009287130343414201,-0.005188811289027223
A-Injury,pedestrian,Clear,Daylight,Dry,Traffic signal,rantoul,2000,0,1,339,POINT (-88.1513848457899 40.3082208714428),POINT,-88.1513848457899,40.30822087144279,-0.0035486596038910084,-0.0022793995030758333
A-Injury,fixed object,Clear,Darkness,Dry,No Controls,urbana,2005,0,3,611,POINT (-88.2020584568229 40.0965107743088),POINT,-88.2020584568229,40.0965107743088,-0.0029724048331199694,-0.007588095286022827
A-Injury,angle,Snow,Darkness,Snow or slush,Lane Use Marking,unincorporated,2005,0,2,612,POINT (-88.4167906604701 40.1204322705765),POINT,-88.4167906604701,40.1204322705765,-0.0005304936634321167,-0.006988256411650357
A-Injury,overturned,Snow,Darkness,ICE,Lane Use Marking,unincorporated,2005,0,1,613,POINT (-87.9576948734657 39.988727840124),POINT,-87.9576948734657,39.988727840124,-0.005751280816925709,-0.01029078550215522
A-Injury,fixed object,Rain,Daylight,Wet,Lane Use Marking,champaign,2005,0,2,614,POINT (-88.2845723432515 40.1440833686705),POINT,-88.2845723432515,40.1440833686705,-0.002034065927720394,-0.006395197854626434
A-Injury,turning,Clear,Daylight,Dry,Lane Use Marking,unincorporated,2005,0,6,615,POINT (-88.3130431963583 40.1201135045784),POINT,-88.3130431963583,40.1201135045784,-0.0017102984953968636,-0.006996249567067983
A-Injury,parked motor vehicle,Unknown,Daylight,Unknown,Unknown,savoy,2005,0,1,617,POINT (-88.2486912532047 40.072085697536),POINT,-88.2486912532047,40.072085697536004,-0.002442101765278374,-0.008200561596402995
A-Injury,overturned,Rain,Daylight,Wet,Lane Use Marking,champaign,2005,0,1,618,POINT (-88.3046933625863 40.1190019660661),POINT,-88.3046933625863,40.1190019660661,-0.001805251893194393,-0.007024121737043341
A-Injury,head on,Snow,Darkness,ICE,Lane Use Marking,unincorporated,2005,0,3,619,POINT (-88.1484141698302 40.3625216980686),POINT,-88.1484141698302,40.3625216980686,-0.00358244180648712,-0.0009177895788382524
A-Injury,fixed object,Clear,Darkness,Dry,Lane Use Marking,unincorporated,2005,0,1,620,POINT (-87.9774395975804 40.119837312929),POINT,-87.9774395975804,40.119837312929,-0.00552674597054882,-0.00700317515760095
A-Injury,turning,Clear,Daylight,Dry,Lane Use Marking,champaign,2005,0,1,621,POINT (-88.2712518618695 40.1570723479617),POINT,-88.2712518618695,40.1570723479617,-0.002185544987311084,-0.0060694952050057965
A-Injury,overturned,Clear,Daylight,Dry,Lane Use Marking,mahomet,2005,0,1,622,POINT (-88.3611445687226 40.1857564321674),POINT,-88.3611445687226,40.185756432167395,-0.0011632949418605661,-0.0053502329736721515
A-Injury,overturned,Clear,Daylight,Dry,Lane Use Marking,unincorporated,2005,0,1,623,POINT (-88.2928102798283 39.8798698946108),POINT,-88.2928102798283,39.8798698946108,-0.001940385012606561,-0.013020431957895318
A-Injury,rear end,Clear,Daylight,Dry,Traffic Signal,champaign,2005,0,2,624,POINT (-88.2385957116451 40.098040476028),POINT,-88.2385957116451,40.098040476028,-0.0025569071613936304,-0.007549737545056214
A-Injury,turning,Clear,Daylight,Dry,No Controls,mahomet,2005,0,2,626,POINT (-88.3652928688063 40.192949086665),POINT,-88.3652928688063,40.192949086665,-0.0011161209263306022,-0.005169874950523737
A-Injury,overturned,Clear,Daylight,Unknown,No Controls,unincorporated,2005,0,1,627,POINT (-88.3466484796323 40.2889336935677),POINT,-88.3466484796323,40.28893369356771,-0.001328142883925901,-0.0027630314187780457
A-Injury,rear end,Snow,Daylight,Snow or slush,No Controls,unincorporated,2005,0,3,628,POINT (-88.2895818863985 40.2819713074084),POINT,-88.2895818863985,40.2819713074084,-0.001977097950128252,-0.0029376153925399443
A-Injury,angle,Clear,Daylight,Dry,Stop Sign/Flasher,unincorporated,2005,0,3,629,POINT (-88.2773710500903 40.1857928233762),POINT,-88.2773710500903,40.185792823376204,-0.0021159582471203657,-0.005349320452921576
A-Injury,angle,Clear,Daylight,Dry,No Controls,unincorporated,2005,0,1,630,POINT (-88.2520611261902 40.3260519834875),POINT,-88.2520611261902,40.3260519834875,-0.002403779937699842,-0.0018322788857861522
A-Injury,rear end,Clear,Daylight,Dry,Traffic Signal,unincorporated,2005,0,5,631,POINT (-88.2383853431081 40.0833348200939),POINT,-88.2383853431081,40.083334820093896,-0.0025592994494227183,-0.007918486389346908
A-Injury,angle,Clear,Daylight,Dry,No Controls,unincorporated,2005,0,2,632,POINT (-88.2322054269778 40.2677650565446),POINT,-88.2322054269778,40.2677650565446,-0.002629576780768531,-0.0032938415011341537
A-Injury,rear end,Rain,Dusk,Wet,No Controls,unincorporated,2005,0,3,633,POINT (-88.2414146143253 40.1779952263375),POINT,-88.2414146143253,40.1779952263375,-0.002524850907957478,-0.0055448475962976565
A-Injury,turning,Rain,Daylight,Wet,No Controls,unincorporated,2003,0,7,53,POINT (-88.2410071434575 40.1774773785141),POINT,-88.2410071434575,40.177477378514105,-0.002529484622167553,-0.005557832789698847
A-Injury,rear end,Clear,Daylight,Dry,No Controls,champaign,2002,0,1,178,POINT (-88.2579506453823 40.134304759746),POINT,-88.2579506453823,40.134304759746,-0.002336804968622091,-0.006640399480166856
A-Injury,rear end,Clear,Daylight,Wet,Lane Use Marking,unincorporated,2002,0,1,179,POINT (-88.0679470519071 40.1205563483459),POINT,-88.0679470519071,40.1205563483459,-0.004497505083962984,-0.0069851451234308306
A-Injury,angle,Clear,Daylight,Dry,Stop sign / flasher,unincorporated,2002,0,4,180,POINT (-88.1436404898739 40.1133619603603),POINT,-88.1436404898739,40.1133619603603,-0.003636727573632503,-0.007165546614323647
A-Injury,overturned,Clear,Daylight,Dry,No Controls,champaign,2002,0,1,181,POINT (-88.2855342859878 40.1417014773003),POINT,-88.2855342859878,40.141701477300295,-0.002023126819973791,-0.006454924513126082
A-Injury,angle,Clear,"Darkness, lighted road",Wet,Traffic signal,champaign,2001,0,2,204,POINT (-88.2579296297565 40.1321592484929),POINT,-88.2579296297565,40.1321592484929,-0.0023370439560235364,-0.006694198834547255
A-Injury,rear end,Clear,Darkness,Dry,No Controls,mahomet,2001,0,2,205,POINT (-88.4060501614799 40.1919106803159),POINT,-88.4060501614799,40.1919106803159,-0.0006526334450146064,-0.005195913309020073
A-Injury,pedalcyclist,Clear,Daylight,Dry,Stop sign / flasher,urbana,2001,0,1,206,POINT (-88.2173925604677 40.1164525697853),POINT,-88.2173925604677,40.116452569785295,-0.002798027081057599,-0.007088048632681236
A-Injury,angle,Clear,Daylight,Dry,Traffic signal,champaign,2001,0,3,207,POINT (-88.2435184667744 40.1126019034444),POINT,-88.2435184667744,40.1126019034444,-0.002500926127660907,-0.007184605275194647
A-Injury,angle,Clear,Daylight,Dry,Traffic signal,rantoul,2001,0,2,208,POINT (-88.155770220666 40.3072851409121),POINT,-88.155770220666,40.30728514091211,-0.003498789599712241,-0.0023028632338542385
A-Injury,fixed object,Clear,Daylight,Dry,No Controls,champaign,2001,0,1,209,POINT (-88.2536433315741 40.1126419128709),POINT,-88.2536433315741,40.1126419128709,-0.0023857872708615358,-0.0071836020265229564
A-Injury,turning,Clear,Daylight,Dry,Stop sign / flasher,ludlow,2001,0,1,210,POINT (-88.1206458143072 40.384973876269),POINT,-88.1206458143072,40.384973876269,-0.0038982205130052338,-0.00035479430679406413
A-Injury,angle,Clear,"Darkness, lighted road",Dry,Traffic signal,urbana,2001,0,3,211,POINT (-88.2193700773236 40.1164391840334),POINT,-88.2193700773236,40.116439184033396,-0.0027755389753303028,-0.007088384284525996
A-Injury,rear end,Clear,Daylight,Dry,No Controls,champaign,2001,0,1,212,POINT (-88.2459779979151 40.0897334391264),POINT,-88.2459779979151,40.0897334391264,-0.00247295660812605,-0.007758039049638631
A-Injury,angle,Clear,Darkness,Dry,Lane Use Marking,urbana,2001,0,3,213,POINT (-88.1877531158196 40.1470198248382),POINT,-88.1877531158196,40.1470198248382,-0.0031350836087708192,-0.006321565313310155
A-Injury,angle,Fog/Smoke/Haze,Dawn,Dry,Stop Sign/Flasher,unincorporated,2005,0,3,634,POINT (-88.2381941017904 40.0397306783739),POINT,-88.2381941017904,40.0397306783739,-0.002561474224802868,-0.009011873650519704