crash_severity,collision_type,weather,light,road_surface,traffic_control,city,year,fatality,injury,id,Geometry,point,x,y,norm_x,norm_y
A-Injury,fixed object,Clear,Daylight,Dry,No Controls,unincorporated,2005,0,1,635,POINT (-88.2129008963227 39.9953353774064),POINT,-88.2129008963227,39.9953353774064,-0.0028491057951949535,-0.010125099473091927
A-Injury,overturned,Clear,Daylight,Dry,No Controls,unincorporated,2005,0,4,636,POINT (-88.1806024664391 40.028503190631),POINT,-88.1806024664391,40.028503190631,-0.003216400012627352,-0.009293406357937524
A-Injury,overturned,Clear,Darkness,Dry,No Controls,unincorporated,2005,0,1,637,POINT (-88.1747486956094 40.3009303527597),POINT,-88.1747486956094,40.30093035275971,-0.0032829684552319297,-0.002462211500766688
A-Injury,fixed object,Fog/Smoke/Haze,Daylight,Wet,No Controls,unincorporated,2005,0,1,638,POINT (-88.1747402345354 40.3001492874775),POINT,-88.1747402345354,40.300149287477495,-0.0032830646736413268,-0.0024817969528826466
A-Injury,sideswipe same direction,Clear,Daylight,Dry,No Controls,unincorporated,2005,0,1,639,POINT (-88.0618671329428 40.0477107116665),POINT,-88.0618671329428,40.0477107116665,-0.004566645258457362,-0.008811771861981137
A-Injury,angle,Clear,Daylight,Dry,Stop Sign/Flasher,unincorporated,2005,0,2,640,POINT (-88.0476478784679 40.0909465135461),POINT,-88.0476478784679,40.0909465135461,-0.004728345067508489,-0.007727620835564512
A-Injury,overturned,Snow,Darkness,ICE,No Controls,unincorporated,2005,0,1,641,POINT (-88.0210215386767 40.2600475154172),POINT,-88.0210215386767,40.260047515417206,-0.005031136895840126,-0.0034873612179182403
A-Injury,angle,Clear,Daylight,Dry,No Controls,unincorporated,2005,0,2,642,POINT (-88.0286885540141 39.9814739247365),POINT,-88.0286885540141,39.9814739247365,-0.004943948434712517,-0.010472679660954408
A-Injury,overturned,Clear,Darkness,Dry,No Controls,unincorporated,2005,0,1,643,POINT (-87.9603808238565 40.1818408887469),POINT,-87.9603808238565,40.1818408887469,-0.005720736482405235,-0.005448416428905195
A-Injury,overturned,Clear,Daylight,Dry,No Controls,unincorporated,2000,0,1,274,POINT (-88.154414550609 40.1203824195027),POINT,-88.154414550609,40.120382419502704,-0.0035142061315521804,-0.006989506442654187
A-Injury,angle,Clear,Daylight,Unknown,Stop sign / flasher,unincorporated,2000,0,4,275,POINT (-88.0475800229679 40.1279206537813),POINT,-88.0475800229679,40.127920653781295,-0.004729116712844128,-0.006800482900237612
A-Injury,fixed object,Clear,Darkness,Dry,No Controls,unincorporated,2005,0,1,644,POINT (-87.9600960839978 40.1570070428026),POINT,-87.9600960839978,40.157007042802604,-0.005723974512982874,-0.0060711327519504055
A-Injury,angle,Rain,Daylight,Wet,Stop sign / flasher,fisher,1999,0,1,414,POINT (-88.3456874360005 40.3108032968844),POINT,-88.3456874360005,40.3108032968844,-0.001339071767154245,-0.0022146443910748704
A-Injury,rear end,Clear,Daylight,Dry,No Controls,champaign,1999,0,2,415,POINT (-88.2579365864642 40.1326223788852),POINT,-88.2579365864642,40.1326223788852,-0.0023369648451033653,-0.0066825856975553655
A-Injury,pedalcyclist,Clear,Daylight,Dry,No Controls,unincorporated,2005,0,1,645,POINT (-88.0833097536787 39.9380197711831),POINT,-88.0833097536787,39.9380197711831,-0.00432280211712571,-0.011562305922730913
A-Injury,overturned,Clear,Darkness,Dry,No Controls,unincorporated,2005,0,1,646,POINT (-88.2287088010513 40.0397725990613),POINT,-88.2287088010513,40.0397725990613,-0.00266934002894985,-0.009010822476393204
A-Injury,parked motor vehicle,Rain,Darkness,Wet,No Controls,unincorporated,2005,0,1,647,POINT (-87.947227770609 40.0762737559901),POINT,-87.947227770609,40.0762737559901,-0.005870311567534623,-0.008095544742908606
A-Injury,train,Rain,Darkness,Wet,RR crossing gate,unincorporated,2005,0,2,648,POINT (-88.2154449411319 40.1710410564366),POINT,-88.2154449411319,40.1710410564366,-0.0028201751954512397,-0.005719225544853616
A-Injury,overturned,Clear,Daylight,Dry,No Controls,unincorporated,2005,0,1,649,POINT (-88.2310072507982 40.18558050862),POINT,-88.2310072507982,40.18558050862,-0.0026432023094341093,-0.00535464431071664
A-Injury,angle,Clear,Daylight,Dry,Stop Sign/Flasher,unincorporated,2005,0,2,650,POINT (-88.2584418466283 40.1856607096301),POINT,-88.2584418466283,40.185660709630106,-0.0023312190816949527,-0.005352633245727742
A-Injury,fixed object,Clear,Darkness,Dry,No Controls,unincorporated,2005,0,4,651,POINT (-88.1954608949386 40.2384363937446),POINT,-88.1954608949386,40.2384363937446,-0.00304743158637039,-0.004029266738917112
A-Injury,angle,Clear,Daylight,Dry,Stop Sign/Flasher,unincorporated,2005,0,1,652,POINT (-88.1550789970174 40.2390584024767),POINT,-88.1550789970174,40.2390584024767,-0.0035066501195579083,-0.004013669678702398
A-Injury,rear end,Clear,Daylight,Dry,No Controls,unincorporated,2005,0,1,653,POINT (-88.2219934485806 40.2386656429623),POINT,-88.2219934485806,40.238665642962296,-0.0027457062838853073,-0.004023518244293079
A-Injury,fixed object,Clear,Darkness,Dry,No Controls,unincorporated,2005,0,1,654,POINT (-88.0610272436159 40.3272105679334),POINT,-88.0610272436159,40.3272105679334,-0.004576196388161326,-0.0018032270245599725
A-Injury,overturned,Clear,Daylight,Dry,Lane Use Marking,champaign,2005,0,3,656,POINT (-88.3040228497535 40.0789712696148),POINT,-88.3040228497535,40.0789712696148,-0.0018128768919046616,-0.008027903759329052
A-Injury,animal,Clear,Darkness,Dry,No Controls,unincorporated,2005,0,1,657,POINT (-88.3708228614363 40.2048252067201),POINT,-88.3708228614363,40.2048252067201,-0.001053234454054438,-0.0048720775884339455
A-Injury,fixed object,Clear,Daylight,Dry,No Controls,urbana,2005,0,1,663,POINT (-88.190663 40.091114),POINT,-88.190663,40.091114000000005,-0.0031019927236500934,-0.007723421061233585
A-Injury,angle,Clear,Daylight,Dry,Stop Sign/Flasher,champaign,2005,0,1,658,POINT (-88.2431156508192 40.1153511273423),POINT,-88.2431156508192,40.115351127342294,-0.0025055069067132295,-0.00711566764061462
A-Injury,overturned,Clear,Daylight,Dry,Lane Use Marking,unincorporated,2003,0,1,87,POINT (-88.1450770323244 40.367452475554),POINT,-88.1450770323244,40.367452475553996,-0.003620391369765524,-0.0007941488172603182
A-Injury,angle,Rain,Daylight,Wet,Traffic Signal,champaign,2005,0,2,659,POINT (-88.242175429205 40.1178259653945),POINT,-88.242175429205,40.1178259653945,-0.0025161990042314518,-0.007053610315484208
A-Injury,pedestrian,Clear,"Darkness, lighted road",Dry,No Controls,champaign,2005,0,1,660,POINT (-88.2388061320679 40.1241423297854),POINT,-88.2388061320679,40.1241423297854,-0.002554514283324986,-0.006895225536206093
A-Injury,turning,Rain,"Darkness, lighted road",Wet,Traffic Signal,champaign,2005,0,2,661,POINT (-88.2387965888756 40.1272467301059),POINT,-88.2387965888756,40.1272467301059,-0.002554622807465545,-0.006817381743618344
A-Injury,turning,Clear,Daylight,Dry,Stop Sign/Flasher,urbana,2005,0,1,664,POINT (-88.1945719385318 40.1056738124593),POINT,-88.1945719385318,40.105673812459294,-0.0030575407015486825,-0.0073583292869182195
A-Injury,sideswipe opposite,Clear,Dusk,Dry,No Controls,urbana,2005,0,3,665,POINT (-88.1908143224274 40.1027595444626),POINT,-88.1908143224274,40.1027595444626,-0.003100271901531127,-0.007431405453023958
A-Injury,overturned,Clear,Darkness,Dry,No Controls,champaign,2005,0,1,666,POINT (-88.2468950863286 40.127764026635),POINT,-88.2468950863286,40.127764026635,-0.002462527578839877,-0.0068044103740912175
A-Injury,fixed object,Clear,Daylight,Wet,Lane Use Marking,champaign,2005,0,1,667,POINT (-88.2406333023011 40.1174594996581),POINT,-88.2406333023011,40.1174594996581,-0.002533735902972059,-0.0070627995565064805
A-Injury,turning,Clear,Daylight,Dry,Traffic Signal,champaign,2005,0,1,668,POINT (-88.2771912125584 40.1392387502071),POINT,-88.2771912125584,40.1392387502071,-0.0021180033398935437,-0.006516678152235338
A-Injury,fixed object,Snow,Darkness,Snow or slush,No Controls,champaign,2005,0,1,669,POINT (-88.3133810903904 40.1041994786564),POINT,-88.3133810903904,40.1041994786564,-0.0017064560013641038,-0.0073952986603588195
A-Injury,overturned,Clear,Daylight,Dry,No Controls,urbana,2005,0,1,670,POINT (-88.1690835208639 40.0847514965423),POINT,-88.1690835208639,40.084751496542296,-0.0033473922037629313,-0.00788296279179897
A-Injury,pedalcyclist,Clear,Daylight,Dry,Stop Sign/Flasher,champaign,2005,0,1,671,POINT (-88.2403080396448 40.1079097123128),POINT,-88.2403080396448,40.1079097123128,-0.0025374347543786974,-0.007302263410589854
A-Injury,angle,Clear,Daylight,Dry,Stop Sign/Flasher,champaign,2005,0,1,672,POINT (-88.2386916400037 40.1079348368823),POINT,-88.2386916400037,40.10793483688229,-0.0025558162745757617,-0.007301633404284334
A-Injury,pedestrian,Clear,Daylight,Dry,No Controls,champaign,2005,0,1,673,POINT (-88.2387058559046 40.1109134033882),POINT,-88.2387058559046,40.1109134033882,-0.002555654612903147,-0.007226944933289299
A-Injury,fixed object,Clear,"Darkness, lighted road",Dry,No Controls,urbana,2005,0,1,674,POINT (-88.2049274570446 40.1101037328879),POINT,-88.2049274570446,40.1101037328879,-0.002939778875912661,-0.007247247670044518
A-Injury,angle,Clear,Daylight,Dry,Traffic Signal,champaign,2005,0,1,675,POINT (-88.2333912475804 40.1014716446583),POINT,-88.2333912475804,40.1014716446583,-0.0026160917583752732,-0.007463699936624507
A-Injury,turning,Clear,"Darkness, lighted road",Dry,No Controls,champaign,2005,0,1,676,POINT (-88.2334864745911 40.1070436254747),POINT,-88.2334864745911,40.1070436254747,-0.002615008847208977,-0.007323980804362277
A-Injury,angle,Clear,Daylight,Unknown,Stop Sign/Flasher,champaign,2005,0,1,677,POINT (-88.2334791964094 40.1054187295376),POINT,-88.2334791964094,40.105418729537604,-0.0026150916138964232,-0.007364725569613329
A-Injury,turning,Clear,Daylight,Dry,No Controls,champaign,2005,0,2,678,POINT (-88.2321227325799 40.1231224031141),POINT,-88.2321227325799,40.1231224031141,-0.002630517172430711,-0.006920800511099258
A-Injury,parked motor vehicle,Clear,Daylight,Dry,No Controls,champaign,2005,0,4,679,POINT (-88.2288042793323 40.1062981320734),POINT,-88.2288042793323,40.1062981320734,-0.002668254260365217,-0.007342674280626722
A-Injury,parked motor vehicle,Rain,Darkness,Wet,No Controls,unincorporated,2005,0,1,680,POINT (-88.1946372518286 40.122098016945),POINT,-88.1946372518286,40.122098016945,-0.003056797965870107,-0.006946487309271033
A-Injury,turning,Clear,Daylight,Dry,Stop Sign/Flasher,urbana,2005,0,1,681,POINT (-88.1627197334428 40.1058488074822),POINT,-88.1627197334428,40.105848807482204,-0.0034197604993476023,-0.007353941232910717
A-Injury,turning,Clear,Daylight,Dry,Traffic Signal,champaign,2005,0,2,682,POINT (-88.2436546610806 40.1336173296324),POINT,-88.2436546610806,40.13361732963239,-0.002499377340884198,-0.0066576370016388315
A-Injury,rear end,Clear,Daylight,Dry,No Controls,champaign,2005,0,1,683,POINT (-88.2435193779539 40.11280805885),POINT,-88.2435193779539,40.11280805885,-0.002500915765827162,-0.007179435865009892
A-Injury,turning,Clear,"Darkness, lighted road",ICE,Traffic Signal,champaign,2005,0,1,685,POINT (-88.243655397993 40.1336174723992),POINT,-88.243655397993,40.1336174723992,-0.0024993689607968866,-0.006657633421717219
A-Injury,other non collision,Clear,Daylight,Dry,Traffic Signal,champaign,2005,0,2,686,POINT (-88.2468736365427 40.0835445642901),POINT,-88.2468736365427,40.0835445642901,-0.0024627715034627267,-0.007913226989134237
A-Injury,rear end,Clear,Daylight,Dry,No Controls,champaign,2005,0,1,687,POINT (-88.2447161228838 40.0976847235211),POINT,-88.2447161228838,40.097684723521105,-0.002487306513176871,-0.007558658148554456
A-Injury,angle,Clear,Daylight,Dry,Traffic Signal,champaign,2005,0,2,688,POINT (-88.2451873798106 40.1163078282572),POINT,-88.2451873798106,40.116307828257206,-0.00248194743086969,-0.007091678071003673
A-Injury,angle,Clear,Daylight,Wet,Traffic Signal,champaign,2005,0,2,689,POINT (-88.2451873808843 40.1163078274345),POINT,-88.2451873808843,40.116307827434504,-0.002481947418659678,-0.0070916780916331764
A-Injury,pedalcyclist,Clear,Daylight,Dry,Stop Sign/Flasher,champaign,2005,0,2,690,POINT (-88.2452015302198 40.1212000109569),POINT,-88.2452015302198,40.1212000109569,-0.0024817865139615874,-0.00696900508554459
A-Injury,fixed object,Clear,Darkness,Unknown,Lane Use Marking,unincorporated,2000,0,1,276,POINT (-88.188895946388 40.258676317637),POINT,-88.188895946388,40.258676317637,-0.003122087464351716,-0.0035217444238773497
A-Injury,rear end,Clear,Daylight,Snow or slush,Traffic signal,champaign,2000,0,1,277,POINT (-88.2767915047882 40.1128753059218),POINT,-88.2767915047882,40.1128753059218,-0.0021225487730055005,-0.007177749624007227
A-Injury,angle,Clear,Daylight,Dry,Stop Sign/Flasher,champaign,2005,0,2,691,POINT (-88.2468729974285 40.1212053063892),POINT,-88.2468729974285,40.1212053063892,-0.0024627787713996717,-0.00696887230095135
A-Injury,rear end,Clear,Daylight,Dry,No Controls,champaign,2005,0,1,692,POINT (-88.2467966607907 40.1126190665207),POINT,-88.2467966607907,40.11261906652071,-0.002463646863308307,-0.007184174905778872
A-Injury,fixed object,Rain,"Darkness, lighted road",Wet,No Controls,urbana,2005,0,1,693,POINT (-88.2157718749968 40.1226083038663),POINT,-88.2157718749968,40.12260830386629,-0.002816457339242981,-0.006933691707814984
A-Injury,turning,Clear,Daylight,Dry,Stop Sign/Flasher,champaign,2005,0,1,694,POINT (-88.2542067349254 40.1126446958958),POINT,-88.2542067349254,40.112644695895796,-0.002379380309477868,-0.007183532241317936
A-Injury,turning,Clear,Daylight,Dry,No Controls,champaign,2005,0,1,695,POINT (-88.2531781537485 40.1280051995481),POINT,-88.2531781537485,40.1280051995481,-0.002391077222293777,-0.006798362889138605
A-Injury,turning,Clear,Daylight,Dry,No Controls,urbana,2005,0,2,696,POINT (-88.2193543603226 40.1154864290368),POINT,-88.2193543603226,40.1154864290368,-0.0027757177073493367,-0.007112274909021874
A-Injury,pedalcyclist,Clear,Daylight,Dry,Traffic Signal,champaign,2005,0,1,697,POINT (-88.25795987083 40.1358411803525),POINT,-88.25795987083,40.1358411803525,-0.0023367000578381858,-0.006601873261035275
A-Injury,turning,Clear,Daylight,Dry,Traffic Signal,urbana,2005,0,1,698,POINT (-88.2195613492871 40.1341665890618),POINT,-88.2195613492871,40.1341665890618,-0.002773363851449537,-0.006643864152558408
A-Injury,angle,Clear,Daylight,Dry,No Controls,champaign,2005,0,1,699,POINT (-88.2578735563424 40.1192104624317),POINT,-88.2578735563424,40.1192104624317,-0.002337681616765096,-0.007018893626566734
A-Injury,angle,Clear,Daylight,Dry,Stop Sign/Flasher,urbana,2005,0,1,700,POINT (-88.2191277227523 40.1006242992693),POINT,-88.2191277227523,40.10062429926929,-0.002778295005048376,-0.007484947382798329
A-Injury,angle,Clear,Daylight,Dry,Traffic Signal,champaign,2005,0,2,701,POINT (-88.257766809712 40.1126589579908),POINT,-88.257766809712,40.112658957990796,-0.0023388955277886506,-0.007183174614900453
A-Injury,rear end,Clear,Daylight,Dry,Traffic Signal,urbana,2005,0,1,702,POINT (-88.2193700773236 40.1164391840334),POINT,-88.2193700773236,40.116439184033396,-0.0027755389753303028,-0.007088384284525996
A-Injury,turning,Clear,Daylight,Dry,No Controls,champaign,2005,0,1,704,POINT (-88.2578455644482 40.1172915290456),POINT,-88.2578455644482,40.1172915290456,-0.0023379999375290356,-0.007067011471263114
A-Injury,parked motor vehicle,Rain,Darkness,Wet,No Controls,champaign,2005,0,1,725,POINT (-88.249404 40.118262),POINT,-88.249404,40.118262,-0.00243399648655891,-0.0070426766136779655
A-Injury,rear end,Clear,Daylight,Dry,No Controls,champaign,2005,0,2,705,POINT (-88.2579292648432 40.132159362726),POINT,-88.2579292648432,40.132159362726,-0.002337048105777789,-0.006694195970117073
A-Injury,pedalcyclist,Rain,"Darkness, lighted road",Wet,Traffic Signal,urbana,2005,0,1,706,POINT (-88.2192974816069 40.1090816899573),POINT,-88.2192974816069,40.1090816899573,-0.002776364525892702,-0.007272875710790418
A-Injury,fixed object,Clear,Daylight,Dry,Lane Use Marking,rantoul,2003,0,2,88,POINT (-88.1840123143073 40.3082134238145),POINT,-88.1840123143073,40.3082134238145,-0.0031776235950483197,-0.002279586254645273
A-Injury,rear end,Clear,"Darkness, lighted road",Dry,Traffic Signal,champaign,2005,0,1,707,POINT (-88.2579452748025 40.1380085089733),POINT,-88.2579452748025,40.1380085089733,-0.0023368660422690684,-0.006547526829451434
A-Injury,rear end,Clear,Daylight,Dry,Traffic Signal,champaign,2005,0,2,708,POINT (-88.2578791989801 40.1425855141017),POINT,-88.2578791989801,40.142585514101704,-0.0023376174493053526,-0.006432757018504226
A-Injury,turning,Clear,Darkness,Dry,No Controls,champaign,2005,0,3,709,POINT (-88.2579353490764 40.1258439381313),POINT,-88.2579353490764,40.1258439381313,-0.0023369789165422076,-0.006852557183716636
A-Injury,rear end,Clear,Daylight,Wet,No Controls,champaign,2005,0,1,710,POINT (-88.2575950127388 40.0974659756665),POINT,-88.2575950127388,40.0974659756665,-0.0023408491842064083,-0.007564143318269941
A-Injury,turning,Clear,Daylight,Dry,Traffic Signal,urbana,2005,0,2,711,POINT (-88.2193083578608 40.1105832101965),POINT,-88.2193083578608,40.1105832101965,-0.002776240842321159,-0.007235224629100077
A-Injury,rear end,Clear,Daylight,Dry,No Controls,champaign,2005,0,1,713,POINT (-88.2770048262154 40.1311021184125),POINT,-88.2770048262154,40.1311021184125,-0.0021201229050315444,-0.00672070669636303
A-Injury,turning,Clear,Daylight,Dry,Traffic Signal,champaign,2005,0,1,714,POINT (-88.2767861162827 40.1128763148641),POINT,-88.2767861162827,40.1128763148641,-0.0021226100505017426,-0.0071777243244686775
A-Injury,rear end,Clear,Daylight,Wet,No Controls,champaign,2005,0,2,715,POINT (-88.2764949734886 40.098246201741),POINT,-88.2764949734886,40.098246201741,-0.0021259208945614825,-0.007544578909545476
A-Injury,turning,Clear,Daylight,Dry,No Controls,champaign,2005,0,3,716,POINT (-88.2769583758299 40.127836673943),POINT,-88.2769583758299,40.127836673943,-0.002120651133742726,-0.006802588720505232
A-Injury,turning,Snow,"Darkness, lighted road",Wet,Traffic Signal,champaign,2005,0,1,717,POINT (-88.2764948870334 40.098246142404),POINT,-88.2764948870334,40.098246142404,-0.0021259218777205996,-0.007544580397438935
A-Injury,rear end,Clear,Daylight,Dry,Traffic Signal,champaign,2005,0,1,718,POINT (-88.2767877785395 40.1128749178658),POINT,-88.2767877785395,40.112874917865796,-0.0021225911474988643,-0.007177759354630786
A-Injury,fixed object,Clear,Darkness,ICE,No Controls,unincorporated,2005,0,1,719,POINT (-88.3077394050491 40.0896301034686),POINT,-88.3077394050491,40.0896301034686,-0.0017706126309555866,-0.007760630223031895
A-Injury,pedestrian,Rain,Daylight,Wet,No Controls,urbana,2005,0,1,720,POINT (-88.2076181225184 40.1124807618199),POINT,-88.2076181225184,40.112480761819896,-0.002909180921983296,-0.007187642938678111
A-Injury,fixed object,Clear,Daylight,Dry,No Controls,champaign,2005,0,1,721,POINT (-88.2331368802669 40.116370718772),POINT,-88.2331368802669,40.116370718772004,-0.0026189843956858144,-0.00709010107200734
A-Injury,rear end,Clear,Daylight,Dry,No Controls,urbana,2005,0,4,722,POINT (-88.2239613691299 40.1127749752943),POINT,-88.2239613691299,40.1127749752943,-0.0027233273063088175,-0.007180265445341695
A-Injury,angle,Clear,Daylight,Dry,Traffic Signal,champaign,2005,0,2,723,POINT (-88.2451873808843 40.1163078274345),POINT,-88.2451873808843,40.116307827434504,-0.002481947418659678,-0.0070916780916331764
A-Injury,angle,Clear,Daylight,Dry,Stop Sign/Flasher,champaign,2005,0,2,724,POINT (-88.27245342159 40.1164057803538),POINT,-88.27245342159,40.1164057803538,-0.0021718809813878978,-0.0070892218920629085
A-Injury,head on,Other,Dawn,ICE,No Controls,urbana,2005,0,2,726,POINT (-88.221651808658 40.116429885763),POINT,-88.221651808658,40.116429885763004,-0.002749591375775868,-0.0070886174415151345
A-Injury,rear end,Clear,Daylight,Dry,No Controls,urbana,2005,0,1,727,POINT (-88.2157968373511 40.1164617677987),POINT,-88.2157968373511,40.116461767798704,-0.0028161734700759057,-0.007087817989666778
A-Injury,turning,Clear,Daylight,Dry,Traffic Signal,urbana,2005,0,4,728,POINT (-88.2075326842257 40.1164261335155),POINT,-88.2075326842257,40.1164261335155,-0.002910152516917452,-0.0070887115302749795
A-Injury,pedestrian,Clear,Daylight,Dry,No Controls,urbana,2005,0,1,729,POINT (-88.1678601547572 40.1133309599387),POINT,-88.1678601547572,40.1133309599387,-0.0033613041895285897,-0.007166323959427389
A-Injury,angle,Clear,Daylight,Dry,Stop Sign/Flasher,champaign,2005,0,1,730,POINT (-88.2320864990127 40.1202537199642),POINT,-88.2320864990127,40.120253719964204,-0.0026309292165999716,-0.006992733623155033
A-Injury,pedestrian,Clear,Daylight,Dry,Traffic Signal,urbana,2005,0,1,731,POINT (-88.20902056614 40.116525243238),POINT,-88.20902056614,40.116525243238,-0.002893232486274648,-0.007086226323508754
A-Injury,pedestrian,Clear,Daylight,Dry,No Controls,champaign,2005,0,1,732,POINT (-88.2518038041985 40.1255399767328),POINT,-88.2518038041985,40.125539976732796,-0.002406706175288141,-0.0068601791092470915
A-Injury,fixed object,Clear,Daylight,Dry,Traffic Signal,champaign,2005,0,1,733,POINT (-88.2452091614293 40.127206068769),POINT,-88.2452091614293,40.127206068769,-0.002481699732680544,-0.006818401339143885
A-Injury,fixed object,Clear,"Darkness, lighted road",Dry,No Controls,urbana,2005,0,1,734,POINT (-88.2217984416691 40.1232804381214),POINT,-88.2217984416691,40.1232804381214,-0.002747923881186957,-0.0069168377346982
A-Injury,turning,Clear,Daylight,Dry,No Controls,champaign,2005,0,2,735,POINT (-88.2768509283231 40.1274225714374),POINT,-88.2768509283231,40.1274225714374,-0.0021218730150561462,-0.00681297246816278
A-Injury,angle,Clear,Daylight,Dry,No Controls,champaign,2005,0,1,736,POINT (-88.2579480281799 40.1271725430435),POINT,-88.2579480281799,40.1271725430435,-0.0023368347311619442,-0.006819242007019369
A-Injury,turning,Clear,Daylight,Dry,No Controls,champaign,2005,0,2,737,POINT (-88.2772941364519 40.1274276886737),POINT,-88.2772941364519,40.1274276886737,-0.002116832900616713,-0.006812844151889125
A-Injury,fixed object,Clear,Daylight,Dry,Lane Use Marking,unincorporated,2000,0,1,278,POINT (-88.3035283944078 40.0397403103942),POINT,-88.3035283944078,40.0397403103942,-0.001818499784098006,-0.009011632124648963
A-Injury,rear end,Clear,Daylight,Dry,Traffic Signal,champaign,2005,0,1,738,POINT (-88.2769606693257 40.127423520908),POINT,-88.2769606693257,40.127423520907996,-0.0021206250523589892,-0.0068129486598956296
A-Injury,angle,Rain,"Darkness, lighted road",Wet,Stop Sign/Flasher,champaign,2005,0,2,739,POINT (-88.2410721698789 40.1272054633268),POINT,-88.2410721698789,40.127205463326796,-0.0025287451488045956,-0.0068184165207932895
A-Injury,sideswipe - same dir,Clear,Daylight,Wet,Lane Use Marking,champaign,1999,0,2,416,POINT (-88.2837106497151 40.1462532484607),POINT,-88.2837106497151,40.1462532484607,-0.002043865012513579,-0.006340787451685397
A-Injury,fixed object,Clear,Daylight,Dry,No Controls,champaign,2005,0,2,740,POINT (-88.2514646421729 40.1271978700264),POINT,-88.2514646421729,40.1271978700264,-0.002410563088804474,-0.006818606925135522
A-Injury,rear end,Clear,Daylight,Dry,No Controls,champaign,2005,0,8,741,POINT (-88.2707265533316 40.1273435531983),POINT,-88.2707265533316,40.127343553198294,-0.0021915187386369163,-0.006814953874805142
A-Injury,parked motor vehicle,Clear,Daylight,Dry,No Controls,champaign,2005,0,1,743,POINT (-88.249031063703 40.1304201282358),POINT,-88.249031063703,40.1304201282358,-0.0024382374774012385,-0.0067378078097443915
A-Injury,other object,Clear,Darkness,Dry,No Controls,urbana,2005,0,1,744,POINT (-88.2078937710214 40.1274985000161),POINT,-88.2078937710214,40.1274985000161,-0.0029060462773097635,-0.006811068535705044
A-Injury,rear end,Clear,Daylight,Dry,Traffic Signal,champaign,2005,0,2,745,POINT (-88.2767922750928 40.1128759546928),POINT,-88.2767922750928,40.1128759546928,-0.002122540013185766,-0.007177733355874925
A-Injury,sideswipe same direction,Clear,Daylight,Dry,No Controls,champaign,2005,0,1,746,POINT (-88.2387336864727 40.112645815513),POINT,-88.2387336864727,40.112645815513,-0.002555338126721989,-0.0071835041665723205
A-Injury,rear end,Clear,"Darkness, lighted road",Dry,Traffic Signal,champaign,2005,0,2,747,POINT (-88.2860458398548 40.1129354097116),POINT,-88.2860458398548,40.112935409711596,-0.0020173094852633626,-0.007176242502997097
A-Injury,angle,Clear,Daylight,Dry,Traffic Signal,champaign,2005,0,1,748,POINT (-88.2451371529597 40.1126315268338),POINT,-88.2451371529597,40.112631526833795,-0.002482518605133045,-0.0071838624595968745
A-Injury,sideswipe opposite,Clear,Daylight,Dry,No Controls,mahomet,2006,0,2,790,POINT (-88.407802 40.191896),POINT,-88.407802,40.191896,-0.0006327117286763923,-0.005196281422455212
A-Injury,angle,Clear,Daylight,Dry,Traffic Signal,champaign,2005,0,2,749,POINT (-88.2451371283539 40.1126314774031),POINT,-88.2451371283539,40.1126314774031,-0.002482518884947476,-0.007183863699086776
A-Injury,turning,Clear,Daylight,Dry,Traffic Signal,champaign,2005,0,3,750,POINT (-88.2435184919634 40.1126023240147),POINT,-88.2435184919634,40.1126023240147,-0.002500925841214398,-0.007184594729265002
A-Injury,fixed object,Rain,"Darkness, lighted road",Wet,No Controls,champaign,2005,0,2,751,POINT (-88.2769937214899 40.1128742770459),POINT,-88.2769937214899,40.1128742770459,-0.002120249186757241,-0.007177775423386782
A-Injury,angle,Rain,Darkness,Wet,Traffic Signal,champaign,2005,0,2,753,POINT (-88.2828716121879 40.1129008192942),POINT,-88.2828716121879,40.112900819294204,-0.0020534064556444066,-0.007177109868349192
A-Injury,angle,Clear,Daylight,Dry,No Controls,champaign,2005,0,1,754,POINT (-88.2389567251659 40.1102271336529),POINT,-88.2389567251659,40.1102271336529,-0.002552801755060152,-0.007244153357918513
A-Injury,rear end,Clear,Daylight,Dry,Lane Use Marking,unincorporated,1999,0,4,417,POINT (-88.0395745312823 40.3127355873537),POINT,-88.0395745312823,40.3127355873537,-0.004820154290039807,-0.002166191613410228
A-Injury,angle,Other,Daylight,Wet,Lane Use Marking,champaign,2005,0,1,755,POINT (-88.2408361515995 40.1102188832512),POINT,-88.2408361515995,40.11021888325121,-0.002531429122903268,-0.00724436023927779
A-Injury,fixed object,Clear,Darkness,Dry,No Controls,champaign,2005,0,1,756,POINT (-88.2726737608662 40.1102943127658),POINT,-88.2726737608662,40.110294312765795,-0.002169375307201503,-0.007242468821006179
A-Injury,turning,Clear,Darkness,Dry,Stop Sign/Flasher,champaign,2005,0,1,757,POINT (-88.2335846435326 40.1102715905427),POINT,-88.2335846435326,40.1102715905427,-0.00261389248072704,-0.007243038587736946