crash_severity,collision_type,weather,light,road_surface,traffic_control,city,year,fatality,injury,id,Geometry,point,x,y,norm_x,norm_y
A-Injury,turning,Clear,Daylight,Dry,Traffic Signal,champaign,2006,0,2,881,POINT (-88.2333289142512 40.0981010541243),POINT,-88.2333289142512,40.0981010541243,-0.0026168006061876854,-0.007548218530664671
A-Injury,pedalcyclist,Clear,Dusk,Dry,No Controls,champaign,2006,0,1,882,POINT (-88.2321202573035 40.1221311113007),POINT,-88.2321202573035,40.1221311113007,-0.002630545321003492,-0.006945657458125887
A-Injury,pedestrian,Clear,Daylight,Dry,No Controls,champaign,2006,0,1,887,POINT (-88.243511 40.111629),POINT,-88.243511,40.111629,-0.002501011039004029,-0.007209001128214486
A-Injury,angle,Clear,Daylight,Dry,Stop Sign/Flasher,urbana,2006,0,1,883,POINT (-88.2013015430836 40.1077020023942),POINT,-88.2013015430836,40.107702002394205,-0.0029810123735032044,-0.007307471800665849
A-Injury,turning,Clear,Daylight,Dry,Stop Sign/Flasher,urbana,2006,0,1,884,POINT (-88.1955501348185 40.1000429456613),POINT,-88.1955501348185,40.10004294566129,-0.0030464167602017775,-0.007499525003275395
A-Injury,other non collision,Clear,Daylight,Dry,No Controls,urbana,2006,0,1,885,POINT (-88.1624327879322 40.0987249145745),POINT,-88.1624327879322,40.0987249145745,-0.0034230236123577278,-0.007532575038049323
A-Injury,pedestrian,Clear,"Darkness, lighted road",Dry,No Controls,champaign,2006,0,1,886,POINT (-88.2436208197678 40.1284417108248),POINT,-88.2436208197678,40.128441710824795,-0.002499762180597653,-0.006787417234655536
A-Injury,pedestrian,Clear,Daylight,Dry,No Controls,champaign,2006,0,1,888,POINT (-88.2435309210844 40.1212132168621),POINT,-88.2435309210844,40.1212132168621,-0.002500784498607729,-0.006968673943410981
A-Injury,pedalcyclist,Clear,Daylight,Dry,Traffic Signal,champaign,2006,0,1,889,POINT (-88.2468799987227 40.0835899709075),POINT,-88.2468799987227,40.083589970907504,-0.002462699153446532,-0.007912088404241084
A-Injury,turning,Clear,Daylight,Dry,Stop Sign/Flasher,champaign,2006,0,1,890,POINT (-88.2434499927179 40.1049819327843),POINT,-88.2434499927179,40.1049819327843,-0.0025017048071536573,-0.00737567838251016
A-Injury,rear end,Clear,"Darkness, lighted road",Dry,No Controls,champaign,2006,0,3,891,POINT (-88.2434871248367 40.1103602590801),POINT,-88.2434871248367,40.1103602590801,-0.002501282544753676,-0.007240815196897518
A-Injury,pedestrian,Clear,Darkness,Dry,No Controls,champaign,2006,0,1,892,POINT (-88.2484154609834 40.1437322537124),POINT,-88.2484154609834,40.14373225371239,-0.0024452380443006727,-0.006404002170162947
A-Injury,fixed object,Clear,"Darkness, lighted road",Dry,No Controls,champaign,2006,0,1,893,POINT (-88.2434309648847 40.1071650860183),POINT,-88.2434309648847,40.1071650860183,-0.002501921189594889,-0.007320935143884519
A-Injury,rear end,Clear,Daylight,Dry,No Controls,champaign,2006,0,1,894,POINT (-88.24545010549 40.0928906334517),POINT,-88.24545010549,40.0928906334517,-0.0024789597431350463,-0.0076788714311472085
A-Injury,other non collision,Clear,"Darkness, lighted road",Dry,No Controls,champaign,2006,0,1,895,POINT (-88.2454518614616 40.092874852272),POINT,-88.2454518614616,40.092874852272,-0.0024789397744176623,-0.007679267149080766
A-Injury,rear end,Clear,Daylight,Dry,No Controls,champaign,2006,0,1,896,POINT (-88.2436480661639 40.1324574616752),POINT,-88.2436480661639,40.13245746167521,-0.0024994523375566798,-0.006686721047305225
A-Injury,fixed object,Fog/Smoke/Haze,Daylight,Wet,Traffic Signal,champaign,2006,0,1,897,POINT (-88.2452308117909 40.1183099394079),POINT,-88.2452308117909,40.118309939407894,-0.002481453527132758,-0.007041474518284501
A-Injury,pedestrian,Rain,Daylight,Wet,Traffic Signal,champaign,2006,0,1,899,POINT (-88.2468468828576 40.1163417351464),POINT,-88.2468468828576,40.1163417351464,-0.002463075743448066,-0.007090827845331351
A-Injury,angle,Clear,Darkness,Dry,Traffic signal,champaign,2003,0,2,92,POINT (-88.2771912125584 40.1392387502071),POINT,-88.2771912125584,40.1392387502071,-0.0021180033398935437,-0.006516678152235338
A-Injury,rear end,Clear,Daylight,Dry,No Controls,champaign,2006,0,2,900,POINT (-88.2468102113195 40.112530984981),POINT,-88.2468102113195,40.112530984981,-0.002463492768174537,-0.007186383577470654
A-Injury,pedalcyclist,Rain,Daylight,Wet,Yield,urbana,2006,0,1,901,POINT (-88.2176793573504 40.1074309778382),POINT,-88.2176793573504,40.1074309778382,-0.0027947656582276124,-0.007314267824743233
A-Injury,turning,Clear,Daylight,Dry,Traffic Signal,champaign,2006,0,1,902,POINT (-88.2578227368503 40.1126394103048),POINT,-88.2578227368503,40.1126394103048,-0.002338259530479458,-0.007183664779137347
A-Injury,pedestrian,Clear,Daylight,Dry,Stop Sign/Flasher,urbana,2006,0,2,903,POINT (-88.2192523166444 40.1059768134269),POINT,-88.2192523166444,40.1059768134269,-0.002776878136913944,-0.00735073144448779
A-Injury,rear end,Clear,Daylight,Dry,No Controls,urbana,2006,0,1,904,POINT (-88.2195454917881 40.1271430668127),POINT,-88.2195454917881,40.1271430668127,-0.0027735441811965124,-0.006819981132570131
A-Injury,turning,Clear,Daylight,Dry,No Controls,urbana,2006,0,1,905,POINT (-88.2190336640847 40.0945439743642),POINT,-88.2190336640847,40.09454397436421,-0.0027793646299444836,-0.007637413399391493
A-Injury,turning,Clear,Daylight,Dry,Traffic Signal,urbana,2006,0,1,906,POINT (-88.2196022158586 40.1371206488482),POINT,-88.2196022158586,40.1371206488482,-0.0027728991212613895,-0.0065697901950903725
A-Injury,rear end,Clear,Daylight,Dry,Traffic Signal,champaign,2006,0,1,907,POINT (-88.2579796969484 40.1320107785612),POINT,-88.2579796969484,40.1320107785612,-0.0023364745973850024,-0.006697921763736519
A-Injury,angle,Clear,Dusk,Dry,Stop Sign/Flasher,urbana,2006,0,2,910,POINT (-88.2191607397686 40.100649478168),POINT,-88.2191607397686,40.100649478168,-0.0027779195391447755,-0.007484316014171086
A-Injury,other object,Clear,Darkness,Wet,Lane Use Marking,champaign,2006,0,1,911,POINT (-88.2577702425156 40.1063005029465),POINT,-88.2577702425156,40.1063005029465,-0.00233885649032089,-0.0073426148302546115
A-Injury,turning,Clear,"Darkness, lighted road",Dry,Traffic Signal,champaign,2006,0,2,912,POINT (-88.2578891219259 40.1163122007397),POINT,-88.2578891219259,40.116312200739706,-0.0023375046066494458,-0.007091568429660507
A-Injury,angle,Clear,Daylight,Dry,Stop Sign/Flasher,champaign,2006,0,2,913,POINT (-88.2624998362509 40.1117490613173),POINT,-88.2624998362509,40.1117490613173,-0.002285072066866322,-0.0072059905537664205
A-Injury,fixed object,Clear,Daylight,Dry,No Controls,urbana,2006,0,1,914,POINT (-88.2241933362789 40.1241226309501),POINT,-88.2241933362789,40.124122630950104,-0.002720689401222684,-0.006895719490558188
A-Injury,fixed object,Rain,Daylight,Wet,No Controls,urbana,2006,0,1,915,POINT (-88.2242271854792 40.1247678201064),POINT,-88.2242271854792,40.1247678201064,-0.0027203044718135164,-0.0068795411740792305
A-Injury,angle,Clear,Daylight,Dry,Stop Sign/Flasher,urbana,2006,0,1,916,POINT (-88.2271420050955 40.1221645403296),POINT,-88.2271420050955,40.1221645403296,-0.0026871574614545975,-0.006944819214947449
A-Injury,pedestrian,Clear,Dusk,Dry,No Controls,champaign,2006,0,1,917,POINT (-88.2724605431086 40.1200340923848),POINT,-88.2724605431086,40.1200340923848,-0.00217179999625618,-0.006998240852240415
A-Injury,rear end,Clear,Daylight,Dry,No Controls,unincorporated,2006,0,1,918,POINT (-88.2769791524415 40.1479101646643),POINT,-88.2769791524415,40.147910164664296,-0.0021204148643846456,-0.006299239768406284
A-Injury,rear end,Clear,Dusk,Dry,No Controls,champaign,2006,0,3,919,POINT (-88.2768203597986 40.1187432871382),POINT,-88.2768203597986,40.1187432871382,-0.0021222206369784042,-0.007030608190699858
A-Injury,pedalcyclist,Clear,Daylight,Dry,No Controls,champaign,2006,0,2,920,POINT (-88.2769244718102 40.1219788830574),POINT,-88.2769244718102,40.1219788830574,-0.0021210366865522315,-0.00694947462813431
A-Injury,turning,Clear,Darkness,Dry,Traffic Signal,champaign,2006,0,2,921,POINT (-88.2770894247785 40.1577601071901),POINT,-88.2770894247785,40.1577601071901,-0.0021191608594107922,-0.0060522494308792515
A-Injury,rear end,Clear,Daylight,Dry,No Controls,champaign,2006,0,1,922,POINT (-88.277181180762 40.1370985702872),POINT,-88.277181180762,40.1370985702872,-0.002118117420386744,-0.0065703438217963
A-Injury,rear end,Clear,Daylight,Wet,No Controls,champaign,2006,0,1,923,POINT (-88.2769943906114 40.1276845565082),POINT,-88.2769943906114,40.1276845565082,-0.0021202415775805603,-0.0068064031119564414
A-Injury,angle,Clear,"Darkness, lighted road",Dry,Traffic Signal,champaign,2006,0,3,924,POINT (-88.2769874814834 40.1274113646407),POINT,-88.2769874814834,40.1274113646407,-0.002120320147429698,-0.0068132534820359225
A-Injury,rear end,Clear,Daylight,Dry,No Controls,champaign,2006,0,1,925,POINT (-88.2769880212359 40.1274081877214),POINT,-88.2769880212359,40.1274081877214,-0.0021203140094233084,-0.006813333144264222
A-Injury,head on,Clear,Daylight,Dry,No Controls,champaign,2006,0,1,926,POINT (-88.2770768594211 40.15736492721),POINT,-88.2770768594211,40.15736492721,-0.0021193037512828626,-0.006062158690391564
A-Injury,pedalcyclist,Clear,Daylight,Dry,Stop Sign/Flasher,champaign,2006,0,1,927,POINT (-88.286009854965 40.1093112266959),POINT,-88.286009854965,40.1093112266959,-0.002017718701500282,-0.007267120006491288
A-Injury,pedalcyclist,Clear,Daylight,Dry,Stop sign / flasher,rantoul,2000,0,1,284,POINT (-88.132902239189 40.312150594702),POINT,-88.132902239189,40.312150594702004,-0.00375884178773273,-0.002180860484026953
A-Injury,overturned,Severe cross wind,Darkness,Snow or slush,No Controls,mahomet,2000,0,2,285,POINT (-88.3776527094516 40.1863181097221),POINT,-88.3776527094516,40.1863181097221,-0.0009755661682893756,-0.005336148736281429
A-Injury,other non collision,Clear,Daylight,Dry,No Controls,urbana,1999,0,2,423,POINT (-88.2242129736989 40.1349806222795),POINT,-88.2242129736989,40.1349806222795,-0.002720466086627028,-0.0066234520193229705
A-Injury,turning,Clear,Daylight,Dry,Stop sign / flasher,champaign,1999,0,4,424,POINT (-88.2578735563424 40.1192104624317),POINT,-88.2578735563424,40.1192104624317,-0.002337681616765096,-0.007018893626566734
A-Injury,turning,Clear,Daylight,Dry,Lane Use Marking,urbana,1999,0,5,425,POINT (-88.1900357851518 40.1431743051124),POINT,-88.1900357851518,40.1431743051124,-0.0031091253424077136,-0.00641799290286756
A-Injury,head on,Clear,Daylight,Dry,Stop Sign/Flasher,champaign,2006,0,5,929,POINT (-88.3141903539796 40.0919602774548),POINT,-88.3141903539796,40.091960277454795,-0.0016972531442046538,-0.00770220039383855
A-Injury,fixed object,Clear,Daylight,Dry,No Controls,unincorporated,2006,0,1,930,POINT (-88.3143897069857 40.103559829693),POINT,-88.3143897069857,40.103559829693,-0.0016949861235900103,-0.007411338054797426
A-Injury,fixed object,Clear,Daylight,Dry,No Controls,urbana,2006,0,1,931,POINT (-88.1889654597585 40.1129513331215),POINT,-88.1889654597585,40.1129513331215,-0.0031212969658936554,-0.007175843218597562
A-Injury,turning,Clear,Daylight,Dry,Traffic Signal,champaign,2006,0,1,932,POINT (-88.2426400649715 40.1163698456615),POINT,-88.2426400649715,40.1163698456615,-0.002510915217036239,-0.007090122965521625
A-Injury,pedestrian,Clear,"Darkness, lighted road",Dry,No Controls,urbana,2006,0,3,933,POINT (-88.2160501768253 40.1127805312967),POINT,-88.2160501768253,40.1127805312967,-0.0028132925212416763,-0.00718012612687315
A-Injury,sideswipe same direction,Clear,Daylight,Dry,No Controls,champaign,2006,0,3,934,POINT (-88.247207660632 40.1163387960548),POINT,-88.247207660632,40.1163387960548,-0.0024589730179968854,-0.007090901543956973
A-Injury,turning,Rain,"Darkness, lighted road",Wet,Traffic Signal,champaign,2006,0,2,935,POINT (-88.2435032015798 40.1163612228415),POINT,-88.2435032015798,40.116361222841505,-0.002501099721786897,-0.007090339185384438
A-Injury,rear end,Clear,Daylight,Dry,No Controls,urbana,2006,0,1,936,POINT (-88.2239897759247 40.1128099616291),POINT,-88.2239897759247,40.1128099616291,-0.0027230042673405935,-0.007179388152238964
A-Injury,sideswipe same direction,Clear,Dawn,Dry,No Controls,champaign,2006,0,2,937,POINT (-88.2322066242539 40.1164099015452),POINT,-88.2322066242539,40.116409901545204,-0.0026295631654754065,-0.007089118551921297
A-Injury,turning,Rain,Daylight,Wet,No Controls,champaign,2006,0,2,938,POINT (-88.2748596357645 40.1164210553507),POINT,-88.2748596357645,40.116421055350706,-0.002144517776570122,-0.007088838866818718
A-Injury,turning,Clear,Daylight,Dry,Stop Sign/Flasher,urbana,2006,0,1,939,POINT (-88.1978385854762 40.1129811473585),POINT,-88.1978385854762,40.1129811473585,-0.0030203927492364643,-0.007175095617437517
A-Injury,angle,Clear,Daylight,Dry,Traffic Signal,champaign,2006,0,3,940,POINT (-88.2817413609298 40.1185008626874),POINT,-88.2817413609298,40.1185008626874,-0.0020662595495205926,-0.0070366870583452165
A-Injury,angle,Clear,"Darkness, lighted road",Dry,Traffic Signal,champaign,2006,0,2,941,POINT (-88.276802027292 40.1184702116942),POINT,-88.276802027292,40.1184702116942,-0.002122429112241416,-0.007037455641424274
A-Injury,pedestrian,Clear,"Darkness, lighted road",Wet,No Controls,champaign,2006,0,1,942,POINT (-88.2368854626155 40.1193188022904),POINT,-88.2368854626155,40.119318802290394,-0.0025763559265876428,-0.007016176971297353
A-Injury,turning,Clear,Daylight,Dry,Traffic Signal,urbana,2006,0,2,943,POINT (-88.2126412857066 40.1164754543222),POINT,-88.2126412857066,40.116475454322206,-0.002852058058770009,-0.007087474795881585
A-Injury,fixed object,Unknown,"Darkness, lighted road",Dry,Unknown,champaign,2006,0,1,944,POINT (-88.2320868022093 40.1202612097011),POINT,-88.2320868022093,40.1202612097011,-0.0026309257686813444,-0.006992545815699429
A-Injury,sideswipe same direction,Clear,"Darkness, lighted road",Dry,No Controls,urbana,2006,0,1,945,POINT (-88.224559202 40.1163812047909),POINT,-88.224559202,40.1163812047909,-0.0027165288161973855,-0.007089838131859295
A-Injury,sideswipe opposite,Clear,Darkness,Dry,No Controls,urbana,2006,0,1,946,POINT (-88.2267704987437 40.1202810218308),POINT,-88.2267704987437,40.1202810218308,-0.002691382191116266,-0.006992049020455295
A-Injury,turning,Clear,Dusk,Dry,Traffic Signal,urbana,2004,0,3,522,POINT (-88.1621494561884 40.0839948488388),POINT,-88.1621494561884,40.0839948488388,-0.0034262456300065266,-0.007901935965620666
A-Injury,rear end,Clear,Dusk,Dry,No Controls,champaign,2006,0,1,948,POINT (-88.2411169669495 40.1272185571834),POINT,-88.2411169669495,40.1272185571834,-0.0025282357214098648,-0.006818088188312862
A-Injury,turning,Clear,Daylight,Dry,Stop Sign/Flasher,champaign,2006,0,1,949,POINT (-88.2531986327381 40.1272021746193),POINT,-88.2531986327381,40.1272021746193,-0.0023908443374603553,-0.006818498986144989
A-Injury,rear end,Clear,Daylight,Wet,Police/Flagman,champaign,2006,0,1,950,POINT (-88.2686997547588 40.1273101919856),POINT,-88.2686997547588,40.1273101919856,-0.0022145672706668793,-0.006815790417471451
A-Injury,pedestrian,Clear,Daylight,Dry,No Controls,champaign,2006,0,1,951,POINT (-88.2652437285152 40.1273192121104),POINT,-88.2652437285152,40.1273192121104,-0.002253868823687964,-0.0068155642350685545
A-Injury,rear end,Clear,Daylight,Dry,Traffic Signal,champaign,2006,0,1,952,POINT (-88.2468585811549 40.1271633654741),POINT,-88.2468585811549,40.1271633654741,-0.0024629427116887054,-0.0068194721373941005
A-Injury,turning,Clear,Daylight,Dry,No Passing,champaign,2006,0,1,953,POINT (-88.2411952967363 40.1272185926251),POINT,-88.2411952967363,40.127218592625105,-0.0025273449636286425,-0.00681808729960113
A-Injury,rear end,Clear,Daylight,Dry,No Controls,champaign,2006,0,1,954,POINT (-88.2410895600635 40.1272199790067),POINT,-88.2410895600635,40.1272199790067,-0.0025285473895245,-0.006818052535656272
A-Injury,pedalcyclist,Clear,Daylight,Dry,No Controls,champaign,2006,0,1,955,POINT (-88.2420113332353 40.1272133866851),POINT,-88.2420113332353,40.1272133866851,-0.0025180650856786026,-0.006818217840147525
A-Injury,pedestrian,Clear,Daylight,Dry,No Controls,champaign,2006,0,1,957,POINT (-88.2370248123614 40.1303739513409),POINT,-88.2370248123614,40.1303739513409,-0.002574771256495264,-0.006738965709582582
A-Injury,turning,Clear,Daylight,Dry,Traffic Signal,urbana,2006,0,1,958,POINT (-88.219553590662 40.1274119580752),POINT,-88.219553590662,40.12741195807521,-0.0027734520816869073,-0.0068132386014831915
A-Injury,turning,Clear,Daylight,Dry,No Controls,urbana,2006,0,1,959,POINT (-88.2199089995172 40.127409050185),POINT,-88.2199089995172,40.127409050185,-0.0027694104109985966,-0.006813311517724234
A-Injury,sideswipe opposite,Other,Daylight,Dry,No Controls,unincorporated,2006,0,1,960,POINT (-88.2047981290484 40.1274275193502),POINT,-88.2047981290484,40.127427519350206,-0.0029412495797620313,-0.006812848397727754
A-Injury,turning,Rain,"Darkness, lighted road",Wet,Traffic Signal,champaign,2006,0,1,961,POINT (-88.2579854468787 40.1407616403136),POINT,-88.2579854468787,40.1407616403136,-0.002336409209805452,-0.006478491214551625
A-Injury,overturned,Clear,"Darkness, lighted road",Dry,No Controls,champaign,2006,0,1,962,POINT (-88.2469463647787 40.1373262722871),POINT,-88.2469463647787,40.137326272287105,-0.002461944445905436,-0.006564634124134148
A-Injury,angle,Clear,"Darkness, lighted road",Dry,Traffic Signal,champaign,2006,0,1,963,POINT (-88.2507303644678 40.1372703073071),POINT,-88.2507303644678,40.1372703073071,-0.0024189132146789243,-0.006566037463216111
A-Injury,fixed object,Clear,Daylight,Dry,Traffic Signal,urbana,2006,0,1,964,POINT (-88.1908238463913 40.1420521271967),POINT,-88.1908238463913,40.142052127196706,-0.003100163596053775,-0.006446131859154591
A-Injury,angle,Clear,Daylight,Dry,Traffic Signal,champaign,2006,0,2,965,POINT (-88.2451481925981 40.1125912927579),POINT,-88.2451481925981,40.1125912927579,-0.0024823930635708247,-0.0071848713414212895
A-Injury,angle,Clear,Daylight,Dry,Stop Sign/Flasher,champaign,2006,0,1,966,POINT (-88.2320782430352 40.1126322160418),POINT,-88.2320782430352,40.112632216041796,-0.0026310231026743917,-0.007183845177494332
A-Injury,turning,Rain,Daylight,Wet,Traffic Signal,champaign,2006,0,2,967,POINT (-88.2767806370244 40.1128526455),POINT,-88.2767806370244,40.1128526455,-0.002122672360028662,-0.007178317841051525
A-Injury,turning,Rain,Daylight,Dry,Traffic Signal,champaign,2006,0,1,968,POINT (-88.2785679336948 40.1128594791225),POINT,-88.2785679336948,40.1128594791225,-0.0021023474174775795,-0.007178146485866116
A-Injury,turning,Clear,Darkness,Dry,Stop Sign/Flasher,champaign,2006,0,1,969,POINT (-88.2320797292275 40.1126296100362),POINT,-88.2320797292275,40.1126296100362,-0.0026310062018579804,-0.0071839105238859155
A-Injury,sideswipe same direction,Clear,"Darkness, lighted road",Dry,Traffic Signal,champaign,2006,0,1,970,POINT (-88.2578216280812 40.1126417294741),POINT,-88.2578216280812,40.1126417294741,-0.0023382721392805543,-0.007183606625254107
A-Injury,angle,Clear,Daylight,Dry,Lane Use Marking,champaign,2006,0,1,971,POINT (-88.2335496280034 40.1126501412792),POINT,-88.2335496280034,40.112650141279204,-0.0026142906735010887,-0.007183395696654612
A-Injury,pedestrian,Clear,Darkness,Dry,Lane Use Marking,champaign,2006,0,1,972,POINT (-88.2869533772499 40.1129274595469),POINT,-88.2869533772499,40.1129274595469,-0.002006989069115331,-0.007176441855821334
A-Injury,rear end,Clear,Daylight,Dry,No Controls,champaign,2006,0,2,973,POINT (-88.2862363063955 40.1129227760869),POINT,-88.2862363063955,40.1129227760869,-0.002015143520562726,-0.00717655929502106
A-Injury,turning,Clear,Daylight,Dry,Other reg. sign,champaign,1999,0,3,426,POINT (-88.2921064117282 40.1531961033285),POINT,-88.2921064117282,40.1531961033285,-0.001948389323773849,-0.006166693231063755
A-Injury,pedalcyclist,Clear,Daylight,Dry,No Controls,rantoul,1999,0,2,427,POINT (-88.1452701202184 40.30902239458),POINT,-88.1452701202184,40.30902239458,-0.003618195595321391,-0.0022593010639554508
A-Injury,turning,Clear,Daylight,Dry,No Controls,urbana,2006,0,1,988,POINT (-88.190627 40.139248),POINT,-88.190627,40.139247999999995,-0.0031024021117185894,-0.006516446210834312
A-Injury,rear end,Rain,"Darkness, lighted road",Wet,Traffic Signal,champaign,2006,0,2,974,POINT (-88.2828415578274 40.1128811265044),POINT,-88.2828415578274,40.1128811265044,-0.002053748230549965,-0.00717760367110878
A-Injury,rear end,Snow,Daylight,Ice,No Controls,unincorporated,2000,0,5,286,POINT (-88.1824994383574 40.2114292354166),POINT,-88.1824994383574,40.2114292354166,-0.0031948278551344345,-0.004706479538240883
A-Injury,angle,Clear,Dawn,Dry,Stop sign / flasher,unincorporated,2000,0,3,287,POINT (-88.288965715176 40.3112248396648),POINT,-88.288965715176,40.311224839664796,-0.0019841049819803967,-0.002204074076239135
A-Injury,pedalcyclist,Clear,Daylight,Dry,No Controls,champaign,2006,0,1,975,POINT (-88.2352592343825 40.1102728847203),POINT,-88.2352592343825,40.110272884720295,-0.0025948492164584403,-0.007243006135835851
A-Injury,pedalcyclist,Other,Daylight,Dry,No Controls,champaign,2006,0,2,978,POINT (-88.2306496483993 40.1091355036389),POINT,-88.2306496483993,40.109135503638896,-0.0026472689248619127,-0.007271526316177587
A-Injury,angle,Clear,Daylight,Dry,Stop Sign/Flasher,champaign,2006,0,1,979,POINT (-88.2578012710219 40.1090507795214),POINT,-88.2578012710219,40.1090507795214,-0.0023385036375357725,-0.007273650799475135
A-Injury,turning,Clear,Daylight,Dry,Stop Sign/Flasher,champaign,2006,0,1,980,POINT (-88.257802750456 40.1081214504172),POINT,-88.257802750456,40.1081214504172,-0.002338486813572866,-0.007296954012515988
A-Injury,angle,Clear,Daylight,Dry,No Controls,urbana,2006,0,1,981,POINT (-88.189007468337 40.1056698153237),POINT,-88.189007468337,40.1056698153237,-0.0031208192489266887,-0.007358429516322271
A-Injury,fixed object,Unknown,Darkness,Unknown,Traffic Signal,champaign,2006,0,1,982,POINT (-88.230289519002 40.1041703611113),POINT,-88.230289519002,40.1041703611113,-0.0026513642770394034,-0.007396028791755281
A-Injury,turning,Clear,Daylight,Dry,No Controls,champaign,2006,0,1,983,POINT (-88.2626381089474 40.0981616618627),POINT,-88.2626381089474,40.098161661862704,-0.002283499644861986,-0.007546698772988303
A-Injury,rear end,Rain,Daylight,Wet,No Controls,urbana,2006,0,1,984,POINT (-88.2228172899072 40.0981571596335),POINT,-88.2228172899072,40.0981571596335,-0.0027363376502882583,-0.007546811667769922
A-Injury,parked motor vehicle,Clear,Darkness,Dry,No Controls,unincorporated,2006,0,1,985,POINT (-88.2686411152908 40.0868429364233),POINT,-88.2686411152908,40.086842936423295,-0.002215234112293089,-0.00783051929370015
A-Injury,turning,Clear,Daylight,Dry,Traffic Signal,champaign,2006,0,1,986,POINT (-88.2951588165696 40.0839594390785),POINT,-88.2951588165696,40.0839594390785,-0.0019136777092604279,-0.007902823876248117
A-Injury,fixed object,Clear,Daylight,Dry,No Controls,champaign,2006,0,1,987,POINT (-88.3315199486487 40.0841693596543),POINT,-88.3315199486487,40.0841693596543,-0.001500182886134833,-0.007897560053262902
A-Injury,animal,Clear,Darkness,Dry,Lane Use Marking,unincorporated,2007,0,2,989,POINT (-88.394138991134 40.2699198355361),POINT,-88.394138991134,40.2699198355361,-0.0007880859734089403,-0.003239809755363727
A-Injury,overturned,Clear,Daylight,Dry,Lane Use Marking,unincorporated,2007,0,1,990,POINT (-88.303418238142 40.0438505869783),POINT,-88.303418238142,40.043850586978294,-0.001819752469122942,-0.008908565675461557
A-Injury,overturned,Clear,Daylight,Dry,No Controls,unincorporated,2007,0,1,991,POINT (-88.4256632087228 39.9637225645678),POINT,-88.4256632087228,39.963722564567796,-0.0004295960136438659,-0.01091780047543082
A-Injury,overturned,Clear,Daylight,ICE,No Controls,unincorporated,2007,0,1,992,POINT (-88.4073618109456 40.0991231999228),POINT,-88.4073618109456,40.09912319992279,-0.0006377175105314691,-0.007522587910474704
A-Injury,overturned,Clear,Daylight,Dry,No Controls,unincorporated,2007,0,1,993,POINT (-88.0805945240205 40.0987020369866),POINT,-88.0805945240205,40.0987020369866,-0.004353679412277664,-0.007533148700600271
A-Injury,overturned,Clear,Daylight,Dry,No Controls,unincorporated,2007,0,1,994,POINT (-88.0096883283625 40.1934206395912),POINT,-88.0096883283625,40.1934206395912,-0.005160016925871155,-0.005158050615904637
A-Injury,overturned,Clear,Daylight,Unknown,No Controls,unincorporated,2007,0,1,995,POINT (-87.9577248546221 39.9888253758626),POINT,-87.9577248546221,39.9888253758626,-0.0057509398744892476,-0.010288339763519118
A-Injury,overturned,Clear,Darkness,Dry,No Controls,unincorporated,2007,0,1,996,POINT (-88.2186136221782 40.03982175479),POINT,-88.2186136221782,40.03982175479,-0.0027841413006339227,-0.009009589881381579
A-Injury,overturned,Clear,Darkness,Dry,No Controls,unincorporated,2007,0,1,997,POINT (-88.4451453321449 40.0985919984412),POINT,-88.4451453321449,40.09859199844121,-0.0002080474336654059,-0.007535907950961033
A-Injury,overturned,Clear,Darkness,Dry,No Controls,unincorporated,2007,0,1,998,POINT (-88.3409753243564 40.1278146585356),POINT,-88.3409753243564,40.1278146585356,-0.0013926573861769032,-0.006803140763615228
A-Injury,overturned,Snow,Daylight,Snow or slush,Lane Use Marking,unincorporated,2007,0,1,999,POINT (-88.0713819744794 40.1206598839423),POINT,-88.0713819744794,40.1206598839423,-0.0044584435195872745,-0.006982548936515585
A-Injury,overturned,Clear,Daylight,Dry,No Controls,unincorporated,2007,0,3,1000,POINT (-88.3465843758616 40.2742633370445),POINT,-88.3465843758616,40.2742633370445,-0.001328871865005708,-0.003130895119486532
A-Injury,overturned,Clear,Daylight,ICE,No Controls,unincorporated,2007,0,1,1001,POINT (-88.3464227025926 40.0257600302021),POINT,-88.3464227025926,40.0257600302021,-0.0013307103957648759,-0.009362191949168099
A-Injury,overturned,Clear,Daylight,Dry,Lane Use Marking,unincorporated,2007,0,1,1002,POINT (-88.2307833390504 40.1954833316217),POINT,-88.2307833390504,40.1954833316217,-0.0026457486093773848,-0.0051063279789965894
A-Injury,overturned,Clear,Darkness,Dry,Lane Use Marking,unincorporated,2007,0,1,1003,POINT (-88.0002898607003 40.1199483188984),POINT,-88.0002898607003,40.119948318898395,-0.005266895273750306,-0.00700039164878591
A-Injury,overturned,Clear,Daylight,ICE,Lane Use Marking,unincorporated,2007,0,2,1004,POINT (-87.9478731574197 40.1201189279137),POINT,-87.9478731574197,40.1201189279137,-0.005862972299203851,-0.006996113575267685