crash_severity,collision_type,weather,light,road_surface,traffic_control,city,year,fatality,injury,id,Geometry,point,x,y,norm_x,norm_y
A-Injury,overturned,Rain,Daylight,ICE,Lane Use Marking,unincorporated,2007,0,3,1005,POINT (-88.1705233154888 40.3347964363988),POINT,-88.1705233154888,40.3347964363988,-0.003331019016523734,-0.0016130090402625083
A-Injury,overturned,Rain,Darkness,Wet,No Controls,unincorporated,2007,0,1,1007,POINT (-88.1627645487631 40.1263091292504),POINT,-88.1627645487631,40.126309129250394,-0.0034192508644191903,-0.00684089237336678
A-Injury,overturned,Clear,Dawn,Dry,No Controls,unincorporated,2007,0,1,1008,POINT (-88.3343649816082 40.1133033475161),POINT,-88.3343649816082,40.1133033475161,-0.0014678294820159768,-0.007167016349414418
A-Injury,overturned,Clear,Daylight,Dry,Other Regualtory Sig,unincorporated,2007,0,2,1009,POINT (-88.2747196050676 39.9008467764965),POINT,-88.2747196050676,39.9008467764965,-0.0021461101903629547,-0.012494430194571205
A-Injury,overturned,Clear,Daylight,Dry,Lane Use Marking,unincorporated,2007,0,1,1010,POINT (-88.1822333511661 40.1973499923483),POINT,-88.1822333511661,40.1973499923483,-0.003197853769615315,-0.005059520887310196
A-Injury,fixed object,Clear,Daylight,Dry,No Controls,unincorporated,2007,0,1,1011,POINT (-88.2940391665002 39.9815960997166),POINT,-88.2940391665002,39.981596099716604,-0.001926410247576375,-0.010469616085761484
A-Injury,fixed object,Clear,Dawn,Dry,No Controls,unincorporated,2007,0,4,1012,POINT (-88.0980460532795 40.3722696031426),POINT,-88.0980460532795,40.3722696031426,-0.004155222527367584,-0.000673357861790001
A-Injury,fixed object,Clear,Daylight,Dry,No Controls,unincorporated,2007,0,4,1013,POINT (-87.9546795059477 40.3383761208726),POINT,-87.9546795059477,40.3383761208726,-0.005785571247042206,-0.001523247351388754
A-Injury,fixed object,Fog/Smoke/Haze,Darkness,Dry,No Controls,unincorporated,2007,0,1,1014,POINT (-87.9608012474204 40.2216706991369),POINT,-87.9608012474204,40.221670699136894,-0.005715955471549514,-0.004449671686375869
A-Injury,fixed object,Snow,Daylight,Snow or slush,No Controls,unincorporated,2007,0,1,1015,POINT (-87.9582714849523 40.0573905546666),POINT,-87.9582714849523,40.0573905546666,-0.005744723654069824,-0.008569046822363887
A-Injury,fixed object,Clear,Darkness,Other,No Controls,unincorporated,2007,0,1,1016,POINT (-88.1061424527553 40.0113030782578),POINT,-88.1061424527553,40.0113030782578,-0.004063151156709703,-0.009724704464442315
A-Injury,fixed object,Clear,Darkness,Dry,No Controls,unincorporated,2007,0,1,1017,POINT (-88.1274366616804 40.0258851815601),POINT,-88.1274366616804,40.0258851815601,-0.003820995738282889,-0.009359053740384333
A-Injury,fixed object,Clear,Darkness,Dry,No Controls,unincorporated,2007,0,1,1018,POINT (-88.4582082405629 40.0255271790467),POINT,-88.4582082405629,40.025527179046705,-5.9497465692671725e-05,-0.009368030763487474
A-Injury,fixed object,Rain,Darkness,ICE,No Controls,unincorporated,2007,0,2,1019,POINT (-88.4436355953535 40.0985885914739),POINT,-88.4436355953535,40.0985885914739,-0.00022521599558394375,-0.007535993381713895
A-Injury,fixed object,Clear,Darkness,Dry,No Controls,unincorporated,2007,0,2,1020,POINT (-88.1734976390862 40.2388326497681),POINT,-88.1734976390862,40.2388326497681,-0.0032971953333900705,-0.0040193304972857636
A-Injury,fixed object,Clear,Daylight,Dry,No Controls,unincorporated,2007,0,2,1021,POINT (-88.0404009997464 40.3857191352168),POINT,-88.0404009997464,40.385719135216796,-0.004810755780921954,-0.0003361067095234499
A-Injury,fixed object,Clear,Darkness,Dry,No Controls,unincorporated,2007,0,1,1022,POINT (-88.1828904603524 40.2352217751933),POINT,-88.1828904603524,40.235221775193295,-0.0031903811957095024,-0.004109874287532476
A-Injury,overturned,Clear,Darkness,Dry,Lane Use Marking,urbana,2000,0,1,288,POINT (-88.1884623440006 40.145826693217),POINT,-88.1884623440006,40.145826693217,-0.003127018343348994,-0.006351483455579751
A-Injury,overturned,Clear,Daylight,Dry,No passing,st. joseph,2000,0,1,289,POINT (-88.0184337129719 40.1143397664826),POINT,-88.0184337129719,40.1143397664826,-0.0050605653671473814,-0.0071410278251479485
A-Injury,fixed object,Rain,Daylight,Wet,Lane Use Marking,unincorporated,2007,0,2,1023,POINT (-88.2573112920434 40.0176492696234),POINT,-88.2573112920434,40.0176492696234,-0.0023440756249703846,-0.009565571764602215
A-Injury,fixed object,Clear,Darkness,Dry,Other Warning Sign,unincorporated,2007,0,1,1024,POINT (-88.2896047775962 40.1449549527175),POINT,-88.2896047775962,40.1449549527175,-0.0019768376339278576,-0.006373342616650463
A-Injury,fixed object,Fog/Smoke/Haze,Darkness,Dry,Lane Use Marking,unincorporated,2007,0,1,1025,POINT (-87.9648693742589 40.119803689275),POINT,-87.9648693742589,40.119803689274995,-0.005669693177408775,-0.007004018281063838
A-Injury,fixed object,Clear,Daylight,Dry,Lane Use Marking,unincorporated,2007,0,1,1026,POINT (-88.1607166882584 39.9274333186021),POINT,-88.1607166882584,39.9274333186021,-0.003442538910438656,-0.011827764476356549
A-Injury,fixed object,Snow,Darkness,Snow or slush,No Controls,unincorporated,2007,0,2,1027,POINT (-88.2381896260567 40.0921325913405),POINT,-88.2381896260567,40.0921325913405,-0.0025615251223577657,-0.007697879570170837
A-Injury,fixed object,Clear,Daylight,Dry,No Controls,unincorporated,2007,0,1,1028,POINT (-88.2760330482819 40.0837297279878),POINT,-88.2760330482819,40.083729727987794,-0.0021311738575666844,-0.007908583952479828
A-Injury,fixed object,Clear,Darkness,Dry,No Controls,unincorporated,2007,0,3,1029,POINT (-88.3387078159048 40.1967745261),POINT,-88.3387078159048,40.1967745261,-0.0014184432446615674,-0.005073950880432559
A-Injury,fixed object,Clear,"Darkness, lighted road",Dry,No Controls,unincorporated,2007,0,1,1030,POINT (-88.1137072564364 40.0257973689162),POINT,-88.1137072564364,40.0257973689162,-0.003977125035375157,-0.009361255669430985
A-Injury,fixed object,Clear,Daylight,Dry,Lane Use Marking,unincorporated,2007,0,2,1031,POINT (-88.194845164863 40.2446317299243),POINT,-88.194845164863,40.2446317299243,-0.0030544336015483828,-0.00387391677924891
A-Injury,fixed object,Clear,Darkness,Dry,Lane Use Marking,unincorporated,2007,0,1,1032,POINT (-88.3035279409879 39.9308232123231),POINT,-88.3035279409879,39.930823212323105,-0.0018185049403396008,-0.01174276184896671
A-Injury,other non collision,Clear,Daylight,Dry,No Controls,unincorporated,2007,0,1,1033,POINT (-88.365165903512 40.1603398781934),POINT,-88.365165903512,40.1603398781934,-0.0011175647617920807,-0.005987560879735153
A-Injury,parked motor vehicle,Clear,Darkness,Dry,Stop Sign/Flasher,unincorporated,2007,0,3,1034,POINT (-88.3651917644643 40.2112407160078),POINT,-88.3651917644643,40.211240716007794,-0.0011172706738666472,-0.00471120672038333
A-Injury,parked motor vehicle,Snow,Darkness,Snow or slush,Lane Use Marking,unincorporated,2007,0,2,1035,POINT (-87.9945375572209 40.1200525817891),POINT,-87.9945375572209,40.1200525817891,-0.005332309840728288,-0.006997777224742297
A-Injury,turning,Clear,Daylight,Dry,Traffic Signal,unincorporated,2007,0,2,1036,POINT (-88.2950269625208 40.069391321775),POINT,-88.2950269625208,40.069391321775,-0.0019151771391040732,-0.008268123897085596
A-Injury,turning,Rain,Daylight,Wet,No Controls,unincorporated,2007,0,3,1037,POINT (-88.0476577995498 40.0909514158076),POINT,-88.0476577995498,40.0909514158076,-0.0047282322460486005,-0.0077274979098499955
A-Injury,turning,Clear,Daylight,Wet,Stop Sign/Flasher,unincorporated,2007,0,2,1038,POINT (-88.258312104276 40.0103299559196),POINT,-88.258312104276,40.0103299559196,-0.0023326944975565773,-0.009749105806291384
A-Injury,turning,Clear,Daylight,Dry,Stop Sign/Flasher,unincorporated,2007,0,1,1039,POINT (-88.276040250659 40.0546595282383),POINT,-88.276040250659,40.0546595282383,-0.0021310919529209512,-0.008637528149798441
A-Injury,turning,Clear,Daylight,Dry,Other Warning Sign,unincorporated,2007,0,1,1040,POINT (-87.9585209290324 40.0766075698533),POINT,-87.9585209290324,40.076607569853294,-0.005741887003231914,-0.00808717425764686
A-Injury,rear end,Clear,Darkness,Dry,Lane Use Marking,unincorporated,2007,0,1,1041,POINT (-87.987168130973 40.119840213753),POINT,-87.987168130973,40.119840213753,-0.0054161141512288295,-0.007003102418547181
A-Injury,rear end,Clear,Daylight,Unknown,No Controls,unincorporated,2007,0,2,1044,POINT (-88.3653196769091 40.1965091562693),POINT,-88.3653196769091,40.1965091562693,-0.0011158160675133171,-0.0050806051105341445
A-Injury,rear end,Clear,Darkness,Dry,Lane Use Marking,unincorporated,2007,0,1,1045,POINT (-88.3099741886533 40.1681858195672),POINT,-88.3099741886533,40.168185819567206,-0.0017451989158619543,-0.00579082148729122
A-Injury,rear end,Clear,Daylight,Dry,Lane Use Marking,unincorporated,2007,0,3,1046,POINT (-88.1820501418416 40.1694370520306),POINT,-88.1820501418416,40.1694370520306,-0.0031999372060458977,-0.005759446448538522
A-Injury,rear end,Snow,Daylight,Snow or slush,Lane Use Marking,unincorporated,2007,0,1,1047,POINT (-88.0122285196245 40.1201998234761),POINT,-88.0122285196245,40.1201998234761,-0.005131130148245513,-0.006994085094166521
A-Injury,rear end,Snow,Daylight,ICE,Lane Use Marking,unincorporated,2007,0,2,1048,POINT (-88.3035154012023 39.9897583607377),POINT,-88.3035154012023,39.9897583607377,-0.0018186475414120272,-0.010264944880898765
A-Injury,rear end,Clear,Daylight,Dry,Lane Use Marking,unincorporated,2007,0,2,1049,POINT (-88.1863355104928 40.2652332103391),POINT,-88.1863355104928,40.265233210339105,-0.0031512044617353204,-0.003357328323237221
A-Injury,sideswipe same direction,Clear,Daylight,Dry,Lane Use Marking,unincorporated,2007,0,1,1050,POINT (-88.1489234146251 40.1204853594899),POINT,-88.1489234146251,40.1204853594899,-0.003576650730292464,-0.006986925190822976
A-Injury,sideswipe opposite,Rain,Darkness,Wet,Lane Use Marking,unincorporated,2007,0,2,1051,POINT (-88.1624325613859 40.0986903038359),POINT,-88.1624325613859,40.098690303835895,-0.003423026188617571,-0.007533442912961997
A-Injury,sideswipe opposite,Clear,Daylight,Dry,Lane Use Marking,unincorporated,2007,0,1,1052,POINT (-88.3167429142227 40.1617876140643),POINT,-88.3167429142227,40.161787614064295,-0.00166822570787668,-0.005951258457617849
A-Injury,head on,Clear,Daylight,Dry,No Controls,unincorporated,2007,0,2,1054,POINT (-88.2249292669419 40.1872926262189),POINT,-88.2249292669419,40.1872926262189,-0.002712320478091606,-0.005311712435476737
A-Injury,angle,Clear,Daylight,Dry,No Controls,unincorporated,2007,0,2,1055,POINT (-88.0849714819924 39.909030427513),POINT,-88.0849714819924,39.909030427512995,-0.0043039051242142095,-0.012289222628996859
A-Injury,angle,Clear,Daylight,Dry,Stop Sign/Flasher,unincorporated,2007,0,2,1056,POINT (-88.4074603971238 40.1132202567321),POINT,-88.4074603971238,40.1132202567321,-0.0006365963992792804,-0.007169099876372309
A-Injury,angle,Clear,Darkness,Dry,Stop Sign/Flasher,unincorporated,2007,0,2,1057,POINT (-88.384565714608 40.2815832311793),POINT,-88.384565714608,40.2815832311793,-0.0008969522285969753,-0.0029473465233115837
A-Injury,angle,Clear,Daylight,Dry,Stop Sign/Flasher,unincorporated,2007,0,4,1058,POINT (-88.2126382688677 40.2386936645632),POINT,-88.2126382688677,40.2386936645632,-0.0028520923659323947,-0.0040228155940342245
A-Injury,angle,Clear,Daylight,Dry,Stop Sign/Flasher,unincorporated,2007,0,2,1059,POINT (-88.2902403265637 40.3550802091416),POINT,-88.2902403265637,40.355080209141605,-0.001969610240475533,-0.001104387201815923
A-Injury,angle,Clear,Daylight,Dry,No Controls,unincorporated,2007,0,2,1060,POINT (-88.3651690193149 40.204880379047),POINT,-88.3651690193149,40.204880379047,-0.0011175293292216355,-0.004870694125372472
A-Injury,angle,Clear,Daylight,Dry,Stop Sign/Flasher,unincorporated,2007,0,3,1061,POINT (-88.3845900129298 40.3108300035381),POINT,-88.3845900129298,40.3108300035381,-0.0008966759107349545,-0.002213974713521514
A-Injury,angle,Clear,Darkness,Dry,Stop Sign/Flasher,unincorporated,2007,0,1,1062,POINT (-88.3135170755969 40.025480828236),POINT,-88.3135170755969,40.025480828236,-0.0017049095924461387,-0.009369193024318026
A-Injury,unknown,Rain,Darkness,Wet,No Controls,unincorporated,2007,0,1,1063,POINT (-88.2056960080738 40.1274559985396),POINT,-88.2056960080738,40.1274559985396,-0.0029310389975395357,-0.006812134273296773
A-Injury,overturned,Clear,Darkness,Dry,No Controls,bondville,2007,0,2,1064,POINT (-88.359940379304 40.1131763323286),POINT,-88.359940379304,40.1131763323286,-0.0011769888524232257,-0.007170201294296073
A-Injury,fixed object,Clear,Darkness,Wet,No Passing,broadlands,2007,0,1,1065,POINT (-88.002612651718 39.9082482472868),POINT,-88.002612651718,39.9082482472868,-0.0052404807479614,-0.012308836038676049
A-Injury,overturned,Clear,Daylight,Dry,Lane Use Marking,champaign,2007,0,3,1066,POINT (-88.3070004450569 40.1185289881077),POINT,-88.3070004450569,40.118528988107705,-0.001779016003287584,-0.007035981804782912
A-Injury,rear end,Rain,Dusk,Wet,No Controls,champaign,2006,0,2,898,POINT (-88.2451364292602 40.1089299533004),POINT,-88.2451364292602,40.1089299533004,-0.0024825268349647303,-0.00727668055411875
A-Injury,overturned,Clear,Daylight,Dry,Lane Use Marking,champaign,2007,0,1,1067,POINT (-88.2862166735568 40.1471166581767),POINT,-88.2862166735568,40.14711665817671,-0.0020153667830603915,-0.006319137187572556
A-Injury,fixed object,Clear,Daylight,Dry,Lane Use Marking,champaign,2007,0,2,1068,POINT (-88.2863548880237 40.1467418045471),POINT,-88.2863548880237,40.1467418045471,-0.002013795023236736,-0.0063285367575962115
A-Injury,overturned,Clear,Darkness,Dry,No Controls,unincorporated,1999,0,2,429,POINT (-88.001190450865 40.12003359657),POINT,-88.001190450865,40.12003359657,-0.0052566538607479,-0.006998253284948865
A-Injury,rear end,Clear,"Darkness, lighted road",Unknown,Traffic signal,champaign,1999,0,2,430,POINT (-88.2578465808394 40.1182575235972),POINT,-88.2578465808394,40.1182575235972,-0.0023379883792393604,-0.007042788860854605
A-Injury,angle,Snow,Daylight,Snow or slush,No Controls,mahomet,2000,0,1,290,POINT (-88.3937934838254 40.1965526191713),POINT,-88.3937934838254,40.19655261917129,-0.0007920150447905755,-0.005079515264902578
A-Injury,fixed object,Clear,Daylight,Dry,No Controls,champaign,2007,0,1,1069,POINT (-88.2578883836708 40.1153317673231),POINT,-88.2578883836708,40.115331767323106,-0.002337513002005777,-0.007116153099048636
A-Injury,fixed object,Clear,Darkness,Dry,No Controls,champaign,2007,0,1,1070,POINT (-88.2975161221292 40.1092840571465),POINT,-88.2975161221292,40.1092840571465,-0.0018868706878701512,-0.0072678012912966205
A-Injury,angle,Rain,Daylight,Wet,Stop Sign/Flasher,champaign,2007,0,3,1119,POINT (-88.2862689475474 40.0914597572092),POINT,-88.2862689475474,40.0914597572092,-0.0020147723289479042,-0.007714751092898439
A-Injury,fixed object,Snow,Darkness,Snow or slush,No Controls,champaign,2007,0,2,1071,POINT (-88.2646292337985 40.1163503514938),POINT,-88.2646292337985,40.1163503514938,-0.002260856790499359,-0.007090611787770891
A-Injury,fixed object,Rain,Daylight,Wet,Lane Use Marking,champaign,2007,0,1,1072,POINT (-88.3148080601528 40.1199977245879),POINT,-88.3148080601528,40.1199977245879,-0.001690228657060635,-0.006999152785930221
A-Injury,fixed object,Clear,Daylight,Dry,No Controls,champaign,2007,0,1,1073,POINT (-88.2565583465071 40.1360434958012),POINT,-88.2565583465071,40.136043495801204,-0.0023526380393824177,-0.006596800138950422
A-Injury,parked motor vehicle,Clear,Daylight,Dry,No Controls,champaign,2007,0,1,1074,POINT (-88.2662370340083 40.12799314931),POINT,-88.2662370340083,40.12799314931,-0.0022425730620960487,-0.00679866505256416
A-Injury,parked motor vehicle,Clear,Daylight,Dry,Lane Use Marking,champaign,2007,0,1,1075,POINT (-88.2492475508072 40.1346731964234),POINT,-88.2492475508072,40.1346731964234,-0.0024357756096941457,-0.006631160817192985
A-Injury,turning,Clear,Daylight,Dry,No Controls,champaign,2007,0,1,1076,POINT (-88.2828086446203 40.1111404141893),POINT,-88.2828086446203,40.11114041418929,-0.0020541225159466862,-0.007221252567649933
A-Injury,turning,Clear,Darkness,Wet,Stop Sign/Flasher,champaign,2007,0,1,1077,POINT (-88.2335495697632 40.1066008504429),POINT,-88.2335495697632,40.1066008504429,-0.002614291335802326,-0.007335083524430579
A-Injury,turning,Clear,Daylight,Dry,Traffic Signal,champaign,2007,0,1,1078,POINT (-88.2435310437051 40.1211423010021),POINT,-88.2435310437051,40.1211423010021,-0.002500783104178466,-0.006970452180405929
A-Injury,turning,Clear,Daylight,Dry,Traffic Signal,champaign,2007,0,1,1079,POINT (-88.2446040129779 40.0981081872114),POINT,-88.2446040129779,40.0981081872114,-0.0024885814147836073,-0.007548039666312275
A-Injury,turning,Rain,Daylight,Wet,Traffic Signal,champaign,2007,0,1,1080,POINT (-88.2435325628163 40.1211416617469),POINT,-88.2435325628163,40.1211416617469,-0.0025007658290118633,-0.0069704682099267605
A-Injury,turning,Clear,Daylight,Dry,Traffic Signal,champaign,2007,0,2,1081,POINT (-88.2483421427047 40.1418527573236),POINT,-88.2483421427047,40.141852757323605,-0.002446071811759142,-0.006451131120025506
A-Injury,turning,Clear,Daylight,Dry,Traffic Signal,champaign,2007,0,1,1082,POINT (-88.2437307188836 40.1359596384114),POINT,-88.2437307188836,40.1359596384114,-0.002498512419854505,-0.006598902888784492
A-Injury,turning,Clear,Daylight,Dry,No Controls,champaign,2007,0,2,1083,POINT (-88.2769890023852 40.1274122446371),POINT,-88.2769890023852,40.1274122446371,-0.00212030285190047,-0.006813231415855626
A-Injury,turning,Clear,Daylight,Dry,Traffic Signal,champaign,2007,0,2,1084,POINT (-88.2468593238754 40.1271718569055),POINT,-88.2468593238754,40.1271718569055,-0.0024629342655522668,-0.006819259212140733
A-Injury,turning,Clear,Darkness,Dry,Stop Sign/Flasher,champaign,2007,0,1,1085,POINT (-88.2767513026559 40.1103310604065),POINT,-88.2767513026559,40.1103310604065,-0.002123005947263802,-0.007241547362616182
A-Injury,turning,Clear,Daylight,Dry,Lane Use Marking,champaign,2007,0,2,1086,POINT (-88.2387491377119 40.1126219750527),POINT,-88.2387491377119,40.112621975052704,-0.0025551624169171034,-0.007184101973444733
A-Injury,turning,Unknown,Daylight,Dry,No Controls,champaign,2007,0,2,1087,POINT (-88.2769913127788 40.1309519177512),POINT,-88.2769913127788,40.130951917751204,-0.0021202765783567916,-0.006724473024129198
A-Injury,turning,Rain,Daylight,Wet,Traffic Signal,champaign,2007,0,3,1088,POINT (-88.2817420134059 40.1185004901925),POINT,-88.2817420134059,40.1185004901925,-0.0020662521296336,-0.007036696398769254
A-Injury,turning,Clear,Daylight,Unknown,No Controls,champaign,2007,0,1,1091,POINT (-88.2388100094233 40.1163931452971),POINT,-88.2388100094233,40.1163931452971,-0.0025544701904626856,-0.007089538719994696
A-Injury,angle,Clear,Daylight,Unknown,Stop Sign/Flasher,savoy,2005,0,1,600,POINT (-88.2513910394785 40.0743176048519),POINT,-88.2513910394785,40.0743176048519,-0.0024114000906072823,-0.008144595834182767
A-Injury,turning,Clear,Daylight,Dry,Traffic Signal,champaign,2007,0,1,1092,POINT (-88.2860259263499 40.1129193443347),POINT,-88.2860259263499,40.1129193443347,-0.0020175359394664,-0.007176645347262631
A-Injury,turning,Rain,"Darkness, lighted road",Wet,Traffic Signal,champaign,2007,0,3,1093,POINT (-88.2817408002825 40.1185041595858),POINT,-88.2817408002825,40.1185041595858,-0.0020662659251403925,-0.007036604387604127
A-Injury,turning,Clear,Daylight,Dry,Stop Sign/Flasher,champaign,2007,0,2,1094,POINT (-88.2950796310593 40.0984686550784),POINT,-88.2950796310593,40.0984686550784,-0.0019145781982359935,-0.007539000823709481
A-Injury,rear end,Clear,Daylight,Dry,Traffic Signal,champaign,2007,0,2,1095,POINT (-88.2579804260096 40.1322295056141),POINT,-88.2579804260096,40.1322295056141,-0.0023364663065806664,-0.0066924371156302336
A-Injury,rear end,Clear,Daylight,Wet,No Controls,champaign,2007,0,1,1096,POINT (-88.2458612336395 40.0903082264102),POINT,-88.2458612336395,40.0903082264102,-0.00247428443871677,-0.007743626081759803
A-Injury,rear end,Clear,Daylight,Dry,No Controls,champaign,2007,0,2,1097,POINT (-88.2579496117378 40.1270614396088),POINT,-88.2579496117378,40.127061439608795,-0.002336816723114401,-0.006822027959807038
A-Injury,rear end,Clear,"Darkness, lighted road",Dry,Traffic Signal,champaign,2007,0,1,1098,POINT (-88.2579508174828 40.1423011611674),POINT,-88.2579508174828,40.142301161167396,-0.0023368030115140086,-0.006439887255765772
A-Injury,rear end,Rain,Daylight,Wet,Traffic Signal,champaign,2007,0,2,1099,POINT (-88.2576499804883 40.0981624809128),POINT,-88.2576499804883,40.0981624809128,-0.0023402240969620336,-0.0075466782350553634
A-Injury,rear end,Clear,Daylight,Dry,Lane Use Marking,champaign,2007,0,1,1100,POINT (-88.2767491715201 40.1110489297074),POINT,-88.2767491715201,40.1110489297074,-0.0021230301823073985,-0.007223546569163328
A-Injury,rear end,Sleet,Daylight,ICE,No Controls,champaign,2007,0,1,1102,POINT (-88.2623253066529 40.1487272192134),POINT,-88.2623253066529,40.1487272192134,-0.0022870567983949673,-0.006278751874356934
A-Injury,rear end,Clear,Daylight,Dry,No Controls,champaign,2007,0,2,1103,POINT (-88.2390099849827 40.139701946787),POINT,-88.2390099849827,40.139701946787,-0.002552196090239886,-0.006505063355569131
A-Injury,rear end,Fog/Smoke/Haze,Daylight,ICE,No Controls,champaign,2007,0,1,1104,POINT (-88.277067228556 40.1432557079186),POINT,-88.277067228556,40.1432557079186,-0.0021194132724289554,-0.006415951702472213
A-Injury,rear end,Snow,Daylight,Snow or slush,Stop Sign/Flasher,champaign,2007,0,2,1105,POINT (-88.295211522821 40.0933033436063),POINT,-88.295211522821,40.093303343606294,-0.0019130783395252728,-0.007668522597119351
A-Injury,rear end,Clear,"Darkness, lighted road",Dry,No Controls,champaign,2007,0,1,1106,POINT (-88.233765985941 40.1126502165713),POINT,-88.233765985941,40.112650216571296,-0.0026118302746623956,-0.00718339380868224
A-Injury,rear end,Clear,Daylight,Dry,Stop Sign/Flasher,champaign,2007,0,1,1107,POINT (-88.3145688473172 40.1277984599002),POINT,-88.3145688473172,40.127798459900205,-0.0016929489593033855,-0.006803546949378518
A-Injury,rear end,Clear,Daylight,Dry,Lane Use Marking,champaign,2007,0,1,1108,POINT (-88.2843012024425 40.1466746899161),POINT,-88.2843012024425,40.146674689916104,-0.002037149311389854,-0.0063302196776050135
A-Injury,rear end,Rain,Daylight,Wet,No Controls,champaign,2007,0,1,1109,POINT (-88.2670514978252 40.1273195078564),POINT,-88.2670514978252,40.1273195078564,-0.0022333110685152048,-0.006815556819146708
A-Injury,rear end,Clear,Daylight,Wet,No Controls,champaign,2007,0,1,1110,POINT (-88.2612147341652 40.1126699084371),POINT,-88.2612147341652,40.1126699084371,-0.002299686107443219,-0.007182900029092336
A-Injury,rear end,Clear,"Darkness, lighted road",ICE,No Controls,champaign,2007,0,2,1111,POINT (-88.26620718832 40.0836769977214),POINT,-88.26620718832,40.0836769977214,-0.0022429124640040822,-0.007909906180123404
A-Injury,rear end,Clear,Daylight,Dry,Traffic Signal,champaign,2007,0,3,1112,POINT (-88.3143001213724 40.0986937030442),POINT,-88.3143001213724,40.098693703044205,-0.001696004881401062,-0.007533357676768414
A-Injury,sideswipe same direction,Snow,Daylight,Snow or slush,No Controls,champaign,2007,0,1,1113,POINT (-88.2374661839303 40.1164050627452),POINT,-88.2374661839303,40.1164050627452,-0.0025697520272144857,-0.007089239886319209
A-Injury,sideswipe same direction,Clear,Daylight,Dry,Traffic Signal,champaign,2007,0,1,1114,POINT (-88.2436195613162 40.1272108205502),POINT,-88.2436195613162,40.127210820550204,-0.0024997764915718657,-0.006818282186769078
A-Injury,turning,Clear,Daylight,Dry,Traffic signal,urbana,1999,0,6,431,POINT (-88.1921736899276 40.1395660925544),POINT,-88.1921736899276,40.1395660925544,-0.0030848133227708466,-0.006508469942224556
A-Injury,overturned,Clear,Daylight,Dry,Lane Use Marking,unincorporated,1999,0,1,432,POINT (-88.1824213995815 40.2060791458896),POINT,-88.1824213995815,40.2060791458896,-0.003195715303571575,-0.004840634678193385
A-Injury,sideswipe same direction,Clear,Daylight,Dry,No Controls,champaign,2007,0,1,1115,POINT (-88.2578901209261 40.1153285874231),POINT,-88.2578901209261,40.1153285874231,-0.0023374932461281894,-0.007116232836019041
A-Injury,turning,Clear,Daylight,Dry,Traffic signal,urbana,2000,0,1,291,POINT (-88.2195613721625 40.1341663829274),POINT,-88.2195613721625,40.1341663829274,-0.0027733635913130134,-0.00664386932144192
A-Injury,overturned,Clear,Darkness,Dry,Lane Use Marking,champaign,2000,0,1,292,POINT (-88.3048411222464 40.1022329981483),POINT,-88.3048411222464,40.102232998148295,-0.001803571586476133,-0.007444608763759329
A-Injury,sideswipe opposite,Clear,Daylight,Dry,No Controls,champaign,2007,0,1,1116,POINT (-88.276551138823 40.1010191475465),POINT,-88.276551138823,40.1010191475465,-0.002125282188512322,-0.007475046440838045
A-Injury,head on,Rain,"Darkness, lighted road",Wet,No Controls,champaign,2007,0,3,1117,POINT (-88.2451242625018 40.094747995896),POINT,-88.2451242625018,40.094747995896,-0.002482665194012512,-0.007632297496748568
A-Injury,head on,Clear,Daylight,ICE,Lane Use Marking,champaign,2007,0,2,1118,POINT (-88.2842173595129 40.146335301775),POINT,-88.2842173595129,40.146335301775,-0.002038102764029199,-0.006338729939599449
A-Injury,angle,Clear,Daylight,Dry,Stop Sign/Flasher,champaign,2007,0,2,1120,POINT (-88.2414195951519 40.0945137300847),POINT,-88.2414195951519,40.09451373008471,-0.002524794266541291,-0.0076381717839995745
A-Injury,angle,Clear,Daylight,Dry,Stop Sign/Flasher,champaign,2007,0,1,1121,POINT (-88.2578189233119 40.1117007081683),POINT,-88.2578189233119,40.1117007081683,-0.0023383028976216662,-0.00720720302384532
A-Injury,angle,Clear,Daylight,Dry,Traffic Signal,champaign,2007,0,2,1122,POINT (-88.2767810166107 40.1128501932043),POINT,-88.2767810166107,40.112850193204295,-0.0021226680434147504,-0.007178379333120328
A-Injury,angle,Clear,Daylight,Dry,Traffic Signal,champaign,2007,0,1,1123,POINT (-88.2769966848162 40.1274110586469),POINT,-88.2769966848162,40.1274110586469,-0.002120215488134224,-0.00681326115492457
A-Injury,angle,Clear,Daylight,Dry,Stop Sign/Flasher,champaign,2007,0,1,1124,POINT (-88.2788289218144 40.1256803317352),POINT,-88.2788289218144,40.125680331735204,-0.0020993794890832185,-0.006856659664404898
A-Injury,angle,Clear,Daylight,Dry,No Controls,champaign,2007,0,1,1125,POINT (-88.2773477750964 40.1274223731947),POINT,-88.2773477750964,40.127422373194705,-0.0021162229278091334,-0.006812977439159317
A-Injury,angle,Clear,Daylight,Dry,Stop Sign/Flasher,champaign,2007,0,2,1126,POINT (-88.2688997527026 40.1273111870775),POINT,-88.2688997527026,40.127311187077495,-0.0022122929158911466,-0.006815765465236207