crash_severity,collision_type,weather,light,road_surface,traffic_control,city,year,fatality,injury,id,Geometry,point,x,y,norm_x,norm_y
A-Injury,angle,Clear,Daylight,Dry,Traffic Signal,champaign,2007,0,2,1127,POINT (-88.2333289813959 40.0981008488475),POINT,-88.2333289813959,40.0981008488475,-0.002616799842625525,-0.007548223678043505
A-Injury,angle,Clear,Daylight,Dry,Stop Sign/Flasher,champaign,2007,0,1,1128,POINT (-88.2320508410524 40.1103028908707),POINT,-88.2320508410524,40.110302890870706,-0.0026313347150303764,-0.007242253722387916
A-Injury,angle,Clear,Daylight,Dry,Traffic Signal,champaign,2007,0,1,1129,POINT (-88.2435337105053 40.1211395876116),POINT,-88.2435337105053,40.1211395876116,-0.002500752777617832,-0.0069705202195070575
A-Injury,angle,Clear,Daylight,Dry,Traffic Signal,champaign,2007,0,3,1130,POINT (-88.2437284003033 40.1379920093783),POINT,-88.2437284003033,40.137992009378294,-0.0024985387864964745,-0.006547940561869555
A-Injury,angle,Clear,Daylight,Snow or slush,No Controls,champaign,2007,0,1,1131,POINT (-88.2765588182045 40.1090109028929),POINT,-88.2765588182045,40.1090109028929,-0.002125194859424417,-0.0072746507181961385
A-Injury,angle,Clear,Daylight,Dry,Traffic Signal,champaign,2007,0,1,1132,POINT (-88.2408586776982 40.1163813132471),POINT,-88.2408586776982,40.1163813132471,-0.0025311729585688093,-0.007089835412286587
A-Injury,angle,Clear,Daylight,Dry,Stop Sign/Flasher,champaign,2007,0,5,1133,POINT (-88.2545810202741 40.1314736028775),POINT,-88.2545810202741,40.1314736028775,-0.002375123977366926,-0.0067113916091779205
A-Injury,angle,Clear,Daylight,Dry,Stop Sign/Flasher,champaign,2007,0,3,1134,POINT (-88.2769929087708 40.1309529075875),POINT,-88.2769929087708,40.1309529075875,-0.002120258428910183,-0.006724448203679749
A-Injury,angle,Clear,Daylight,Dry,Stop Sign/Flasher,champaign,2007,0,3,1135,POINT (-88.2321174697654 40.1202609419564),POINT,-88.2321174697654,40.120260941956396,-0.0026305770205824375,-0.006992552529480181
A-Injury,angle,Clear,Daylight,Dry,Traffic Signal,champaign,2007,0,1,1136,POINT (-88.2387092443107 40.1102303675156),POINT,-88.2387092443107,40.110230367515605,-0.002555616080319018,-0.0072440722678167885
A-Injury,angle,Snow,Daylight,Snow or slush,Stop Sign/Flasher,champaign,2007,0,4,1138,POINT (-88.2955388718708 40.1223995071925),POINT,-88.2955388718708,40.122399507192505,-0.0019093557618796745,-0.006938927348611725
A-Injury,angle,Clear,"Darkness, lighted road",Dry,Traffic Signal,champaign,2007,0,3,1139,POINT (-88.243493162767 40.1102207586163),POINT,-88.243493162767,40.11022075861629,-0.0025012138820697904,-0.0072443132139216075
A-Injury,angle,Clear,Daylight,Dry,Stop Sign/Flasher,champaign,2007,0,1,1140,POINT (-88.24108840582 40.1272190991056),POINT,-88.24108840582,40.1272190991056,-0.0025285605154556005,-0.006818074599446942
A-Injury,angle,Clear,Daylight,Dry,No Controls,rantoul,2005,0,1,625,POINT (-88.1633697296594 40.2838068156314),POINT,-88.1633697296594,40.2838068156314,-0.0034123688133564077,-0.00289158945946008
A-Injury,unknown,Clear,Daylight,Dry,No Controls,champaign,2007,0,1,1141,POINT (-88.2577713355649 40.1054334270971),POINT,-88.2577713355649,40.105433427097104,-0.00233884406028371,-0.007364357023789609
A-Injury,unknown,Clear,Daylight,Wet,Stop Sign/Flasher,champaign,2007,0,1,1142,POINT (-88.2708296515318 40.1183930960718),POINT,-88.2708296515318,40.1183930960718,-0.002190346317163261,-0.0070393893393677996
A-Injury,unknown,Clear,Daylight,Dry,Traffic Signal,champaign,2007,0,1,1143,POINT (-88.2580042653602 40.1465021316114),POINT,-88.2580042653602,40.1465021316114,-0.0023361952080890157,-0.006334546630154276
A-Injury,unknown,Clear,Daylight,Dry,Traffic Signal,champaign,2007,0,1,1144,POINT (-88.2451420538219 40.1102095693649),POINT,-88.2451420538219,40.1102095693649,-0.0024824628730633785,-0.007244593787840861
A-Injury,unknown,Rain,Daylight,Wet,No Controls,champaign,2007,0,1,1145,POINT (-88.2500885189161 40.1181050454494),POINT,-88.2500885189161,40.1181050454494,-0.0024262122121990193,-0.007046612297295268
A-Injury,unknown,Clear,Daylight,Dry,No Controls,champaign,2007,0,1,1146,POINT (-88.268901176099 40.1273122038319),POINT,-88.268901176099,40.1273122038319,-0.00221227672918259,-0.006815739969806909
A-Injury,unknown,Fog/Smoke/Haze,Darkness,ICE,No Controls,champaign,2007,0,1,1147,POINT (-88.2320601031212 40.1079798707699),POINT,-88.2320601031212,40.107979870769896,-0.002631229387795453,-0.007300504165705544
A-Injury,unknown,Clear,Daylight,Dry,Traffic Signal,champaign,2007,0,1,1148,POINT (-88.245233254143 40.1183108886021),POINT,-88.245233254143,40.118310888602096,-0.0024814257529714168,-0.007041450716948015
A-Injury,unknown,Clear,Darkness,Dry,Stop Sign/Flasher,champaign,2007,0,1,1149,POINT (-88.2625590073818 40.1163505719297),POINT,-88.2625590073818,40.1163505719297,-0.0022843991792276096,-0.007090606260272902
A-Injury,rear end,Clear,Darkness,Dry,No Controls,mahomet,2007,0,4,1150,POINT (-88.3653093422445 40.1930071384624),POINT,-88.3653093422445,40.1930071384624,-0.0011159335921904696,-0.0051684192838540805
A-Injury,overturned,Clear,Daylight,Dry,Other Warning Sign,ogden,2007,0,2,1152,POINT (-87.9612340099243 40.1198631686291),POINT,-87.9612340099243,40.1198631686291,-0.005711034143615815,-0.007002526817970702
A-Injury,turning,Clear,Daylight,Dry,Lane Use Marking,pesotum,2007,0,1,1153,POINT (-88.2808098006753 39.904909588579),POINT,-88.2808098006753,39.904909588579,-0.0020768531510021782,-0.012392553932355742
A-Injury,overturned,Clear,Daylight,Dry,No Controls,rantoul,2007,0,1,1154,POINT (-88.1557893870442 40.3160583472146),POINT,-88.1557893870442,40.3160583472146,-0.0034985716417525064,-0.002082872388205101
A-Injury,fixed object,Severe cross wind,Daylight,Dry,No Controls,rantoul,2007,0,3,1155,POINT (-88.1304927559154 40.3121690920512),POINT,-88.1304927559154,40.3121690920512,-0.0037862421683884213,-0.0021803966573082515
A-Injury,unknown,Rain,"Darkness, lighted road",Wet,No Controls,rantoul,2007,0,1,1156,POINT (-88.1364874527306 40.3143276256408),POINT,-88.1364874527306,40.3143276256408,-0.003718071130866736,-0.002126270763836059
A-Injury,turning,Clear,Daylight,Dry,No Controls,urbana,2007,0,1,1176,POINT (-88.190721 40.139557),POINT,-88.190721,40.139557,-0.0031013331539841292,-0.0065086979408217685
A-Injury,parked motor vehicle,Clear,Daylight,ICE,Lane Use Marking,st. joseph,2007,0,1,1157,POINT (-88.0462569235174 40.120479037248),POINT,-88.0462569235174,40.120479037248,-0.004744162855303958,-0.006987083722982464
A-Injury,rear end,Snow,Daylight,Snow or slush,Lane Use Marking,st. joseph,2007,0,1,1158,POINT (-88.0252824224563 40.1203054530783),POINT,-88.0252824224563,40.1203054530783,-0.0049826825908154985,-0.00699143639941195
A-Injury,angle,Clear,Dusk,Dry,Lane Use Marking,st. joseph,2007,0,1,1159,POINT (-88.0430833677139 40.1194166462046),POINT,-88.0430833677139,40.1194166462046,-0.004780252185327905,-0.007013723505063308
A-Injury,overturned,Clear,Daylight,"Sand, mud, dirt",Traffic Signal,savoy,2007,0,1,1160,POINT (-88.2491691838204 40.0690019176691),POINT,-88.2491691838204,40.0690019176691,-0.0024366667905098213,-0.008277888324776352
A-Injury,overturned,Clear,Daylight,Dry,Lane Use Marking,tolono,2007,0,1,1161,POINT (-88.2641584331331 39.9742344132803),POINT,-88.2641584331331,39.9742344132803,-0.0022662106842516834,-0.01065421263674721
A-Injury,pedestrian,Clear,Daylight,Dry,Traffic signal,champaign,1999,0,1,433,POINT (-88.2578465808394 40.1182575235972),POINT,-88.2578465808394,40.1182575235972,-0.0023379883792393604,-0.007042788860854605
A-Injury,overturned,Clear,Daylight,"Sand, mud, dirt",No Controls,unincorporated,1999,0,1,434,POINT (-88.1449940481123 40.3422124788197),POINT,-88.1449940481123,40.342212478819704,-0.003621335057163088,-0.0014270494962493256
A-Injury,overturned,Clear,Daylight,Dry,Lane Use Marking,urbana,2007,0,3,1162,POINT (-88.1778454691913 40.1233859833921),POINT,-88.1778454691913,40.1233859833921,-0.0032477522842468613,-0.006914191154582011
A-Injury,overturned,Clear,Daylight,Dry,No Controls,urbana,2007,0,1,1163,POINT (-88.1626218353641 40.1169126398707),POINT,-88.1626218353641,40.1169126398707,-0.003420873785607371,-0.00707651223382591
A-Injury,fixed object,Rain,Daylight,Wet,Stop Sign/Flasher,urbana,2007,0,1,1164,POINT (-88.2077197272199 40.1274801009176),POINT,-88.2077197272199,40.1274801009176,-0.002908025484413765,-0.006811529898757365
A-Injury,fixed object,Clear,Daylight,Dry,No Controls,urbana,2007,0,1,1165,POINT (-88.1626260612232 40.115207621305),POINT,-88.1626260612232,40.115207621305,-0.0034208257295993295,-0.007119266098625547
A-Injury,fixed object,Clear,Daylight,Dry,No Controls,urbana,2007,0,2,1166,POINT (-88.2192371820504 40.1054323982584),POINT,-88.2192371820504,40.1054323982584,-0.002777050245864046,-0.0073643828222364404
A-Injury,fixed object,Clear,"Darkness, lighted road",Dry,Traffic Signal,urbana,2007,0,1,1167,POINT (-88.21954920919 40.1274100527874),POINT,-88.21954920919,40.1274100527874,-0.0027735019073079586,-0.006813286377160876
A-Injury,fixed object,Clear,Daylight,Dry,Lane Use Marking,urbana,2007,0,1,1168,POINT (-88.1975655634283 40.1350483917498),POINT,-88.1975655634283,40.1350483917498,-0.0030234975261494304,-0.006621752679017255
A-Injury,parked motor vehicle,Clear,Daylight,Dry,No Controls,urbana,2007,0,2,1169,POINT (-88.2072988737839 40.1085675739047),POINT,-88.2072988737839,40.10856757390471,-0.002912811383727928,-0.007285767328891253
A-Injury,parked motor vehicle,Clear,Daylight,Wet,No Controls,urbana,2007,0,3,1170,POINT (-88.1840097733877 40.0987341180544),POINT,-88.1840097733877,40.0987341180544,-0.0031776524901084755,-0.007532344257960782
A-Injury,turning,Clear,Daylight,Dry,No Controls,urbana,2007,0,2,1171,POINT (-88.2243218208538 40.1273608240827),POINT,-88.2243218208538,40.1273608240827,-0.0027192282886682796,-0.006814520802068149
A-Injury,turning,Clear,Daylight,Dry,No Controls,urbana,2007,0,2,1172,POINT (-88.2050001943013 40.1135688260002),POINT,-88.2050001943013,40.113568826000204,-0.002938951715772847,-0.007160359394795351
A-Injury,turning,Clear,Daylight,Dry,Stop Sign/Flasher,urbana,2007,0,1,1173,POINT (-88.2207395979397 40.1163971960967),POINT,-88.2207395979397,40.1163971960967,-0.002759964936444856,-0.007089437144949268
A-Injury,turning,Clear,Daylight,Dry,Stop Sign/Flasher,urbana,2007,0,2,1174,POINT (-88.1784390573706 40.1129947345958),POINT,-88.1784390573706,40.112994734595794,-0.0032410020642956554,-0.007174754913284423
A-Injury,turning,Clear,Daylight,Dry,No Controls,urbana,2007,0,1,1175,POINT (-88.2024525972295 40.1163008733183),POINT,-88.2024525972295,40.116300873318295,-0.0029679227114588927,-0.007091852468235394
A-Injury,turning,Clear,Daylight,Dry,No Controls,urbana,2007,0,1,1177,POINT (-88.2074939688431 40.1158760307119),POINT,-88.2074939688431,40.115876030711895,-0.002910592784020414,-0.007102505527222854
A-Injury,rear end,Clear,Daylight,Dry,Traffic Signal,urbana,2007,0,1,1178,POINT (-88.2194628955834 40.1164205773023),POINT,-88.2194628955834,40.1164205773023,-0.002774483456216211,-0.0070888508540294945
A-Injury,rear end,Clear,Daylight,Dry,Traffic Signal,urbana,2007,0,1,1179,POINT (-88.2049482001446 40.1092713009201),POINT,-88.2049482001446,40.1092713009201,-0.0029395429876448026,-0.007268121157596029
A-Injury,rear end,Clear,Dawn,Dry,No Controls,urbana,2007,0,3,1180,POINT (-88.167071127578 40.1058619942812),POINT,-88.167071127578,40.1058619942812,-0.003370276920443368,-0.007353610569871198
A-Injury,rear end,Clear,Dusk,Dry,No Controls,urbana,2007,0,1,1181,POINT (-88.2194917101719 40.1238595745715),POINT,-88.2194917101719,40.1238595745715,-0.002774155779862654,-0.006902315710137193
A-Injury,sideswipe same direction,Fog/Smoke/Haze,Daylight,Dry,Yield,urbana,2007,0,1,1182,POINT (-88.2127671734539 40.1164695305539),POINT,-88.2127671734539,40.1164695305539,-0.0028506264770554713,-0.007087623336193321
A-Injury,angle,Clear,"Darkness, lighted road",Dry,Traffic Signal,urbana,2007,0,2,1183,POINT (-88.2049997505706 40.1162761251916),POINT,-88.2049997505706,40.116276125191604,-0.0029389567618300525,-0.007092473035121807
A-Injury,angle,Clear,Daylight,Dry,Traffic Signal,urbana,2007,0,1,1184,POINT (-88.1784414856426 40.1140907408361),POINT,-88.1784414856426,40.1140907408361,-0.003240974450251681,-0.007147272219805249
A-Injury,angle,Clear,Daylight,Dry,Traffic Signal,urbana,2007,0,1,1185,POINT (-88.2156206853926 40.116440213576),POINT,-88.2156206853926,40.116440213576006,-0.0028181766509111483,-0.007088358468428499
A-Injury,unknown,Clear,Daylight,Dry,Traffic Signal,urbana,2007,0,1,1186,POINT (-88.219401969333 40.1128423336743),POINT,-88.219401969333,40.112842333674294,-0.0027751763028821905,-0.007178576413251778
A-Injury,unknown,Clear,Dusk,Dry,Traffic Signal,urbana,2007,0,1,1188,POINT (-88.2195085825499 40.1200907213728),POINT,-88.2195085825499,40.1200907213728,-0.0027739639090224766,-0.006996820862953889
A-Injury,unknown,Clear,Daylight,Dry,Traffic Signal,urbana,2007,0,1,1189,POINT (-88.2089190150263 40.1124915473748),POINT,-88.2089190150263,40.112491547374795,-0.0028943873144496,-0.007187372487572641
A-Injury,sideswipe - same dir,Clear,Darkness,Dry,Lane Use Marking,unincorporated,2003,0,1,94,POINT (-88.141706268871 40.3742122832618),POINT,-88.141706268871,40.3742122832618,-0.0036587233236476317,-0.0006246445604594402
A-Injury,unknown,Clear,Daylight,Dry,No Controls,urbana,2007,0,1,1190,POINT (-88.2194976560578 40.1206386616805),POINT,-88.2194976560578,40.120638661680495,-0.002774088163897498,-0.006983081091255897
A-Injury,unknown,Clear,Daylight,Dry,Traffic Signal,urbana,2007,0,1,1191,POINT (-88.2192508406763 40.1059790852007),POINT,-88.2192508406763,40.1059790852007,-0.0027768949214620497,-0.007350674479061174
A-Injury,unknown,Clear,Daylight,Dry,Traffic Signal,urbana,2007,0,1,1192,POINT (-88.204995205202 40.1162792641262),POINT,-88.204995205202,40.116279264126206,-0.002939008451265354,-0.007092394325371491
A-Injury,unknown,Clear,Daylight,Unknown,No Controls,urbana,2007,0,1,1193,POINT (-88.2217103700922 40.1090800166509),POINT,-88.2217103700922,40.10908001665089,-0.002748925421541428,-0.007272917669463092
A-Injury,overturned,Clear,Daylight,Wet,Lane Use Marking,unincorporated,2008,0,1,1194,POINT (-88.2930509487165 39.8818621799639),POINT,-88.2930509487165,39.881862179963896,-0.0019376481522926409,-0.012970474790072
A-Injury,head on,Snow,Dusk,Snow or slush,Lane Use Marking,unincorporated,2008,0,1,1195,POINT (-88.3030891750266 39.9488287697635),POINT,-88.3030891750266,39.9488287697635,-0.0018234945389354032,-0.011291266959741163
A-Injury,angle,Clear,Daylight,Snow or slush,Stop Sign/Flasher,champaign,2008,0,2,1196,POINT (-88.2500116175084 40.1090093964038),POINT,-88.2500116175084,40.1090093964038,-0.002427086726609182,-0.007274688493873511
A-Injury,parked motor vehicle,Snow,Daylight,Snow or slush,No Controls,champaign,2008,0,1,1197,POINT (-88.3223467120599 40.0969953650989),POINT,-88.3223467120599,40.0969953650989,-0.0016044999308441666,-0.007575944022957476
A-Injury,turning,Clear,Daylight,Dry,No Controls,champaign,2008,0,2,1198,POINT (-88.2531983588283 40.1271896729577),POINT,-88.2531983588283,40.127189672957705,-0.0023908474523327457,-0.006818812469153508
A-Injury,parked motor vehicle,SEVERE CROSS WIND,Darkness,Dry,No Controls,unincorporated,2008,0,2,1199,POINT (-88.0615710642772 40.1204187611536),POINT,-88.0615710642772,40.1204187611536,-0.004570012118989791,-0.0069885951645834825
A-Injury,turning,Clear,Daylight,Wet,No Controls,champaign,2008,0,1,1201,POINT (-88.2387313544736 40.1156520935822),POINT,-88.2387313544736,40.1156520935822,-0.00255536464596107,-0.007108120819606916
A-Injury,turning,Clear,Daylight,Dry,Traffic Signal,champaign,2008,0,1,1202,POINT (-88.2578400091986 40.116319489117),POINT,-88.2578400091986,40.116319489117,-0.002338063111220825,-0.007091385671358903
A-Injury,angle,Clear,Daylight,Dry,Traffic Signal,urbana,2008,0,3,1203,POINT (-88.2193810318502 40.1164311332551),POINT,-88.2193810318502,40.1164311332551,-0.0027754144016500994,-0.007088586160267304
A-Injury,fixed object,Clear,"Darkness, lighted road",Dry,Traffic Signal,champaign,2008,0,1,1204,POINT (-88.2767707467697 40.1128502620329),POINT,-88.2767707467697,40.1128502620329,-0.0021227848309250553,-0.007178377607221893
A-Injury,turning,Snow,Daylight,Snow or slush,Lane Use Marking,unincorporated,2008,0,1,1205,POINT (-88.3150582382125 40.1606312127145),POINT,-88.3150582382125,40.1606312127145,-0.0016873836594868215,-0.005980255577038048
A-Injury,angle,Snow,Daylight,Snow or slush,Lane Use Marking,urbana,2008,0,1,1206,POINT (-88.1726691205008 40.1210087188572),POINT,-88.1726691205008,40.121008718857205,-0.0033066171562634136,-0.00697380179376351
A-Injury,pedestrian,Rain,"Darkness, lighted road",Wet,Stop Sign/Flasher,urbana,2008,0,1,1207,POINT (-88.2144568567194 40.1183410234458),POINT,-88.2144568567194,40.118341023445794,-0.0028314115834849225,-0.007040695076476334
A-Injury,fixed object,Rain,Daylight,Ice,No Controls,unincorporated,2008,0,2,1208,POINT (-88.2899595997079 40.3183342745879),POINT,-88.2899595997079,40.3183342745879,-0.0019728026356225126,-0.0020258028095100898
A-Injury,rear end,Clear,"Darkness, lighted road",Dry,Traffic signal,urbana,1999,0,2,435,POINT (-88.2269356648049 40.1164076697114),POINT,-88.2269356648049,40.1164076697114,-0.0026895039407056017,-0.007089174515840183
A-Injury,turning,Clear,Darkness,Dry,Stop Sign/Flasher,champaign,2008,0,2,1209,POINT (-88.2320504653094 40.110299991431),POINT,-88.2320504653094,40.110299991431,-0.0026313389879387317,-0.007242326426730098
A-Injury,pedalcyclist,Clear,Daylight,Dry,Stop Sign/Flasher,champaign,2008,0,1,1210,POINT (-88.2578104589552 40.1153308230046),POINT,-88.2578104589552,40.115330823004605,-0.002338399153361654,-0.007116176778125404
A-Injury,rear end,Clear,Daylight,Dry,Traffic Signal,rantoul,2008,0,3,1211,POINT (-88.155799676328 40.3081906655675),POINT,-88.155799676328,40.3081906655675,-0.0034984546331407094,-0.002280156924686551
A-Injury,rear end,Clear,Daylight,Dry,No Controls,champaign,2010,0,2,1721,POINT (-88.2354149370112 40.1163402150074),POINT,-88.2354149370112,40.1163402150074,-0.0025930785831685932,-0.007090865963284228
A-Injury,pedestrian,Clear,Daylight,Dry,Traffic Signal,champaign,2008,0,1,1212,POINT (-88.2579034539181 40.1182694417485),POINT,-88.2579034539181,40.1182694417485,-0.0023373416247992446,-0.00704249000954609
A-Injury,rear end,Clear,Daylight,Snow or slush,No Controls,champaign,2008,0,1,1213,POINT (-88.2302995138192 40.1068697460735),POINT,-88.2302995138192,40.1068697460735,-0.002651250617069649,-0.007328340883812442
A-Injury,turning,Clear,Daylight,Unknown,Stop sign / flasher,champaign,2000,0,2,293,POINT (-88.3145129624667 40.1132597945671),POINT,-88.3145129624667,40.11325979456711,-0.0016935844757203957,-0.007168108453002266
A-Injury,angle,Snow,Daylight,Snow or slush,Traffic Signal,champaign,2008,0,2,1214,POINT (-88.2451490298286 40.1125905467255),POINT,-88.2451490298286,40.1125905467255,-0.002482383542676989,-0.007184890048413075
A-Injury,rear end,Snow,Daylight,Snow or slush,Traffic Signal,champaign,2008,0,1,1215,POINT (-88.257790646342 40.1101590277394),POINT,-88.257790646342,40.1101590277394,-0.002338624460235333,-0.00724586113464093
A-Injury,fixed object,Clear,Darkness,Dry,No Controls,unincorporated,2008,0,1,1216,POINT (-88.1705574110777 40.0110006109141),POINT,-88.1705574110777,40.0110006109141,-0.003330631285210211,-0.009732288926089088
A-Injury,fixed object,Clear,Daylight,Dry,Lane Use Marking,unincorporated,2008,0,1,1217,POINT (-87.987016238915 40.1200126184813),POINT,-87.987016238915,40.1200126184813,-0.005417841451124777,-0.006998779316973583
A-Injury,rear end,Clear,Daylight,Wet,Stop Sign/Flasher,champaign,2008,0,1,1218,POINT (-88.2627089998404 40.1272311890865),POINT,-88.2627089998404,40.1272311890865,-0.002282693481368555,-0.006817771439458431
A-Injury,rear end,FOG/SMOKE/HAZE,Daylight,Wet,Stop Sign/Flasher,unincorporated,2008,0,1,1219,POINT (-88.0665285360445 39.9818195432653),POINT,-88.0665285360445,39.981819543265296,-0.004513636291441041,-0.010464013170072901
A-Injury,pedestrian,Clear,Daylight,Dry,No Controls,champaign,2008,0,1,1220,POINT (-88.2350448087219 40.1102729055467),POINT,-88.2350448087219,40.1102729055467,-0.00259728764165409,-0.007243005613607329
A-Injury,sideswipe opposite direction,Clear,Daylight,Dry,Lane Use Marking,unincorporated,2008,0,1,1221,POINT (-88.0112427541642 40.1115880298996),POINT,-88.0112427541642,40.1115880298996,-0.0051423401654078806,-0.007210028466079644
A-Injury,rear end,Clear,Daylight,Dry,Lane Use Marking,unincorporated,2008,0,1,1222,POINT (-88.3017242626669 39.924464755615),POINT,-88.3017242626669,39.924464755615,-0.0018390161732324377,-0.011902202106041516
A-Injury,turning,Clear,Daylight,Dry,Traffic Signal,champaign,2008,0,2,1223,POINT (-88.2581194231064 40.1568090833219),POINT,-88.2581194231064,40.1568090833219,-0.0023348856467752914,-0.0060760966467982135
A-Injury,fixed object,Clear,Daylight,Dry,No Controls,unincorporated,2008,0,2,1224,POINT (-88.098409946264 40.3234094456989),POINT,-88.098409946264,40.3234094456989,-0.004151084376087443,-0.0018985413333715165
A-Injury,fixed object,Snow,Daylight,Ice,No Controls,unincorporated,2008,0,1,1225,POINT (-88.1019764153491 40.0258394252034),POINT,-88.1019764153491,40.0258394252034,-0.004110526879133877,-0.009360201095097853
A-Injury,fixed object,Clear,Darkness,Dry,No Controls,unincorporated,2008,0,1,1226,POINT (-87.9598155074269 40.141918040663),POINT,-87.9598155074269,40.141918040663,-0.0057271651991063315,-0.006449494120216624
A-Injury,angle,Clear,Daylight,Dry,Stop Sign/Flasher,champaign,2008,0,1,1227,POINT (-88.2353909059743 40.1126505256805),POINT,-88.2353909059743,40.1126505256805,-0.0025933518614958805,-0.007183386057673904
A-Injury,fixed object,Clear,Daylight,Dry,No Controls,unincorporated,2008,0,1,1228,POINT (-88.3518034821907 40.1566490476403),POINT,-88.3518034821907,40.15664904764029,-0.0012695207577923002,-0.006080109590722874
A-Injury,sideswipe same direction,Clear,"Darkness, lighted road",Dry,No Controls,champaign,2008,0,1,1229,POINT (-88.2625585333191 40.1163505230516),POINT,-88.2625585333191,40.1163505230516,-0.0022844045702168857,-0.007090607485906284
A-Injury,parked motor vehicle,Clear,Daylight,Dry,No Controls,champaign,2008,0,4,1230,POINT (-88.288852099379 40.0935268410522),POINT,-88.288852099379,40.0935268410522,-0.0019853970084163374,-0.0076629183299414694
A-Injury,angle,Clear,Daylight,Dry,Stop Sign/Flasher,thomasboro,2008,0,1,1231,POINT (-88.1830090836122 40.2388013413109),POINT,-88.1830090836122,40.2388013413109,-0.0031890322249534084,-0.00402011556647695
A-Injury,fixed object,Clear,Daylight,Dry,Lane Use Marking,unincorporated,2008,0,1,1232,POINT (-88.3233451204385 40.1203908241576),POINT,-88.3233451204385,40.1203908241576,-0.0015931461397955039,-0.0069892956933483
A-Injury,angle,Rain,Daylight,Wet,Stop Sign/Flasher,champaign,2008,0,1,1233,POINT (-88.2815120657355 40.0870573426647),POINT,-88.2815120657355,40.08705734266471,-0.0020688670694296303,-0.007825142991270418
A-Injury,fixed object,Clear,Daylight,Dry,No Controls,champaign,2008,0,1,1235,POINT (-88.2816320233082 40.1110757570861),POINT,-88.2816320233082,40.1110757570861,-0.0020675029250129717,-0.007222873864393526
A-Injury,turning,Clear,Daylight,Dry,Lane Use Marking,unincorporated,2003,0,5,95,POINT (-88.1611959509165 39.9526789861119),POINT,-88.1611959509165,39.9526789861119,-0.003437088787829541,-0.011194721600928015
A-Injury,rear end,Rain,Daylight,Wet,Lane Use Marking,unincorporated,2008,0,1,1236,POINT (-87.9451103028431 40.1199894526119),POINT,-87.9451103028431,40.1199894526119,-0.005894391179726831,-0.006999360208271919
A-Injury,fixed object,Rain,Daylight,Wet,Lane Use Marking,urbana,2008,0,1,1237,POINT (-88.196988011614 40.1342496577002),POINT,-88.196988011614,40.1342496577002,-0.00303006538230917,-0.006641781180908224
A-Injury,pedalcyclist,Clear,Daylight,Dry,No Controls,champaign,2008,0,1,1239,POINT (-88.2435300201306 40.1199310733712),POINT,-88.2435300201306,40.119931073371205,-0.002500794744155877,-0.007000824085682896
A-Injury,turning,Clear,Daylight,Dry,Traffic Signal,champaign,2008,0,1,1240,POINT (-88.2437286798959 40.1359702589919),POINT,-88.2437286798959,40.1359702589919,-0.0024985356069999838,-0.006598636574462884
A-Injury,angle,Rain,Daylight,Wet,No Controls,unincorporated,2008,0,2,1241,POINT (-88.1037608406865 39.8946302091581),POINT,-88.1037608406865,39.8946302091581,-0.0040902345890680486,-0.01265031253207198
A-Injury,overturned,Clear,Daylight,Dry,No Controls,unincorporated,2008,0,2,1242,POINT (-87.9951896400807 40.1867790815039),POINT,-87.9951896400807,40.1867790815039,-0.005324894425658422,-0.005324589727111723
A-Injury,fixed object,Clear,"Darkness, lighted road",Dry,No Controls,champaign,2008,0,1,1243,POINT (-88.2433690203954 40.1348681628906),POINT,-88.2433690203954,40.1348681628906,-0.0025026256155623334,-0.006626271973079061
A-Injury,sideswipe same direction,Clear,Daylight,Dry,Lane Use Marking,unincorporated,2008,0,2,1244,POINT (-88.3036288532877 40.0010125876101),POINT,-88.3036288532877,40.0010125876101,-0.0018173573766865718,-0.00998274168158701
A-Injury,rear end,Clear,Daylight,Dry,Lane Use Marking,unincorporated,2008,0,2,1245,POINT (-88.1606039685631 39.9017157065198),POINT,-88.1606039685631,39.9017157065198,-0.0034438207465039704,-0.012472641507055477
A-Injury,rear end,Clear,Daylight,Dry,Lane Use Marking,champaign,2008,0,3,1246,POINT (-88.2697656889859 40.1587230341984),POINT,-88.2697656889859,40.158723034198395,-0.0022024455830434242,-0.006028103740062304
A-Injury,sideswipe opposite direction,Clear,Daylight,Dry,No Controls,urbana,2008,0,2,1247,POINT (-88.1679417548738 40.1133199771964),POINT,-88.1679417548738,40.1133199771964,-0.003360376241913874,-0.00716659935506765
A-Injury,angle,Clear,Daylight,Dry,Stop Sign/Flasher,urbana,2008,0,1,1250,POINT (-88.2049505325442 40.1007802374263),POINT,-88.2049505325442,40.10078023742629,-0.0029395164638512284,-0.00748103718556317
A-Injury,sideswipe same direction,Clear,Daylight,Wet,No Controls,urbana,2008,0,1,1251,POINT (-88.2074525847692 40.1164051817504),POINT,-88.2074525847692,40.116405181750395,-0.00291106339918934,-0.007089236902227396
A-Injury,head on,Clear,Daylight,Snow or slush,No Controls,urbana,2008,0,1,1252,POINT (-88.2194866730592 40.1241076605652),POINT,-88.2194866730592,40.1241076605652,-0.002774213061358195,-0.0068960948775627804