crash_severity,collision_type,weather,light,road_surface,traffic_control,city,year,fatality,injury,id,Geometry,point,x,y,norm_x,norm_y
A-Injury,angle,Clear,Daylight,Snow or slush,Stop Sign/Flasher,urbana,2008,0,1,1253,POINT (-88.1945100021361 40.1394200011428),POINT,-88.1945100021361,40.139420001142796,-0.003058245035476667,-0.0065121332292911146
A-Injury,fixed object,Clear,"Darkness, lighted road",Dry,Stop Sign/Flasher,urbana,2008,0,2,1254,POINT (-88.1955510588758 40.0983807414333),POINT,-88.1955510588758,40.098380741433296,-0.0030464062519231965,-0.007541205285392421
A-Injury,rear end,Clear,"Darkness, lighted road",Dry,Traffic Signal,champaign,2008,0,1,1255,POINT (-88.2451489490525 40.1125869277862),POINT,-88.2451489490525,40.112586927786204,-0.0024823844612538613,-0.0071849807944286805
A-Injury,fixed object,Clear,Daylight,Dry,No Controls,unincorporated,2008,0,1,1256,POINT (-88.1801965159177 40.1143604480735),POINT,-88.1801965159177,40.114360448073505,-0.0032210164376241797,-0.0071405092278967915
A-Injury,fixed object,Clear,"Darkness, lighted road",Dry,Stop Sign/Flasher,urbana,2008,0,1,1257,POINT (-88.1877807419806 40.1274706357345),POINT,-88.1877807419806,40.127470635734504,-0.003134769447084891,-0.006811767241133926
A-Injury,turning,Rain,"Darkness, lighted road",Wet,Traffic signal,champaign,1999,0,6,436,POINT (-88.2769570957819 40.1274234623449),POINT,-88.2769570957819,40.1274234623449,-0.0021206656903089136,-0.006812950128383261
A-Injury,turning,Clear,Daylight,Dry,No Controls,rantoul,1999,0,2,437,POINT (-88.1327221498801 40.3121521288532),POINT,-88.1327221498801,40.3121521288532,-0.003760889743686569,-0.002180822014714002
A-Injury,angle,Clear,Daylight,Dry,No Controls,unincorporated,2008,0,3,1258,POINT (-88.1045816203969 40.0549089824834),POINT,-88.1045816203969,40.0549089824834,-0.0040809007718360536,-0.008631273007899544
A-Injury,overturned,Clear,Daylight,Dry,No Controls,unincorporated,2008,0,1,1259,POINT (-88.4410690653363 40.1825982313747),POINT,-88.4410690653363,40.182598231374705,-0.00025440229465741255,-0.005429425829642748
A-Injury,rear end,Clear,Daylight,Dry,No Controls,unincorporated,2008,0,2,1260,POINT (-88.0812317643962 40.0259000124822),POINT,-88.0812317643962,40.025900012482204,-0.004346432784316152,-0.009358681850452298
A-Injury,overturned,Clear,Daylight,Dry,No Controls,unincorporated,2008,0,1,1261,POINT (-88.071654937919 40.1495348570162),POINT,-88.071654937919,40.1495348570162,-0.00445533940916142,-0.006258500108116595
A-Injury,angle,Clear,Daylight,Dry,Stop Sign/Flasher,unincorporated,2008,0,4,1262,POINT (-88.2378607252645 40.0104687411648),POINT,-88.2378607252645,40.0104687411648,-0.0025652653462484806,-0.009745625723593894
A-Injury,fixed object,Clear,Daylight,Dry,Lane Use Marking,urbana,2000,0,1,294,POINT (-88.2202504060083 40.1350292565106),POINT,-88.2202504060083,40.1350292565106,-0.0027655279736656414,-0.006622232501023945
A-Injury,rear end,Clear,Daylight,Wet,No Controls,champaign,2008,0,1,1263,POINT (-88.27726184028 40.1400601144227),POINT,-88.27726184028,40.1400601144227,-0.002117200169156546,-0.006496082191973325
A-Injury,pedestrian,Clear,Daylight,Dry,Stop Sign/Flasher,champaign,2008,0,1,1264,POINT (-88.2468687766537 40.1202113312187),POINT,-88.2468687766537,40.120211331218705,-0.002462826769589739,-0.006993796533982239
A-Injury,rear end,Clear,Daylight,Dry,Police/Flagman,unincorporated,2008,0,1,1265,POINT (-88.2869070498407 40.1426430560173),POINT,-88.2869070498407,40.1426430560173,-0.0020075158993534256,-0.006431314137277504
A-Injury,rear end,Clear,Daylight,Wet,No Controls,urbana,2008,0,1,1266,POINT (-88.2228113986695 40.0981690916987),POINT,-88.2228113986695,40.0981690916987,-0.002736404644799923,-0.007546512467566147
A-Injury,fixed object,Clear,Daylight,Dry,Traffic Signal,urbana,2008,0,1,1267,POINT (-88.1836568058261 40.1159400412944),POINT,-88.1836568058261,40.1159400412944,-0.0031816663986725404,-0.007100900442184343
A-Injury,pedalcyclist,Clear,Daylight,Dry,Stop Sign/Flasher,urbana,2008,0,1,1268,POINT (-88.2095897689724 40.0983004677986),POINT,-88.2095897689724,40.0983004677986,-0.002886759573825235,-0.0075432181714651745
A-Injury,pedestrian,Clear,Daylight,Dry,Traffic Signal,urbana,2008,0,1,1269,POINT (-88.2239889413726 40.1128111217479),POINT,-88.2239889413726,40.112811121747896,-0.002723013757775899,-0.0071793590619033554
A-Injury,turning,Clear,Daylight,Dry,Traffic Signal,urbana,2008,0,2,1270,POINT (-88.2050012736326 40.1124497905026),POINT,-88.2050012736326,40.1124497905026,-0.002938939441735195,-0.007188419553982417
A-Injury,rear end,Clear,Daylight,Dry,Traffic Signal,urbana,2008,0,1,1271,POINT (-88.1965555794772 40.1323984622316),POINT,-88.1965555794772,40.132398462231606,-0.003034982953344278,-0.0066882004764949035
A-Injury,turning,Clear,Dusk,Dry,Traffic Signal,champaign,2008,0,2,1272,POINT (-88.2579793650931 40.1321710482866),POINT,-88.2579793650931,40.1321710482866,-0.0023364783712071188,-0.00669390295109189
A-Injury,pedalcyclist,Clear,Daylight,Dry,No Controls,urbana,2008,0,1,1273,POINT (-88.2191916577329 40.1027691675909),POINT,-88.2191916577329,40.1027691675909,-0.0027775679434310935,-0.0074311641501228955
A-Injury,parked motor vehicle,Clear,Daylight,Dry,No Controls,champaign,2008,0,1,1274,POINT (-88.290832420248 40.1003702189692),POINT,-88.290832420248,40.1003702189692,-0.0019628770157583664,-0.007491318524448485
A-Injury,fixed object,Rain,Daylight,Wet,Lane Use Marking,champaign,2008,0,4,1275,POINT (-88.2982501109759 40.1198065527188),POINT,-88.2982501109759,40.1198065527188,-0.001878523846861904,-0.0070039464793299954
A-Injury,rear end,Clear,Daylight,Dry,Lane Use Marking,champaign,2008,0,1,1276,POINT (-88.2680045133087 40.1368940031897),POINT,-88.2680045133087,40.1368940031897,-0.002222473480512449,-0.00657547340466702
A-Injury,rear end,Clear,Daylight,Dry,Lane Use Marking,champaign,2008,0,1,1277,POINT (-88.3009785412851 40.1309905701445),POINT,-88.3009785412851,40.1309905701445,-0.0018474964353484083,-0.006723503803482408
A-Injury,sideswipe opposite direction,Clear,Darkness,Dry,Lane Use Marking,unincorporated,2008,0,2,1278,POINT (-88.3939768740301 40.2464998552818),POINT,-88.3939768740301,40.2464998552818,-0.0007899295514101962,-0.0038270729614923917
A-Injury,rear end,Clear,Daylight,Dry,Lane Use Marking,unincorporated,2008,0,3,1279,POINT (-88.0594453065269 40.120589787305),POINT,-88.0594453065269,40.120589787305,-0.004594186003979359,-0.0069843066312494685
A-Injury,overturned,Rain,Daylight,Wet,Lane Use Marking,unincorporated,2008,0,1,1280,POINT (-88.3037077626121 40.0703080311917),POINT,-88.3037077626121,40.0703080311917,-0.001816460028466909,-0.008245137126589044
A-Injury,parked motor vehicle,Clear,Daylight,Dry,No Controls,rantoul,2008,0,1,1281,POINT (-88.140570670247 40.308135523233),POINT,-88.140570670247,40.308135523233,-0.003671637227184858,-0.002281539635679559
A-Injury,fixed object,Clear,Daylight,Dry,No Controls,unincorporated,2008,0,1,1282,POINT (-88.1428981020315 40.0476488497912),POINT,-88.1428981020315,40.0476488497912,-0.003645169927102662,-0.008813323067525655
A-Injury,pedalcyclist,Clear,Daylight,Dry,No Controls,sidney,2008,0,1,1284,POINT (-88.0732927053317 40.0212770604425),POINT,-88.0732927053317,40.0212770604425,-0.004436714896999444,-0.009474603794328252
A-Injury,other non collision,Clear,Daylight,Dry,No Controls,unincorporated,2008,0,1,1285,POINT (-88.1468041518964 39.9674630073438),POINT,-88.1468041518964,39.967463007343795,-0.0036007507546055987,-0.010824007722699073
A-Injury,fixed object,Unknown,UNKNOWN,Unknown,No Controls,unincorporated,2008,0,1,1286,POINT (-88.3106496361604 39.9517770479202),POINT,-88.3106496361604,39.9517770479202,-0.0017375178005745126,-0.011217337978415684
A-Injury,fixed object,Clear,Daylight,Dry,No Controls,unincorporated,2008,0,1,1287,POINT (-88.1627192003914 40.1227684459759),POINT,-88.1627192003914,40.1227684459759,-0.003419766561149975,-0.006929676095175572
A-Injury,angle,Clear,Daylight,Dry,Stop Sign/Flasher,unincorporated,2008,0,2,1288,POINT (-88.3335190372968 40.1278799730235),POINT,-88.3335190372968,40.127879973023504,-0.001477449468342547,-0.006801502982747892
A-Injury,pedalcyclist,Clear,Daylight,Dry,Lane Use Marking,unincorporated,2008,0,1,1289,POINT (-87.9588764649125 40.123531906119),POINT,-87.9588764649125,40.123531906119,-0.0057378438880302625,-0.0069105320973361735
A-Injury,rear end,Clear,Daylight,Dry,Traffic Signal,champaign,2008,0,2,1290,POINT (-88.2769896425109 40.1274100732977),POINT,-88.2769896425109,40.1274100732977,-0.0021202955724610164,-0.006813285862858638
A-Injury,other object,Clear,Daylight,Dry,No Controls,champaign,2008,0,1,1291,POINT (-88.2368211640313 40.1303404851055),POINT,-88.2368211640313,40.1303404851055,-0.002577087123065403,-0.006739804885725562
A-Injury,parked motor vehicle,Clear,Daylight,Dry,No Controls,tolono,2008,0,1,1292,POINT (-88.2655760896548 39.9716140691581),POINT,-88.2655760896548,39.9716140691581,-0.002250089249104503,-0.01071991857132333
A-Injury,overturned,Clear,Daylight,Dry,Lane Use Marking,unincorporated,2008,0,1,1293,POINT (-88.2898019177651 40.1453060814773),POINT,-88.2898019177651,40.1453060814773,-0.0019745957774560613,-0.0063645379550321835
A-Injury,pedalcyclist,Unknown,"Darkness, lighted road",Unknown,Unknown,champaign,2008,0,1,1294,POINT (-88.243718748385 40.1379710246987),POINT,-88.243718748385,40.1379710246987,-0.002498648547057219,-0.006548466759162812
A-Injury,angle,Clear,Darkness,Dry,Traffic Signal,rantoul,2008,0,2,1295,POINT (-88.1589016194943 40.3081704510612),POINT,-88.1589016194943,40.3081704510612,-0.003463179674206421,-0.002280663809647645
A-Injury,angle,Clear,Daylight,Dry,Stop Sign/Flasher,champaign,2008,0,2,1297,POINT (-88.2451490288687 40.1125904594303),POINT,-88.2451490288687,40.1125904594303,-0.0024823835535928737,-0.007184892237367023
A-Injury,turning,Clear,Daylight,Dry,No Controls,rantoul,2008,0,1,1298,POINT (-88.1562460237649 40.3051668338403),POINT,-88.1562460237649,40.305166833840296,-0.0034933788188324906,-0.002355980435023874
A-Injury,fixed object,Clear,"Darkness, lighted road",Dry,No Controls,champaign,2008,0,1,1299,POINT (-88.2579584086592 40.1380311319108),POINT,-88.2579584086592,40.13803113191079,-0.0023367166854848494,-0.00654695955233762
A-Injury,overturned,Clear,Daylight,Dry,Lane Use Marking,unincorporated,2008,0,1,1300,POINT (-88.2629918572444 40.1642218122834),POINT,-88.2629918572444,40.164221812283394,-0.0022794768578601543,-0.005890220188798725
A-Injury,turning,Clear,Daylight,Dry,No Controls,urbana,2008,0,1,1301,POINT (-88.2194884884146 40.1242445175697),POINT,-88.2194884884146,40.12424451756971,-0.002774192417334792,-0.006892663146093555
A-Injury,turning,Clear,Daylight,Dry,No Controls,urbana,2008,0,2,1302,POINT (-88.2073096781141 40.1092498648021),POINT,-88.2073096781141,40.1092498648021,-0.0029126885180647748,-0.007268658674846053
A-Injury,overturned,Clear,Daylight,Dry,No Controls,urbana,2008,0,1,1303,POINT (-88.1907913595926 40.1024067194525),POINT,-88.1907913595926,40.1024067194525,-0.003100533032380837,-0.007440252648639928
A-Injury,angle,Clear,Daylight,Dry,Stop Sign/Flasher,urbana,2008,0,1,1304,POINT (-88.1955495852224 40.1000403720116),POINT,-88.1955495852224,40.1000403720116,-0.0030464230101487104,-0.007499589538332855
A-Injury,pedestrian,Clear,Darkness,Dry,No Controls,urbana,2008,0,1,1305,POINT (-88.2182456893914 40.110603905649),POINT,-88.2182456893914,40.110603905649,-0.002788325392104715,-0.007234705684265175
A-Injury,pedalcyclist,Clear,Daylight,Dry,No Controls,champaign,2008,0,1,1306,POINT (-88.2687327615422 40.1102509224503),POINT,-88.2687327615422,40.11025092245029,-0.0022141919211306482,-0.007243556846509241
A-Injury,parked motor vehicle,Clear,"Darkness, lighted road",Dry,No Controls,champaign,2008,0,1,1307,POINT (-88.2468434259747 40.1156173101139),POINT,-88.2468434259747,40.1156173101139,-0.0024631150547428184,-0.007108993025769904
A-Injury,head on,Clear,Daylight,Dry,Traffic Signal,savoy,2008,0,1,1308,POINT (-88.2514188593605 40.0544904793465),POINT,-88.2514188593605,40.0544904793465,-0.0024110837259473774,-0.008641767102739999
A-Injury,angle,Clear,Daylight,Dry,Stop Sign/Flasher,unincorporated,2008,0,3,1309,POINT (-88.2091702595767 40.039850721922),POINT,-88.2091702595767,40.039850721922,-0.002891530188860052,-0.009008863521639689
A-Injury,angle,Clear,Dusk,Dry,Stop Sign/Flasher,unincorporated,2008,0,3,1310,POINT (-88.1550504342136 40.2390404750451),POINT,-88.1550504342136,40.2390404750451,-0.0035069749326433765,-0.004014119214562146
A-Injury,angle,Clear,Daylight,Dry,Stop Sign/Flasher,unincorporated,2008,0,1,1311,POINT (-88.0595188314318 40.2979207133809),POINT,-88.0595188314318,40.2979207133809,-0.0045933498867901795,-0.002537679133604092
A-Injury,overturned,Clear,Daylight,Dry,No Controls,unincorporated,2000,0,1,296,POINT (-88.3941565822324 40.2744436800426),POINT,-88.3941565822324,40.2744436800426,-0.000787885929359019,-0.0031263729633567317
A-Injury,turning,Clear,"Darkness, lighted road",Wet,Traffic signal,rantoul,2000,0,2,297,POINT (-88.155770220666 40.3072851409121),POINT,-88.155770220666,40.30728514091211,-0.003498789599712241,-0.0023028632338542385
A-Injury,overturned,Clear,Darkness,"Sand, mud, dirt",Stop Sign/Flasher,ogden,2008,0,1,1312,POINT (-87.9561198413073 40.1139791700884),POINT,-87.9561198413073,40.1139791700884,-0.005769191910627015,-0.007150069890609925
A-Injury,overturned,Clear,Daylight,Dry,No Controls,unincorporated,2008,0,1,1313,POINT (-88.3464052123328 40.2447287410011),POINT,-88.3464052123328,40.2447287410011,-0.0013309092930893546,-0.0038714841966689525
A-Injury,angle,Clear,Daylight,Dry,Stop Sign/Flasher,unincorporated,2008,0,3,1314,POINT (-88.048070402864 40.1862387383237),POINT,-88.048070402864,40.1862387383237,-0.004723540166218518,-0.005338138998501674
A-Injury,fixed object,Clear,Daylight,Dry,No Controls,unincorporated,2008,0,1,1315,POINT (-88.2756292891339 40.3112873284276),POINT,-88.2756292891339,40.3112873284276,-0.002135765362504549,-0.002202507151297481
A-Injury,turning,Clear,Daylight,Dry,Traffic Signal,savoy,2008,0,2,1316,POINT (-88.2539781913084 40.0394299767829),POINT,-88.2539781913084,40.0394299767829,-0.002381979282531888,-0.009019413835374773
A-Injury,fixed object,Clear,Daylight,Dry,Traffic Signal,champaign,2008,0,1,1317,POINT (-88.2452112352491 40.1163493977333),POINT,-88.2452112352491,40.116349397733295,-0.0024816761494282497,-0.007090635703608825
A-Injury,angle,Clear,Daylight,Dry,No Controls,unincorporated,2008,0,2,1318,POINT (-88.3083401919827 40.2453812450497),POINT,-88.3083401919827,40.24538124504971,-0.0017637805475567518,-0.0038551224570159905
A-Injury,overturned,Clear,Daylight,Dry,Other Warning Sign,unincorporated,2008,0,1,1319,POINT (-88.4373523620534 39.8938893473673),POINT,-88.4373523620534,39.8938893473673,-0.0002966682385016669,-0.01266888986927896
A-Injury,other non collision,Clear,Daylight,Dry,No Controls,champaign,2008,0,1,1320,POINT (-88.2606528785615 40.1387988737586),POINT,-88.2606528785615,40.1387988737586,-0.0023060754680100286,-0.006527708189436023
A-Injury,turning,Rain,Daylight,Wet,No Controls,champaign,2008,0,2,1321,POINT (-88.2501589007447 40.1271888053437),POINT,-88.2501589007447,40.12718880534371,-0.0024254118377304277,-0.006818834224841295
A-Injury,overturned,Clear,Daylight,Dry,No Controls,champaign,2008,0,1,1322,POINT (-88.2770790681681 40.1597391093176),POINT,-88.2770790681681,40.159739109317606,-0.0021192786336531235,-0.006002625344022009
A-Injury,angle,Rain,Daylight,Wet,Traffic Signal,urbana,2008,0,1,1323,POINT (-88.2195498745535 40.1324396336256),POINT,-88.2195498745535,40.1324396336256,-0.002773494340867047,-0.006687168091130955
A-Injury,overturned,Clear,Dusk,Dry,Stop Sign/Flasher,urbana,2008,0,1,1324,POINT (-88.2242093823358 40.1221896705215),POINT,-88.2242093823358,40.1221896705215,-0.002720506927215963,-0.006944189067658424
A-Injury,fixed object,Rain,Daylight,Wet,No Controls,champaign,2008,0,1,1325,POINT (-88.2531891111174 40.1300689548928),POINT,-88.2531891111174,40.1300689548928,-0.002390952616291261,-0.0067466135893000136
A-Injury,angle,Clear,Daylight,Dry,Stop Sign/Flasher,champaign,2008,0,1,1326,POINT (-88.2435091115842 40.1163595658114),POINT,-88.2435091115842,40.1163595658114,-0.0025010325138622256,-0.007090380735923811
A-Injury,turning,Clear,Daylight,Dry,Stop Sign/Flasher,rantoul,2008,0,3,1327,POINT (-88.1747792070596 40.3071412223173),POINT,-88.1747792070596,40.3071412223173,-0.0032826214823522466,-0.002306472036871625
A-Injury,angle,Clear,Daylight,Dry,Traffic Signal,rantoul,2008,0,4,1328,POINT (-88.170585536093 40.2827047276551),POINT,-88.170585536093,40.2827047276551,-0.0033303114506076,-0.0029192246543394006
A-Injury,head on,Clear,Daylight,Dry,No Controls,champaign,2008,0,2,1329,POINT (-88.2764590518524 40.0942810769534),POINT,-88.2764590518524,40.09428107695339,-0.0021263293914854345,-0.007644005632804194
A-Injury,pedalcyclist,Clear,Daylight,Dry,Stop Sign/Flasher,champaign,2008,0,1,1330,POINT (-88.2387090408223 40.1102298946413),POINT,-88.2387090408223,40.1102298946413,-0.0025556183943668542,-0.007244084125285388
A-Injury,angle,Clear,Daylight,Dry,Traffic Signal,champaign,2008,0,1,1333,POINT (-88.2767707457629 40.1128501826988),POINT,-88.2767707457629,40.1128501826988,-0.0021227848423742346,-0.007178379596548849
A-Injury,turning,Rain,Darkness,Wet,Lane Use Marking,mahomet,2008,0,1,1334,POINT (-88.364799764548 40.1841467286657),POINT,-88.364799764548,40.1841467286657,-0.0011217284541058421,-0.005390596783933984
A-Injury,overturned,Rain,Daylight,Wet,No Controls,unincorporated,2008,0,2,1335,POINT (-88.2321705604159 40.0105132707813),POINT,-88.2321705604159,40.010513270781296,-0.0026299732795028465,-0.009744509129768158
A-Injury,rear end,Clear,Daylight,Dry,Lane Use Marking,unincorporated,2008,0,2,1336,POINT (-88.2815910371638 40.1444050740571),POINT,-88.2815910371638,40.144405074057104,-0.00206796901497111,-0.00638713099313832
A-Injury,fixed object,Clear,Daylight,Dry,Lane Use Marking,unincorporated,2008,0,1,1337,POINT (-88.3938056383561 40.2755790244287),POINT,-88.3938056383561,40.2755790244287,-0.0007918768247948801,-0.003097903853775881
A-Injury,rear end,Clear,Daylight,Dry,Lane Use Marking,unincorporated,2008,0,1,1338,POINT (-88.182290954358 40.1892901904393),POINT,-88.182290954358,40.189290190439294,-0.0031971987124077826,-0.005261622898432738
A-Injury,fixed object,Clear,Dusk,Dry,No Controls,unincorporated,2008,0,1,1339,POINT (-88.1557188453649 40.3414980654164),POINT,-88.1557188453649,40.341498065416395,-0.0034993738340257994,-0.001444963632007449
A-Injury,rear end,Clear,Daylight,Dry,No Controls,champaign,2008,0,1,1340,POINT (-88.2435608734313 40.1235301931185),POINT,-88.2435608734313,40.1235301931185,-0.0025004438837897018,-0.006910575051350444
A-Injury,turning,Clear,Darkness,Wet,Stop Sign/Flasher,champaign,2008,0,1,1341,POINT (-88.2591086452196 40.1380802852024),POINT,-88.2591086452196,40.1380802852024,-0.0023236363209335753,-0.006545727018436789
A-Injury,turning,Clear,Daylight,Dry,Traffic Signal,champaign,2008,0,2,1342,POINT (-88.2768888232007 40.1196900092729),POINT,-88.2768888232007,40.1196900092729,-0.0021214420786465297,-0.007006868842071055
A-Injury,rear end,Clear,Daylight,Dry,No Controls,champaign,2008,0,1,1343,POINT (-88.2725071424705 40.0982419184367),POINT,-88.2725071424705,40.098241918436706,-0.0021712700734015144,-0.007544686314717657
A-Injury,turning,Clear,Daylight,Dry,Traffic Signal,champaign,2008,0,6,1344,POINT (-88.2468767239015 40.0835694629413),POINT,-88.2468767239015,40.0835694629413,-0.0024627363943557075,-0.007912602647799536
A-Injury,rear end,Clear,Daylight,Dry,Lane Use Marking,unincorporated,2008,0,2,1345,POINT (-88.0789936114377 40.120561179823),POINT,-88.0789936114377,40.120561179823,-0.004371884815338963,-0.006985023972656967
A-Injury,angle,Clear,Darkness,Dry,Stop Sign/Flasher,unincorporated,2008,0,1,1347,POINT (-88.1605691357877 39.9090609852465),POINT,-88.1605691357877,39.9090609852465,-0.0034442168610218284,-0.012288456384433287
A-Injury,rear end,Clear,Daylight,Snow or slush,Lane Use Marking,unincorporated,2008,0,1,1348,POINT (-88.18283036653 40.227214509773),POINT,-88.18283036653,40.227214509773,-0.003191064576095169,-0.004310658930046532
A-Injury,overturned,Snow,Daylight,Ice,Lane Use Marking,champaign,2008,0,2,1349,POINT (-88.2921764078434 40.1386811750139),POINT,-88.2921764078434,40.1386811750139,-0.001947593335595827,-0.006530659521649832
A-Injury,rear end,Clear,Daylight,Dry,Lane Use Marking,unincorporated,2008,0,1,1350,POINT (-88.3034929738205 39.9870894363124),POINT,-88.3034929738205,39.9870894363124,-0.0018189025831487247,-0.010331868981512777
A-Injury,overturned,Snow,Dawn,Snow or slush,Lane Use Marking,unincorporated,2008,0,2,1351,POINT (-88.1406395390972 40.3767363316658),POINT,-88.1406395390972,40.376736331665796,-0.0036708540581414074,-0.0005613532706265357
A-Injury,rear end,Clear,Darkness,Dry,Lane Use Marking,unincorporated,2008,0,1,1352,POINT (-88.3468156914655 40.1810422847558),POINT,-88.3468156914655,40.1810422847558,-0.001326241369219386,-0.0054684416695394
A-Injury,fixed object,Clear,Darkness,Wet,No Controls,rantoul,2008,0,1,1353,POINT (-88.1458139337242 40.2831444371227),POINT,-88.1458139337242,40.2831444371227,-0.0036120114075214936,-0.002908198804236042
A-Injury,fixed object,Clear,"Darkness, lighted road",Dry,No Controls,rantoul,2008,0,1,1354,POINT (-88.1462717481082 40.3047926823597),POINT,-88.1462717481082,40.304792682359704,-0.0036068051923429556,-0.002365362398445047
A-Injury,sideswipe same direction,Clear,Daylight,Dry,No Controls,champaign,2008,0,1,1355,POINT (-88.2760963068939 40.11644590362),POINT,-88.2760963068939,40.11644590362,-0.00213045448753926,-0.007088215788825817
A-Injury,angle,Clear,Daylight,Dry,Stop Sign/Flasher,champaign,2008,0,5,1356,POINT (-88.2353909059743 40.1126505256805),POINT,-88.2353909059743,40.1126505256805,-0.0025933518614958805,-0.007183386057673904
A-Injury,turning,Clear,Daylight,Dry,Traffic Signal,champaign,2008,0,3,1357,POINT (-88.2466687457606 40.0980895304398),POINT,-88.2466687457606,40.09808953043979,-0.0024651014990613356,-0.007548507490597003
A-Injury,angle,Clear,Daylight,Dry,Traffic Signal,champaign,2008,0,2,1358,POINT (-88.2579034539181 40.1182694417485),POINT,-88.2579034539181,40.1182694417485,-0.0023373416247992446,-0.00704249000954609
A-Injury,overturned,Clear,Darkness,Dry,Lane Use Marking,unincorporated,2000,0,1,299,POINT (-88.1573908360096 40.3511810026863),POINT,-88.1573908360096,40.351181002686296,-0.003480360139006851,-0.0012021610026235186
A-Injury,fixed object,Clear,Darkness,Dry,No Controls,rantoul,2008,0,5,1238,POINT (-88.1416126237609 40.3046910882602),POINT,-88.1416126237609,40.3046910882602,-0.003659788245613,-0.0023679099017286107
A-Injury,rear end,Clear,Daylight,Dry,Traffic Signal,savoy,2008,0,2,1359,POINT (-88.2514188593605 40.0544904793465),POINT,-88.2514188593605,40.0544904793465,-0.0024110837259473774,-0.008641767102739999
A-Injury,rear end,Clear,Daylight,Dry,No Controls,champaign,2008,0,1,1360,POINT (-88.2764124611044 40.1128462191979),POINT,-88.2764124611044,40.1128462191979,-0.0021268592163836606,-0.007178478982552669
A-Injury,overturned,Snow,Darkness,Ice,Lane Use Marking,unincorporated,2008,0,5,1361,POINT (-88.3040634990882 40.0194102365954),POINT,-88.3040634990882,40.0194102365954,-0.0018124146321095503,-0.009521414976311433
A-Injury,rear end,Clear,Daylight,Dry,Traffic Signal,champaign,2008,0,1,1362,POINT (-88.2580194433672 40.1341892339031),POINT,-88.2580194433672,40.1341892339031,-0.0023360226054509044,-0.006643296326199859
A-Injury,sideswipe same direction,Snow,Daylight,Snow or slush,Lane Use Marking,unincorporated,2008,0,2,1363,POINT (-88.4610110800678 40.2123598332346),POINT,-88.4610110800678,40.2123598332346,-2.7623880931604024e-05,-0.004683144511811324
A-Injury,overturned,Other,Daylight,Ice,Lane Use Marking,unincorporated,2008,0,2,1364,POINT (-88.3231224594769 40.1735213451592),POINT,-88.3231224594769,40.1735213451592,-0.0015956782159347281,-0.005657031542487104
A-Injury,parked motor vehicle,Clear,Daylight,Ice,Lane Use Marking,unincorporated,2008,0,6,1365,POINT (-88.3051506505793 40.1136751633265),POINT,-88.3051506505793,40.113675163326505,-0.0018000516640770453,-0.007157692953641409
A-Injury,fixed object,Clear,Darkness,Dry,No Controls,unincorporated,2008,0,1,1366,POINT (-88.0695191923297 40.385535194999),POINT,-88.0695191923297,40.385535194999,-0.004479626874765441,-0.0003407190670431983
A-Injury,angle,Rain,Daylight,Wet,Stop Sign/Flasher,unincorporated,2008,0,1,1367,POINT (-88.048070402864 40.1862387383237),POINT,-88.048070402864,40.1862387383237,-0.004723540166218518,-0.005338138998501674
A-Injury,pedestrian,Clear,"Darkness, lighted road",Dry,No Controls,champaign,2008,0,1,1368,POINT (-88.2320504653094 40.110299991431),POINT,-88.2320504653094,40.110299991431,-0.0026313389879387317,-0.007242326426730098
A-Injury,overturned,Clear,Darkness,Dry,Lane Use Marking,st. joseph,2008,0,1,1369,POINT (-88.0358863567161 40.1202225432278),POINT,-88.0358863567161,40.1202225432278,-0.004862095808433304,-0.0069935153894067565
A-Injury,turning,Clear,Daylight,Dry,No Controls,champaign,2008,0,1,1370,POINT (-88.2769106944275 40.1206501686017),POINT,-88.2769106944275,40.120650168601706,-0.0021211933614437694,-0.006982792551668334
A-Injury,turning,Clear,Daylight,Dry,No Controls,champaign,2008,0,2,1371,POINT (-88.2626402339304 40.0981693527801),POINT,-88.2626402339304,40.098169352780104,-0.00228347547978739,-0.007546505920869673
A-Injury,turning,Clear,Daylight,Dry,Traffic Signal,champaign,2008,0,3,1372,POINT (-88.2387294870562 40.1163404613301),POINT,-88.2387294870562,40.116340461330104,-0.002555385882027761,-0.007090859786666628
A-Injury,sideswipe same direction,Clear,Darkness,Dry,Traffic Signal,champaign,2008,0,1,1373,POINT (-88.314531202973 40.1132463618646),POINT,-88.314531202973,40.1132463618646,-0.0016933770466746557,-0.007168445282148022
A-Injury,turning,Clear,Darkness,Wet,No Controls,urbana,2008,0,1,1374,POINT (-88.1805279536526 40.1032150051975),POINT,-88.1805279536526,40.1032150051975,-0.0032172473638981077,-0.007419984635049839
A-Injury,angle,Clear,Daylight,Dry,Traffic Signal,urbana,2008,0,2,1375,POINT (-88.1906610713237 40.1420085240767),POINT,-88.1906610713237,40.14200852407671,-0.0031020146563463273,-0.006447225220795775
A-Injury,pedestrian,Clear,Daylight,Dry,Traffic Signal,urbana,2008,0,1,1376,POINT (-88.2156192888248 40.1164501497193),POINT,-88.2156192888248,40.1164501497193,-0.0028181925325276155,-0.007088109316580228