crash_severity,collision_type,weather,light,road_surface,traffic_control,city,year,fatality,injury,id,Geometry,point,x,y,norm_x,norm_y
A-Injury,angle,Snow,"Darkness, lighted road",Snow or slush,Traffic Signal,champaign,2008,0,1,1377,POINT (-88.2426400253038 40.1163698302578),POINT,-88.2426400253038,40.116369830257796,-0.0025109156681329538,-0.007090123351774309
A-Injury,pedestrian,Clear,Daylight,Wet,No Controls,champaign,2008,0,1,1380,POINT (-88.2951587696771 40.088680234933),POINT,-88.2951587696771,40.088680234933,-0.0019136782425167626,-0.007784448468630727
A-Injury,angle,Clear,Daylight,Ice,Stop Sign/Flasher,unincorporated,2008,0,3,1381,POINT (-88.369671394252 40.1276191559494),POINT,-88.369671394252,40.1276191559494,-0.0010663288131264079,-0.00680804305107801
A-Injury,angle,Clear,Dusk,Dry,Stop Sign/Flasher,champaign,2008,0,1,1382,POINT (-88.2627396798724 40.131000490131),POINT,-88.2627396798724,40.131000490131,-0.0022823445913951424,-0.0067232550567706065
A-Injury,overturned,Clear,Darkness,Dry,No Controls,unincorporated,2008,0,1,1383,POINT (-88.2943752035619 40.0104194283062),POINT,-88.2943752035619,40.0104194283062,-0.0019225888708082068,-0.00974686225868617
A-Injury,pedalcyclist,Clear,"Darkness, lighted road",Ice,No Controls,champaign,2008,0,2,1384,POINT (-88.2579443945964 40.1239905992661),POINT,-88.2579443945964,40.1239905992661,-0.0023368760518767337,-0.006899030225632112
A-Injury,head on,Other,Darkness,Ice,No Controls,st. joseph,2008,0,2,1385,POINT (-88.0219668642716 40.1132295030017),POINT,-88.0219668642716,40.113229503001705,-0.005020386756410799,-0.007168868023318866
A-Injury,rear end,Rain,Daylight,Ice,No Controls,unincorporated,2008,0,1,1386,POINT (-88.2496092726062 40.0823580134332),POINT,-88.2496092726062,40.0823580134332,-0.0024316621488984004,-0.007942980116715542
A-Injury,fixed object,Clear,Darkness,Wet,Stop Sign/Flasher,unincorporated,2008,0,1,1387,POINT (-88.4126884984797 40.2220204310854),POINT,-88.4126884984797,40.2220204310854,-0.0005771430016035427,-0.004440902050230421
A-Injury,pedalcyclist,Clear,Daylight,Dry,No Controls,champaign,2008,0,1,1388,POINT (-88.2451556029241 40.102278905116),POINT,-88.2451556029241,40.102278905116,-0.0024823087941527396,-0.007443457632428468
A-Injury,sideswipe same direction,Rain,Daylight,Ice,No Controls,unincorporated,2008,0,1,1389,POINT (-88.0714589527998 40.1133775942192),POINT,-88.0714589527998,40.1133775942192,-0.004457568130534143,-0.007165154590504559
A-Injury,fixed object,Clear,Daylight,Ice,No Controls,unincorporated,2008,0,1,1390,POINT (-88.0646395042668 40.3272024052584),POINT,-88.0646395042668,40.3272024052584,-0.004535118154522271,-0.001803431706145526
A-Injury,head on,SLEET/HAIL,"Darkness, lighted road",Ice,No Controls,unincorporated,2008,0,3,1391,POINT (-88.2190487414194 40.0835199980508),POINT,-88.2190487414194,40.0835199980508,-0.002779193172140883,-0.007913842995138497
A-Injury,fixed object,Rain,Daylight,Ice,Stop Sign/Flasher,unincorporated,2008,0,1,1392,POINT (-88.3335178256903 40.1133209818819),POINT,-88.3335178256903,40.1133209818819,-0.001477463246599375,-0.007166574162269787
A-Injury,rear end,Rain,Darkness,Wet,Stop Sign/Flasher,urbana,2008,0,1,1393,POINT (-88.2156416291386 40.1174194850806),POINT,-88.2156416291386,40.1174194850806,-0.0028179384809187353,-0.007063802934341115
A-Injury,rear end,Clear,Daylight,Ice,Lane Use Marking,mahomet,2009,0,2,1395,POINT (-88.3850286797502 40.1928726594877),POINT,-88.3850286797502,40.192872659487705,-0.0008916874395586998,-0.005171791385494561
A-Injury,rear end,Clear,Darkness,Dry,Lane Use Marking,mahomet,2009,0,1,1396,POINT (-88.3385458717341 40.1785787960172),POINT,-88.3385458717341,40.178578796017206,-0.0014202848560853764,-0.005530214407141143
A-Injury,fixed object,Clear,Daylight,Ice,Lane Use Marking,mahomet,2009,0,1,1397,POINT (-88.368078884438 40.1880637706973),POINT,-88.368078884438,40.1880637706973,-0.001084438660818401,-0.005292375750566851
A-Injury,rear end,Clear,Darkness,Dry,Lane Use Marking,unincorporated,2009,0,2,1398,POINT (-87.9665529769675 40.1197705876945),POINT,-87.9665529769675,40.119770587694504,-0.005650547431267102,-0.00700484831337285
A-Injury,overturned,Clear,Darkness,Dry,Lane Use Marking,unincorporated,2009,0,1,1399,POINT (-88.3346527737752 40.1772913753962),POINT,-88.3346527737752,40.1772913753962,-0.0014645567409216692,-0.0055624968750731234
A-Injury,fixed object,Clear,Darkness,Dry,Lane Use Marking,unincorporated,2009,0,1,1400,POINT (-88.1827993417988 40.1557585674446),POINT,-88.1827993417988,40.1557585674446,-0.003191417385950269,-0.0061024386554376355
A-Injury,angle,Clear,Daylight,Snow or slush,Stop Sign/Flasher,champaign,2009,0,2,1401,POINT (-88.2877117147578 40.0838460086933),POINT,-88.2877117147578,40.08384600869329,-0.001998365337790962,-0.007905668178035091
A-Injury,angle,Clear,Daylight,Dry,Stop Sign/Flasher,champaign,2009,0,2,1402,POINT (-88.2436116373199 40.1297208565718),POINT,-88.2436116373199,40.1297208565718,-0.002499866602392355,-0.006755342261733453
A-Injury,parked motor vehicle,Clear,Daylight,Dry,Lane Use Marking,champaign,2009,0,2,1403,POINT (-88.3038308241167 40.0779843510126),POINT,-88.3038308241167,40.0779843510126,-0.0018150605864757855,-0.008052651046740035
A-Injury,pedestrian,Clear,Darkness,Dry,No Controls,champaign,2009,0,1,1404,POINT (-88.2961372098039 40.1093545339774),POINT,-88.2961372098039,40.109354533977395,-0.0019025515282469695,-0.007266034063091555
A-Injury,rear end,Clear,Darkness,Dry,No Controls,champaign,1999,0,1,440,POINT (-88.2579416402569 40.1329311285209),POINT,-88.2579416402569,40.1329311285209,-0.0023369073739246296,-0.006674843705504849
A-Injury,angle,Clear,Daylight,Wet,Traffic Signal,champaign,2009,0,1,1405,POINT (-88.2426398979592 40.1163701417278),POINT,-88.2426398979592,40.1163701417278,-0.002510917116281906,-0.0070901155415681975
A-Injury,overturned,Clear,Daylight,Dry,Lane Use Marking,unincorporated,2009,0,1,1406,POINT (-87.9579612457414 40.0240331014137),POINT,-87.9579612457414,40.0240331014137,-0.0057482516604960366,-0.009405495219538946
A-Injury,angle,Clear,Daylight,Dry,Traffic Signal,champaign,2009,0,1,1408,POINT (-88.2468109054203 40.1126098810458),POINT,-88.2468109054203,40.1126098810458,-0.0024634848749359797,-0.007184405234386587
A-Injury,rear end,Clear,Dusk,Wet,No Controls,urbana,2009,0,1,1409,POINT (-88.2129680277059 40.116487929368),POINT,-88.2129680277059,40.116487929368,-0.002848342384436348,-0.007087161980272463
A-Injury,angle,Clear,Darkness,Wet,Stop Sign/Flasher,urbana,2009,0,1,1410,POINT (-88.2049100974708 40.0983315422663),POINT,-88.2049100974708,40.098331542266294,-0.0029399762870901715,-0.007542438969632911
A-Injury,rear end,Clear,Daylight,Dry,Traffic Signal,champaign,2009,0,4,1411,POINT (-88.2445883723397 40.0980934446604),POINT,-88.2445883723397,40.0980934446604,-0.002488759278413112,-0.007548409340311743
A-Injury,fixed object,Clear,Darkness,Dry,No Controls,unincorporated,2009,0,1,1412,POINT (-88.2892969982078 40.2513445146658),POINT,-88.2892969982078,40.251344514665796,-0.0019803376675211043,-0.0037055916377869438
A-Injury,fixed object,Clear,Daylight,Dry,No Controls,unincorporated,2009,0,1,1413,POINT (-88.2380253054777 40.0252539766977),POINT,-88.2380253054777,40.025253976697705,-0.0025633937580371254,-0.009374881396393794
A-Injury,fixed object,Clear,Daylight,Ice,No Controls,unincorporated,2009,0,2,1414,POINT (-88.3466788796399 40.3033737811627),POINT,-88.3466788796399,40.303373781162705,-0.0013277971783593255,-0.0024009417822481696
A-Injury,angle,Clear,Daylight,Wet,Stop Sign/Flasher,unincorporated,2009,0,2,1415,POINT (-88.3331986600013 40.113321132108),POINT,-88.3331986600013,40.113321132108,-0.0014810927639595766,-0.007166570395304138
A-Injury,angle,SLEET/HAIL,Daylight,Ice,Stop Sign/Flasher,unincorporated,2009,0,3,1416,POINT (-88.1174483193597 40.312180144872),POINT,-88.1174483193597,40.312180144871995,-0.0039345820763604395,-0.002180119504428247
A-Injury,rear end,Clear,Daylight,Dry,Traffic Signal,champaign,2009,0,1,1417,POINT (-88.2769896444952 40.12741026875),POINT,-88.2769896444952,40.12741026875,-0.002120295549895725,-0.006813280961832259
A-Injury,turning,Clear,Daylight,Wet,Traffic Signal,champaign,2009,0,3,1418,POINT (-88.243718745723 40.1379711452064),POINT,-88.243718745723,40.1379711452064,-0.0024986485773292573,-0.006548463737395185
A-Injury,rear end,Clear,Darkness,Dry,Lane Use Marking,pesotum,2009,0,1,1419,POINT (-88.2788098815092 39.9047577144863),POINT,-88.2788098815092,39.9047577144863,-0.002099596013354514,-0.012396362221928966
A-Injury,overturned,Clear,Daylight,Dry,Lane Use Marking,champaign,2009,0,1,1420,POINT (-88.2603305023552 40.1353550775228),POINT,-88.2603305023552,40.135355077522796,-0.002309741495022427,-0.006614062438958596
A-Injury,fixed object,Clear,Darkness,Wet,Lane Use Marking,unincorporated,2009,0,1,1421,POINT (-88.3029879507436 39.9394199697757),POINT,-88.3029879507436,39.939419969775706,-0.0018246456504273135,-0.011527195512483686
A-Injury,rear end,Clear,Daylight,Wet,No Controls,champaign,2009,0,3,1422,POINT (-88.2484911880009 40.1126102818677),POINT,-88.2484911880009,40.1126102818677,-0.0024443768849275248,-0.007184395183654106
A-Injury,rear end,Clear,Daylight,Dry,Stop Sign/Flasher,unincorporated,2009,0,2,1423,POINT (-88.4076591938385 40.1567104094454),POINT,-88.4076591938385,40.1567104094454,-0.0006343357047496522,-0.006078570924592036
A-Injury,rear end,Clear,Daylight,Dry,Police/Flagman,unincorporated,2009,0,2,1424,POINT (-87.9403512578475 40.1123246803121),POINT,-87.9403512578475,40.1123246803121,-0.0059485105196974575,-0.007191556730478561
A-Injury,rear end,Clear,Darkness,Dry,Lane Use Marking,unincorporated,2009,0,2,1425,POINT (-88.1836224951564 40.2924433504031),POINT,-88.1836224951564,40.292443350403104,-0.003182056575861466,-0.0026750256944696993
A-Injury,other non collision,Clear,Daylight,Dry,Lane Use Marking,unincorporated,2009,0,6,1426,POINT (-88.2560935923346 40.1707639418186),POINT,-88.2560935923346,40.1707639418186,-0.0023579231730779704,-0.005726174279108097
A-Injury,pedestrian,Clear,Darkness,Dry,No Controls,champaign,2009,0,1,1427,POINT (-88.2541137366633 40.1126498233272),POINT,-88.2541137366633,40.1126498233272,-0.0023804378755584903,-0.007183403669398795
A-Injury,rear end,Rain,Daylight,Wet,Traffic Signal,champaign,2009,0,2,1429,POINT (-88.2766696935174 40.1090111767968),POINT,-88.2766696935174,40.1090111767968,-0.0021239339974744543,-0.007274643849971614
A-Injury,angle,Clear,Daylight,Dry,No Controls,champaign,2009,0,4,1430,POINT (-88.2765011823183 40.097713210991),POINT,-88.2765011823183,40.097713210991,-0.0021258502884281476,-0.007557943816487352
A-Injury,overturned,Clear,Daylight,Dry,Lane Use Marking,unincorporated,2009,0,1,1431,POINT (-88.1780898037431 40.3252162499309),POINT,-88.1780898037431,40.3252162499309,-0.003244973738406653,-0.001853235161692132
A-Injury,parked motor vehicle,Clear,Daylight,Dry,Other Warning Sign,champaign,2009,0,2,1432,POINT (-88.2378760289686 40.1349234820398),POINT,-88.2378760289686,40.134923482039795,-0.0025650913141966867,-0.006624884828403223
A-Injury,angle,Clear,Daylight,Dry,Traffic Signal,champaign,2009,0,2,1433,POINT (-88.2768102093063 40.116460509293),POINT,-88.2768102093063,40.116460509293,-0.0021223360672683487,-0.007087849547084299
A-Injury,angle,Clear,Daylight,Dry,Stop Sign/Flasher,champaign,2009,0,1,1434,POINT (-88.2412117116476 40.1211185789644),POINT,-88.2412117116476,40.1211185789644,-0.0025271582950499513,-0.006971047017795463
A-Injury,other non collision,Clear,Dawn,Wet,Lane Use Marking,unincorporated,2009,0,2,1435,POINT (-88.1518851976398 40.120311117126),POINT,-88.1518851976398,40.120311117126,-0.0035429696572957733,-0.006991294371674312
A-Injury,rear end,Clear,Darkness,Dry,Lane Use Marking,unincorporated,2009,0,2,1436,POINT (-88.3049373424404 40.0947297843619),POINT,-88.3049373424404,40.094729784361895,-0.001802477380937902,-0.007632754156565987
A-Injury,head on,Rain,Daylight,Wet,No Controls,champaign,2009,0,2,1437,POINT (-88.3004144243597 40.1276528049345),POINT,-88.3004144243597,40.1276528049345,-0.0018539115114187665,-0.0068071992924300705
A-Injury,fixed object,Clear,Daylight,Dry,No Controls,unincorporated,2009,0,1,1438,POINT (-88.1820964114315 40.1747004904734),POINT,-88.1820964114315,40.1747004904734,-0.003199411033322483,-0.005627464111166169
A-Injury,fixed object,Clear,Daylight,Dry,No Controls,unincorporated,2009,0,2,1439,POINT (-88.2423920395628 39.9958368941542),POINT,-88.2423920395628,39.9958368941542,-0.0025137357348978874,-0.010112523786432745
A-Injury,pedalcyclist,Clear,Daylight,Dry,Stop Sign/Flasher,champaign,2009,0,1,1440,POINT (-88.2539690304555 40.1101398853912),POINT,-88.2539690304555,40.1101398853912,-0.0023820834587507745,-0.007246341134908016
A-Injury,turning,Clear,Daylight,Dry,Stop Sign/Flasher,champaign,2009,0,1,1441,POINT (-88.2954789462724 40.1175591072916),POINT,-88.2954789462724,40.117559107291605,-0.0019100372292404847,-0.007060301864468753
A-Injury,angle,Clear,Daylight,Dry,Traffic signal,champaign,2003,0,1,98,POINT (-88.2467999536647 40.1126179344272),POINT,-88.2467999536647,40.112617934427206,-0.0024636094171046397,-0.007184203293371524
A-Injury,overturned,Clear,Daylight,Dry,Lane Use Marking,mahomet,2009,0,1,1442,POINT (-88.3619058955841 40.1859502695142),POINT,-88.3619058955841,40.1859502695142,-0.0011546372159334723,-0.0053453724425992395
A-Injury,fixed object,Clear,Daylight,Dry,No Controls,unincorporated,2009,0,1,1443,POINT (-87.9631821233158 40.2987729719281),POINT,-87.9631821233158,40.2987729719281,-0.0056888804108745725,-0.002516308488477684
A-Injury,turning,Rain,Daylight,Wet,No Controls,champaign,2009,0,1,1444,POINT (-88.2673987399395 40.1272944975156),POINT,-88.2673987399395,40.1272944975156,-0.002229362269112521,-0.006816183961132511
A-Injury,rear end,Rain,Daylight,Wet,Traffic Signal,champaign,2009,0,2,1445,POINT (-88.2766696935174 40.1090111767968),POINT,-88.2766696935174,40.1090111767968,-0.0021239339974744543,-0.007274643849971614
A-Injury,fixed object,Clear,Daylight,Dry,Lane Use Marking,ogden,2009,0,1,1446,POINT (-87.9587565510839 40.1093256027009),POINT,-87.9587565510839,40.1093256027009,-0.005739207534993854,-0.007266759523745582
A-Injury,angle,Clear,Daylight,Dry,Stop Sign/Flasher,unincorporated,2009,0,3,1447,POINT (-88.1820898266952 40.189289964095),POINT,-88.1820898266952,40.189289964095,-0.0031994859142245617,-0.005261628574085428
A-Injury,parked motor vehicle,Clear,"Darkness, lighted road",Dry,Lane Use Marking,champaign,2009,0,1,1448,POINT (-88.2670975940637 40.1367798096659),POINT,-88.2670975940637,40.136779809665896,-0.002232786867124928,-0.0065783368423890706
A-Injury,angle,Clear,Daylight,Dry,Yield,urbana,2009,0,2,1449,POINT (-88.1944787823772 40.1093703818887),POINT,-88.1944787823772,40.1093703818887,-0.00305860006316542,-0.007265636671842568
A-Injury,angle,Clear,Darkness,Dry,Stop Sign/Flasher,unincorporated,2009,0,2,1450,POINT (-87.9492514353823 40.3132609444267),POINT,-87.9492514353823,40.3132609444267,-0.005847298672730453,-0.002153018123266196
A-Injury,parked motor vehicle,Clear,"Darkness, lighted road",Dry,No Controls,urbana,2009,0,1,1451,POINT (-88.1760068305107 40.100483752218),POINT,-88.1760068305107,40.100483752218,-0.003268661082530995,-0.007488471643325417
A-Injury,parked motor vehicle,Clear,"Darkness, lighted road",Dry,No Controls,urbana,2009,0,1,1452,POINT (-88.2018724216402 40.1221484838102),POINT,-88.2018724216402,40.12214848381021,-0.002974520404901277,-0.006945221837108322
A-Injury,fixed object,Clear,Dusk,Wet,No Controls,urbana,2009,0,2,1454,POINT (-88.1890051530383 40.1274709621705),POINT,-88.1890051530383,40.1274709621705,-0.0031208455782506727,-0.006811759055650986
A-Injury,angle,Clear,Daylight,Dry,Stop sign / flasher,champaign,2000,0,3,300,POINT (-88.2389683114994 40.1380046789629),POINT,-88.2389683114994,40.1380046789629,-0.002552669996540898,-0.006547622868139866
A-Injury,angle,Clear,"Darkness, lighted road",Dry,Traffic signal,champaign,1999,0,1,441,POINT (-88.2579296297565 40.1321592484929),POINT,-88.2579296297565,40.1321592484929,-0.0023370439560235364,-0.006694198834547255
A-Injury,fixed object,Clear,"Darkness, lighted road",Ice,No Controls,rantoul,1999,0,2,442,POINT (-88.1644135647348 40.3083808612771),POINT,-88.1644135647348,40.3083808612771,-0.0034004984348726263,-0.0022753877087863445
A-Injury,pedestrian,Clear,Darkness,Dry,No Controls,champaign,2000,0,1,301,POINT (-88.2542068124424 40.1126444455948),POINT,-88.2542068124424,40.112644445594796,-0.002379379427963,-0.0071835385176924615
A-Injury,angle,Clear,Darkness,Dry,Traffic Signal,champaign,2008,0,1,1332,POINT (-88.3142898565332 40.0986887272057),POINT,-88.3142898565332,40.0986887272057,-0.0016961216120315056,-0.007533482447448976
A-Injury,turning,Clear,Daylight,Dry,No Controls,urbana,2009,0,1,1455,POINT (-88.2063293339601 40.1135088613223),POINT,-88.2063293339601,40.113508861322295,-0.002923836884723963,-0.007161863027532063
A-Injury,fixed object,Clear,Daylight,Dry,No Controls,urbana,2009,0,1,1456,POINT (-88.2140642608729 40.0982476562213),POINT,-88.2140642608729,40.0982476562213,-0.0028358761405771443,-0.007544542438004776
A-Injury,sideswipe opposite direction,Clear,Daylight,Dry,No Controls,urbana,2009,0,1,1457,POINT (-88.2003776002341 40.1255030172253),POINT,-88.2003776002341,40.1255030172253,-0.0029915193506869597,-0.006861105880262013
A-Injury,turning,Clear,Daylight,Dry,Traffic Signal,urbana,2009,0,1,1458,POINT (-88.2049692426273 40.1163173379906),POINT,-88.2049692426273,40.1163173379906,-0.002939303694829514,-0.007091439611514699
A-Injury,turning,Rain,Daylight,Wet,Traffic Signal,urbana,2009,0,1,1459,POINT (-88.2049686952829 40.1163195845287),POINT,-88.2049686952829,40.1163195845287,-0.0029393099191702475,-0.0070913832788810135
A-Injury,turning,Clear,Daylight,Dry,Traffic Signal,urbana,2009,0,1,1460,POINT (-88.2195408352587 40.1273696092058),POINT,-88.2195408352587,40.1273696092058,-0.0027735971347403084,-0.006814300512405135
A-Injury,turning,Clear,Daylight,Dry,Other,unincorporated,2009,0,2,1461,POINT (-88.1584631712597 40.1202739547377),POINT,-88.1584631712597,40.1202739547377,-0.003468165659648868,-0.006992226229987813
A-Injury,sideswipe same direction,Rain,Daylight,Wet,No Controls,champaign,2009,0,4,1462,POINT (-88.2769652063397 40.125124074953),POINT,-88.2769652063397,40.125124074953,-0.0021205734579313336,-0.006870607974258314
A-Injury,turning,Rain,Daylight,Wet,Traffic Signal,champaign,2009,0,1,1463,POINT (-88.2768094513089 40.1164604935505),POINT,-88.2768094513089,40.1164604935505,-0.0021223446871319824,-0.007087849941832343
A-Injury,angle,Clear,Daylight,Dry,Stop Sign/Flasher,unincorporated,2009,0,4,1464,POINT (-88.2378607324278 40.0104694930694),POINT,-88.2378607324278,40.0104694930694,-0.002565265264788122,-0.00974560686935483
A-Injury,fixed object,Clear,Darkness,Dry,No Controls,unincorporated,2009,0,2,1465,POINT (-88.2775627155291 40.0249710890115),POINT,-88.2775627155291,40.0249710890115,-0.002113778648681414,-0.009381974892108588
A-Injury,angle,Clear,Daylight,Dry,Traffic Signal,champaign,2009,0,1,1466,POINT (-88.2468767239029 40.0835694618433),POINT,-88.2468767239029,40.0835694618433,-0.0024627363943397085,-0.007912602675332267
A-Injury,fixed object,Clear,"Darkness, lighted road",Wet,No Controls,urbana,2009,0,1,1467,POINT (-88.1925653171254 40.1056694585873),POINT,-88.1925653171254,40.1056694585873,-0.0030803597810457662,-0.007358438461597202
A-Injury,rear end,Rain,"Darkness, lighted road",Wet,Lane Use Marking,champaign,2009,0,4,1468,POINT (-88.2580309073629 40.135371267311),POINT,-88.2580309073629,40.135371267311,-0.0023358922381438566,-0.006613656475041262
A-Injury,angle,Rain,"Darkness, lighted road",Wet,Traffic Signal,champaign,2009,0,3,1469,POINT (-88.2466687457606 40.0980895304398),POINT,-88.2466687457606,40.09808953043979,-0.0024651014990613356,-0.007548507490597003
A-Injury,turning,Clear,Darkness,Dry,Lane Use Marking,unincorporated,2009,0,1,1470,POINT (-88.4075043599489 40.1220886212648),POINT,-88.4075043599489,40.122088621264794,-0.0006360964588332427,-0.006946722908841287
A-Injury,rear end,Clear,Darkness,Dry,Lane Use Marking,unincorporated,2009,0,1,1471,POINT (-88.1217744549423 40.1204876270967),POINT,-88.1217744549423,40.12048762709671,-0.0038853857349579364,-0.006986868329884968
A-Injury,parked motor vehicle,Clear,Daylight,Dry,No Controls,urbana,2009,0,1,1472,POINT (-88.2012364765563 40.0983510352717),POINT,-88.2012364765563,40.098351035271705,-0.0029817523029459446,-0.007541950176528464
A-Injury,angle,Clear,Daylight,Dry,OTHER REGUALTORY SIGN,unincorporated,2009,0,2,1473,POINT (-88.3331986600013 40.113321132108),POINT,-88.3331986600013,40.113321132108,-0.0014810927639595766,-0.007166570395304138
A-Injury,pedalcyclist,Clear,Daylight,Wet,Stop Sign/Flasher,urbana,2009,0,1,1474,POINT (-88.2192505162804 40.106470328467),POINT,-88.2192505162804,40.106470328467005,-0.002776898610456782,-0.0073383564031095335
A-Injury,rear end,Clear,Daylight,Dry,No Controls,champaign,2009,0,2,1476,POINT (-88.276440537447 40.0927558548177),POINT,-88.276440537447,40.0927558548177,-0.002126539935281715,-0.007682251046836911
A-Injury,angle,Clear,"Darkness, lighted road",Dry,Traffic Signal,champaign,2009,0,1,1477,POINT (-88.2387090408223 40.1102298946413),POINT,-88.2387090408223,40.1102298946413,-0.0025556183943668542,-0.007244084125285388
A-Injury,fixed object,Clear,Daylight,Dry,No Controls,unincorporated,2009,0,1,1478,POINT (-88.3840681690842 40.142231314055),POINT,-88.3840681690842,40.142231314054996,-0.0009026102619583371,-0.006441638693586012
A-Injury,fixed object,Clear,Daylight,Dry,No Controls,unincorporated,2009,0,1,1479,POINT (-88.3390915369309 40.215050924959),POINT,-88.3390915369309,40.215050924959,-0.0014140796110576881,-0.0046156645593562985
A-Injury,angle,Clear,Daylight,Dry,Stop Sign/Flasher,unincorporated,2009,0,3,1480,POINT (-88.1048111154339 40.1205905684552),POINT,-88.1048111154339,40.120590568455206,-0.004078290979337628,-0.006984287043667866
A-Injury,rear end,Rain,Daylight,Wet,Traffic Signal,champaign,2009,0,1,1481,POINT (-88.2304518874188 40.110319932892),POINT,-88.2304518874188,40.110319932892,-0.002649517841135321,-0.007241826388463907
A-Injury,pedalcyclist,Rain,Daylight,Wet,Traffic Signal,champaign,2009,0,1,1482,POINT (-88.2689082271456 40.0982200985688),POINT,-88.2689082271456,40.098220098568795,-0.002212196545450738,-0.007545233454614763
A-Injury,turning,Clear,Daylight,Dry,Traffic Signal,champaign,2009,0,1,1483,POINT (-88.257799358496 40.1126598131864),POINT,-88.257799358496,40.1126598131864,-0.0023385253865714807,-0.007183153170607789
A-Injury,other non collision,Clear,Daylight,Dry,Stop Sign/Flasher,urbana,2009,0,1,1484,POINT (-88.2159894340316 40.1106398740126),POINT,-88.2159894340316,40.110639874012605,-0.0028139832816581937,-0.007233803766488113
A-Injury,pedestrian,Clear,Daylight,Dry,No Controls,fisher,2009,0,1,1485,POINT (-88.3496486201198 40.3157155872327),POINT,-88.3496486201198,40.3157155872327,-0.0012940256139373826,-0.0020914672001441444
A-Injury,rear end,Rain,Daylight,Wet,Traffic Signal,champaign,2009,0,4,1486,POINT (-88.257790646342 40.1101590277394),POINT,-88.257790646342,40.1101590277394,-0.002338624460235333,-0.00724586113464093
A-Injury,pedalcyclist,Clear,Daylight,Dry,No Controls,champaign,2009,0,1,1487,POINT (-88.2384601964276 40.1272310959015),POINT,-88.2384601964276,40.1272310959015,-0.002558448225647966,-0.006817773776100985
A-Injury,fixed object,Clear,Darkness,Dry,Other Warning Sign,unincorporated,2009,0,2,1488,POINT (-88.3470669778066 40.3621872687671),POINT,-88.3470669778066,40.3621872687671,-0.0013233837683904123,-0.000926175496404683
A-Injury,turning,Rain,Daylight,Wet,Stop Sign/Flasher,unincorporated,2009,0,2,1489,POINT (-88.192339100694 40.1274606544892),POINT,-88.192339100694,40.127460654489205,-0.0030829322895993094,-0.006812017523928858
A-Injury,rear end,Clear,Daylight,Dry,No Controls,unincorporated,2009,0,1,1490,POINT (-88.2415886303107 40.1781899574735),POINT,-88.2415886303107,40.1781899574735,-0.0025228720171751235,-0.00553996465318593
A-Injury,angle,Clear,Daylight,Dry,Stop Sign/Flasher,unincorporated,2009,0,1,1491,POINT (-88.2378607324278 40.0104694930694),POINT,-88.2378607324278,40.0104694930694,-0.002565265264788122,-0.00974560686935483
A-Injury,angle,Clear,"Darkness, lighted road",Dry,Traffic Signal,savoy,2009,0,1,1492,POINT (-88.2539799991713 40.0394300005311),POINT,-88.2539799991713,40.0394300005311,-0.0023819587237124064,-0.00901941323988136
A-Injury,angle,Clear,Daylight,Dry,Stop Sign/Flasher,champaign,2009,0,1,1493,POINT (-88.2423704972236 40.1297304147468),POINT,-88.2423704972236,40.129730414746795,-0.002513980712026678,-0.006755102587556484
A-Injury,sideswipe same direction,Clear,Daylight,Dry,Lane Use Marking,champaign,2009,0,1,1494,POINT (-88.2452133243588 40.1217031395364),POINT,-88.2452133243588,40.1217031395364,-0.0024816523923008923,-0.00695638898170994
A-Injury,rear end,Clear,Daylight,Dry,Lane Use Marking,unincorporated,2009,0,1,1496,POINT (-88.2596041266621 40.0032030140071),POINT,-88.2596041266621,40.0032030140071,-0.002318001760079352,-0.009927816066162772
A-Injury,head on,Rain,Daylight,Wet,No Controls,unincorporated,2009,0,1,1497,POINT (-88.2842653636592 40.1408672369714),POINT,-88.2842653636592,40.140867236971395,-0.0020375568661197595,-0.006475843345888172
A-Injury,pedestrian,Clear,Daylight,Dry,Stop Sign/Flasher,champaign,2009,0,1,1498,POINT (-88.276599634314 40.1045673248563),POINT,-88.276599634314,40.1045673248563,-0.002124730703084693,-0.007386074803789773
A-Injury,turning,Clear,Daylight,Dry,No Controls,champaign,2009,0,8,1499,POINT (-88.2531983588283 40.1271896729577),POINT,-88.2531983588283,40.127189672957705,-0.0023908474523327457,-0.006818812469153508
A-Injury,rear end,Clear,Daylight,Dry,Stop Sign/Flasher,champaign,2009,0,2,1500,POINT (-88.2627089998404 40.1272311890865),POINT,-88.2627089998404,40.1272311890865,-0.002282693481368555,-0.006817771439458431
A-Injury,turning,Clear,Daylight,Dry,Traffic signal,urbana,1999,0,2,443,POINT (-88.1987421000729 40.1285049229397),POINT,-88.1987421000729,40.128504922939705,-0.003010118079912604,-0.006785832171437511
A-Injury,pedalcyclist,Clear,Daylight,Dry,No Controls,champaign,2006,0,1,977,POINT (-88.2322316285441 40.1102982396598),POINT,-88.2322316285441,40.1102982396598,-0.0026292788194179567,-0.007242370352931603