crash_severity,collision_type,weather,light,road_surface,traffic_control,city,year,fatality,injury,id,Geometry,point,x,y,norm_x,norm_y
A-Injury,fixed object,Rain,Daylight,Wet,Lane Use Marking,champaign,1999,0,1,444,POINT (-88.2509170369976 40.134708626308),POINT,-88.2509170369976,40.134708626308,-0.0024167903950558416,-0.0066302724019426
A-Injury,angle,Clear,Daylight,Dry,Stop sign / flasher,urbana,2000,0,5,298,POINT (-88.162212379578 40.0859675712632),POINT,-88.162212379578,40.085967571263204,-0.0034255300720917384,-0.007852469344249576
A-Injury,rear end,Rain,Daylight,Wet,No Controls,urbana,2009,0,1,1501,POINT (-88.2193608010496 40.1145087753203),POINT,-88.2193608010496,40.114508775320296,-0.002775644464105195,-0.007136789876575365
A-Injury,rear end,Clear,Daylight,Dry,No Controls,unincorporated,2009,0,1,1502,POINT (-88.2165372440557 40.0835317897119),POINT,-88.2165372440557,40.0835317897119,-0.0028077536458886113,-0.007913547315610631
A-Injury,angle,Clear,Daylight,Dry,Stop Sign/Flasher,urbana,2009,0,2,1503,POINT (-88.207708318539 40.1257508665441),POINT,-88.207708318539,40.1257508665441,-0.0029081552226869496,-0.006854890982383494
A-Injury,rear end,Clear,Daylight,Dry,No Controls,urbana,2009,0,2,1504,POINT (-88.1622970842456 40.0913984493648),POINT,-88.1622970842456,40.091398449364796,-0.0034245668198621053,-0.007716288405948023
A-Injury,pedalcyclist,Clear,Daylight,Dry,Stop Sign/Flasher,urbana,2009,0,1,1505,POINT (-88.2073099058583 40.1092498606577),POINT,-88.2073099058583,40.1092498606577,-0.00291268592818266,-0.007268658778768256
A-Injury,head on,Rain,Daylight,Wet,No Controls,urbana,2009,0,3,1506,POINT (-88.2194848551495 40.1239708381432),POINT,-88.2194848551495,40.1239708381432,-0.002774233734428676,-0.00689952574186504
A-Injury,turning,Clear,Daylight,Dry,Traffic Signal,champaign,2009,0,1,1507,POINT (-88.2445883723397 40.0980934446604),POINT,-88.2445883723397,40.0980934446604,-0.002488759278413112,-0.007548409340311743
A-Injury,turning,Clear,Dusk,Dry,Traffic Signal,champaign,2009,0,3,1508,POINT (-88.2769884407887 40.1274102602036),POINT,-88.2769884407887,40.1274102602036,-0.0021203092383146284,-0.00681328117613589
A-Injury,rear end,Rain,"Darkness, lighted road",Wet,No Controls,champaign,2009,0,2,1509,POINT (-88.276458934653 40.094978349042),POINT,-88.276458934653,40.094978349042,-0.0021263307242642775,-0.007626521320782843
A-Injury,fixed object,Clear,Daylight,Dry,No Controls,unincorporated,2009,0,1,1510,POINT (-88.1062664126215 40.0257511587966),POINT,-88.1062664126215,40.0257511587966,-0.0040617414986485086,-0.009362414402388775
A-Injury,angle,Clear,Daylight,Dry,Traffic Signal,urbana,2009,0,2,1511,POINT (-88.1621601216246 40.083989534671),POINT,-88.1621601216246,40.083989534671,-0.003426124343830878,-0.00790206922001229
A-Injury,fixed object,Clear,Daylight,Dry,No Controls,champaign,2009,0,1,1512,POINT (-88.249332553923 40.0863597972364),POINT,-88.249332553923,40.0863597972364,-0.0024348089635441808,-0.007842634157368822
A-Injury,angle,Rain,"Darkness, lighted road",Wet,Traffic Signal,champaign,2009,0,1,1513,POINT (-88.2452112454034 40.11635067202),POINT,-88.2452112454034,40.116350672020005,-0.0024816760339547135,-0.007090603750477752
A-Injury,sideswipe same direction,Clear,Daylight,Dry,Traffic Signal,unincorporated,2009,0,1,1514,POINT (-88.2760758556775 40.0837003373512),POINT,-88.2760758556775,40.0837003373512,-0.002130687056538756,-0.007909320931729481
A-Injury,angle,Clear,Daylight,Dry,No Controls,unincorporated,2009,0,1,1515,POINT (-88.4072910272364 40.0841605637415),POINT,-88.4072910272364,40.0841605637415,-0.0006385224551424966,-0.007897780613480912
A-Injury,angle,Clear,Daylight,Dry,No Controls,unincorporated,2009,0,2,1516,POINT (-88.3873397711576 39.9233707323181),POINT,-88.3873397711576,39.9233707323181,-0.0008654059604604207,-0.011929635076605154
A-Injury,other object,Clear,Darkness,Dry,Stop Sign/Flasher,unincorporated,2009,0,1,1517,POINT (-88.3496323771018 40.0113596024182),POINT,-88.3496323771018,40.0113596024182,-0.0012942103277641817,-0.009723287103739889
A-Injury,angle,Clear,Daylight,Dry,No Controls,unincorporated,2009,0,1,1518,POINT (-88.4034402184996 40.296440056663),POINT,-88.4034402184996,40.296440056662995,-0.0006823134315634023,-0.002574807056082653
A-Injury,angle,Clear,Daylight,Dry,No Controls,unincorporated,2009,0,3,1519,POINT (-88.3083402033621 40.2453824473826),POINT,-88.3083402033621,40.2453824473826,-0.0017637804181513102,-0.003855092308148917
A-Injury,turning,Clear,Daylight,Dry,Lane Use Marking,unincorporated,2009,0,3,1520,POINT (-88.426598348295 40.1105887001374),POINT,-88.426598348295,40.1105887001374,-0.00041896170855221037,-0.0072350869671440315
A-Injury,angle,Clear,Daylight,Dry,Stop Sign/Flasher,champaign,2009,0,1,1521,POINT (-88.248518411173 40.1153315990796),POINT,-88.248518411173,40.115331599079596,-0.002444067305987389,-0.007116157317806376
A-Injury,pedalcyclist,Clear,Daylight,Dry,No Controls,urbana,2009,0,1,1522,POINT (-88.2036431502207 40.1188225854273),POINT,-88.2036431502207,40.118822585427296,-0.002954383872859242,-0.007028619761717922
A-Injury,rear end,Clear,Daylight,Dry,Lane Use Marking,unincorporated,2009,0,1,1523,POINT (-88.1616475443797 40.0401687785057),POINT,-88.1616475443797,40.0401687785057,-0.003431953316282922,-0.009000888155006301
A-Injury,overturned,Clear,Daylight,Dry,Lane Use Marking,unincorporated,2009,0,1,1524,POINT (-87.9937110381332 40.1921103544779),POINT,-87.9937110381332,40.1921103544779,-0.005341708925532166,-0.005190906418011519
A-Injury,turning,Clear,Daylight,Dry,Traffic Signal,urbana,2009,0,3,1526,POINT (-88.1963893173081 40.1323690307135),POINT,-88.1963893173081,40.1323690307135,-0.003036873668574375,-0.00668893848086116
A-Injury,rear end,Rain,Daylight,Wet,No Controls,unincorporated,2009,0,1,1527,POINT (-88.2773910392569 40.1857602388392),POINT,-88.2773910392569,40.1857602388392,-0.0021157309325007083,-0.005350137520206123
A-Injury,fixed object,Clear,Daylight,Dry,No Controls,champaign,2009,0,1,1528,POINT (-88.2425502982375 40.1163664916369),POINT,-88.2425502982375,40.116366491636896,-0.002511936034532079,-0.00709020706871994
A-Injury,other non collision,Clear,Daylight,Dry,No Controls,urbana,2009,0,1,1529,POINT (-88.1956297097827 40.1066688203929),POINT,-88.1956297097827,40.1066688203929,-0.003045511842399131,-0.00733337915703482
A-Injury,overturned,Other,Darkness,Wet,Lane Use Marking,unincorporated,2006,0,1,834,POINT (-88.3033854530664 39.9478684901256),POINT,-88.3033854530664,39.9478684901256,-0.0018201252974223581,-0.011315346266931458
A-Injury,turning,Clear,Daylight,Wet,Traffic Signal,champaign,2009,0,3,1530,POINT (-88.2435083971861 40.1163595734927),POINT,-88.2435083971861,40.1163595734927,-0.002501040637919379,-0.007090380543312828
A-Injury,turning,Rain,"Darkness, lighted road",Dry,No Controls,champaign,2009,0,1,1531,POINT (-88.2579012999034 40.1212855668128),POINT,-88.2579012999034,40.121285566812794,-0.0023373661200192805,-0.0069668597461509845
A-Injury,sideswipe same direction,Rain,Daylight,Wet,No Controls,urbana,2009,0,1,1532,POINT (-88.2252645340212 40.1105614893607),POINT,-88.2252645340212,40.110561489360705,-0.0027085078574791183,-0.007235769285736472
A-Injury,angle,Clear,Darkness,Dry,Traffic Signal,champaign,2009,0,2,1533,POINT (-88.2768095617902 40.1164604963495),POINT,-88.2768095617902,40.116460496349504,-0.0021223434307507585,-0.00708784987164642
A-Injury,rear end,Clear,Daylight,Dry,No Controls,champaign,2009,0,1,1534,POINT (-88.2653410410642 40.1365797240159),POINT,-88.2653410410642,40.136579724015895,-0.0022527621960078924,-0.00658335405158582
A-Injury,turning,Clear,Daylight,Dry,Traffic Signal,champaign,2009,0,1,1535,POINT (-88.2689081084708 40.0982200976792),POINT,-88.2689081084708,40.0982200976792,-0.0022121978950076612,-0.007545233476921566
A-Injury,angle,Clear,Daylight,Dry,Stop Sign/Flasher,urbana,2009,0,1,1536,POINT (-88.2049685063977 40.1056301226627),POINT,-88.2049685063977,40.1056301226627,-0.0029393120671520633,-0.0073594248220016254
A-Injury,turning,Clear,Daylight,Dry,Traffic Signal,unincorporated,2009,0,1,1537,POINT (-88.3145312017204 40.1132470157495),POINT,-88.3145312017204,40.1132470157495,-0.001693377060919104,-0.007168428885783006
A-Injury,turning,Clear,Daylight,Dry,Stop Sign/Flasher,thomasboro,2009,0,1,1538,POINT (-88.1830078990477 40.2388013480075),POINT,-88.1830078990477,40.2388013480075,-0.0031890456956916594,-0.004020115398557586
A-Injury,overturned,Clear,Dusk,Dry,No Controls,unincorporated,2009,0,1,1539,POINT (-88.0963185381616 40.0840225555409),POINT,-88.0963185381616,40.0840225555409,-0.004174867640632248,-0.00790124121154619
A-Injury,overturned,Clear,Darkness,Dry,Lane Use Marking,unincorporated,2009,0,1,1540,POINT (-87.9933176460297 40.120041461334),POINT,-87.9933176460297,40.120041461334,-0.005346182537572176,-0.006998056073573436
A-Injury,pedalcyclist,Clear,Daylight,Dry,Lane Use Marking,unincorporated,2009,0,1,1541,POINT (-88.1703056683161 40.1124224849797),POINT,-88.1703056683161,40.1124224849797,-0.00333349407640304,-0.007189104248365095
A-Injury,angle,Clear,Daylight,Dry,Other Warning Sign,unincorporated,2009,0,1,1542,POINT (-88.2384394288533 40.0833190815993),POINT,-88.2384394288533,40.0833190815993,-0.0025586843922349306,-0.007918881036938238
A-Injury,pedalcyclist,Clear,Daylight,Wet,No Controls,champaign,2009,0,1,1544,POINT (-88.2387113515052 40.1103655802046),POINT,-88.2387113515052,40.1103655802046,-0.002555592117533236,-0.0072406817680645864
A-Injury,overturned,Clear,Darkness,Dry,No Controls,unincorporated,2009,0,1,1545,POINT (-87.9535757063218 40.2988659786832),POINT,-87.9535757063218,40.2988659786832,-0.0057981235358456045,-0.0025139763154955045
A-Injury,angle,Rain,Daylight,Wet,No Controls,unincorporated,2009,0,2,1546,POINT (-88.0790792080835 40.3563912575567),POINT,-88.0790792080835,40.35639125755671,-0.004370911419630612,-0.0010715122596817368
A-Injury,rear end,Clear,Daylight,Dry,No Controls,champaign,2009,0,2,1547,POINT (-88.2388210689595 40.1286588844238),POINT,-88.2388210689595,40.12865888442379,-0.0025543444226248883,-0.006781971539883425
A-Injury,pedalcyclist,Clear,Daylight,Dry,No Controls,champaign,2009,0,1,1548,POINT (-88.2290687235089 40.1163957470726),POINT,-88.2290687235089,40.1163957470726,-0.002665247030067898,-0.0070894734796740555
A-Injury,fixed object,Clear,Daylight,Dry,No Controls,rantoul,2009,0,1,1549,POINT (-88.1637694888389 40.2981571103865),POINT,-88.1637694888389,40.2981571103865,-0.003407822795623486,-0.0025317514060005245
A-Injury,angle,Clear,Darkness,Dry,Stop Sign/Flasher,unincorporated,2009,0,3,1550,POINT (-88.2173114755257 39.9084399695433),POINT,-88.2173114755257,39.908439969543295,-0.002798949170162965,-0.012304028544143038
A-Injury,angle,Clear,Daylight,Dry,Stop Sign/Flasher,unincorporated,2009,0,3,1551,POINT (-88.0404794566715 40.297940883793),POINT,-88.0404794566715,40.297940883793004,-0.0048098635773376275,-0.0025371733543184502
A-Injury,angle,Clear,Daylight,Dry,No Controls,unincorporated,2009,0,3,1552,POINT (-88.1427902170715 40.040348602257),POINT,-88.1427902170715,40.040348602257,-0.0036463967830860484,-0.008996379019149766
A-Injury,turning,Clear,Daylight,Dry,Stop Sign/Flasher,champaign,2009,0,2,1553,POINT (-88.3080626952285 40.1277293772276),POINT,-88.3080626952285,40.1277293772276,-0.0017669362103409489,-0.0068052792186358005
A-Injury,fixed object,Clear,Darkness,Wet,No Controls,unincorporated,2009,0,1,1554,POINT (-88.2134464106127 40.3885034626663),POINT,-88.2134464106127,40.3885034626663,-0.0028429022662627523,-0.000266288842593038
A-Injury,pedalcyclist,Clear,Daylight,Dry,No Controls,urbana,2009,0,1,1555,POINT (-88.2214698894352 40.1059893569774),POINT,-88.2214698894352,40.1059893569774,-0.0027516601413107235,-0.007350416911101969
A-Injury,turning,Rain,Daylight,Wet,Traffic Signal,urbana,2009,0,1,1556,POINT (-88.2049686952829 40.1163195845287),POINT,-88.2049686952829,40.1163195845287,-0.0029393099191702475,-0.0070913832788810135
A-Injury,angle,Clear,Daylight,Dry,No Controls,unincorporated,2009,0,4,1557,POINT (-88.0790792080835 40.3563912575567),POINT,-88.0790792080835,40.35639125755671,-0.004370911419630612,-0.0010715122596817368
A-Injury,fixed object,Rain,Daylight,Wet,Lane Use Marking,champaign,2009,0,1,1558,POINT (-88.2606790467045 40.1354073588864),POINT,-88.2606790467045,40.1354073588864,-0.002305777886745628,-0.006612751467690655
A-Injury,turning,Rain,Daylight,Wet,Lane Use Marking,champaign,2009,0,1,1559,POINT (-88.2467213289483 40.1058805272024),POINT,-88.2467213289483,40.105880527202395,-0.002464503528793296,-0.007353145851173647
A-Injury,turning,Clear,Daylight,Dry,Stop Sign/Flasher,champaign,2009,0,1,1560,POINT (-88.2468413012359 40.1153400322893),POINT,-88.2468413012359,40.115340032289296,-0.0024631392170404065,-0.007115945852480069
A-Injury,angle,Rain,Darkness,Wet,Traffic Signal,champaign,2009,0,5,1561,POINT (-88.2816993592703 40.1184699093583),POINT,-88.2816993592703,40.118469909358296,-0.002066737187805502,-0.00703746322259007
A-Injury,fixed object,Rain,Daylight,Wet,No Controls,urbana,2009,0,2,1562,POINT (-88.204870120569 40.0951195415257),POINT,-88.204870120569,40.095119541525705,-0.0029404309000517323,-0.007622980875839666
A-Injury,angle,Rain,Darkness,Wet,Stop Sign/Flasher,champaign,2009,0,1,1563,POINT (-88.2817404383998 40.0983391186349),POINT,-88.2817404383998,40.0983391186349,-0.0020662700404310763,-0.007542248989860591
A-Injury,turning,Clear,Daylight,Dry,Traffic Signal,champaign,2009,0,1,1564,POINT (-88.2579793640202 40.1321710482859),POINT,-88.2579793640202,40.1321710482859,-0.002336478383408081,-0.006693902951109529
A-Injury,rear end,Clear,"Darkness, lighted road",Dry,Traffic Signal,champaign,2009,0,4,1565,POINT (-88.2787260717356 40.1128491885283),POINT,-88.2787260717356,40.112849188528294,-0.0021005490889472998,-0.0071784045256799755
A-Injury,parked motor vehicle,Clear,"Darkness, lighted road",Dry,No Controls,champaign,2009,0,1,1566,POINT (-88.2605987334634 40.119212347291),POINT,-88.2605987334634,40.119212347291004,-0.0023066912001526688,-0.007018846363140186
A-Injury,pedestrian,Rain,Daylight,Wet,No Controls,urbana,2009,0,1,1567,POINT (-88.2045987190108 40.11248019111),POINT,-88.2045987190108,40.112480191109995,-0.0029435172489326593,-0.007187657249404354
A-Injury,rear end,Clear,Daylight,Dry,Traffic Signal,champaign,2009,0,1,1569,POINT (-88.2435611177968 40.1272001712059),POINT,-88.2435611177968,40.1272001712059,-0.0025004411048919796,-0.006818549222352
A-Injury,pedestrian,Clear,Daylight,Dry,Other Warning Sign,champaign,2009,0,1,1570,POINT (-88.2386912386381 40.1079468779865),POINT,-88.2386912386381,40.1079468779865,-0.002555820838861496,-0.007301331469893927
A-Injury,rear end,Clear,Daylight,Dry,Traffic Signal,urbana,2009,0,1,1571,POINT (-88.2194809957241 40.120069843808),POINT,-88.2194809957241,40.120069843808,-0.002774277623392907,-0.006997344374310763
A-Injury,angle,Rain,"Darkness, lighted road",Wet,Traffic Signal,champaign,2009,0,1,1572,POINT (-88.2387090289841 40.1102291496086),POINT,-88.2387090289841,40.1102291496086,-0.0025556185289895288,-0.007244102807209437
A-Injury,sideswipe same direction,Clear,Daylight,Dry,Lane Use Marking,unincorporated,2009,0,1,1573,POINT (-88.1777858300355 40.2654725154564),POINT,-88.1777858300355,40.2654725154564,-0.003248430494213551,-0.0033513276738386722
A-Injury,fixed object,Clear,Daylight,Wet,No Controls,unincorporated,2009,0,2,1574,POINT (-87.9504723049619 40.3311055094164),POINT,-87.9504723049619,40.331105509416396,-0.005833415077198203,-0.0017055601692444909
A-Injury,rear end,Clear,Daylight,Dry,No Controls,champaign,2009,0,2,1575,POINT (-88.2937905419077 40.1275789839681),POINT,-88.2937905419077,40.1275789839681,-0.0019292375792908367,-0.0068090503758612446
A-Injury,turning,Clear,Daylight,Dry,OTHER REGUALTORY SIGN,urbana,2009,0,1,1576,POINT (-88.2022086305572 40.1273705025191),POINT,-88.2022086305572,40.1273705025191,-0.0029706970738135087,-0.006814278112299487
A-Injury,rear end,Clear,"Darkness, lighted road",Dry,No Controls,urbana,2009,0,2,1577,POINT (-88.1784485457116 40.114069264869),POINT,-88.1784485457116,40.114069264869,-0.003240894163917913,-0.007147810736283665
A-Injury,fixed object,Clear,Darkness,Dry,Lane Use Marking,unincorporated,2003,0,1,97,POINT (-88.3034671755194 39.9712225364832),POINT,-88.3034671755194,39.971222536483204,-0.001819195958611435,-0.01072973637353611
A-Injury,turning,Rain,Darkness,Wet,No Controls,champaign,2009,0,1,1578,POINT (-88.2772209716285 40.1386851279154),POINT,-88.2772209716285,40.138685127915394,-0.00211766492299839,-0.006530560401429416
A-Injury,pedalcyclist,Clear,Daylight,Dry,Traffic Signal,champaign,2009,0,1,1579,POINT (-88.2335627605609 40.1163558711113),POINT,-88.2335627605609,40.116355871111296,-0.0026141413314913803,-0.007090473381665001
A-Injury,angle,Clear,Daylight,Dry,No Controls,champaign,2009,0,1,1580,POINT (-88.2370583667849 40.1102600803275),POINT,-88.2370583667849,40.1102600803275,-0.002574389679255637,-0.0072433272099223425
A-Injury,angle,Clear,Daylight,Dry,Stop Sign/Flasher,unincorporated,2009,0,1,1581,POINT (-88.3331986600013 40.113321132108),POINT,-88.3331986600013,40.113321132108,-0.0014810927639595766,-0.007166570395304138
A-Injury,turning,Rain,Dusk,Wet,Traffic Signal,urbana,2009,0,1,1582,POINT (-88.1621603328049 40.0839895476106),POINT,-88.1621603328049,40.0839895476106,-0.0034261219423114887,-0.007902068895547808
A-Injury,pedalcyclist,Rain,Daylight,Wet,Stop Sign/Flasher,champaign,2009,0,1,1583,POINT (-88.2353925012987 40.1126505144021),POINT,-88.2353925012987,40.112650514402105,-0.0025933337196409564,-0.007183386340483129
A-Injury,angle,Clear,Daylight,Dry,Stop Sign/Flasher,champaign,2009,0,2,1584,POINT (-88.2500711878885 40.1163091752351),POINT,-88.2500711878885,40.1163091752351,-0.0024264092987523003,-0.007091644295118749
A-Injury,rear end,FOG/SMOKE/HAZE,Daylight,Wet,No Controls,champaign,2009,0,3,1585,POINT (-88.3044954268058 40.0985875637939),POINT,-88.3044954268058,40.0985875637939,-0.001807502797274395,-0.007536019151105884
A-Injury,rear end,Clear,Darkness,Dry,Traffic Signal,champaign,2009,0,1,1586,POINT (-88.2334887778673 40.1040699289545),POINT,-88.2334887778673,40.1040699289545,-0.002614982654603675,-0.007398547158968223
A-Injury,other non collision,Rain,Dawn,Wet,No Controls,unincorporated,2009,0,1,1587,POINT (-88.3148209421938 40.1420894421985),POINT,-88.3148209421938,40.142089442198504,-0.0016900821638971258,-0.006445196174010772
A-Injury,rear end,Clear,Darkness,Dry,Lane Use Marking,unincorporated,2009,0,1,1588,POINT (-88.4207351562756 40.1202735891778),POINT,-88.4207351562756,40.1202735891778,-0.00048563728789722404,-0.006992235396514679
A-Injury,turning,Rain,Darkness,Wet,Traffic Signal,champaign,2009,0,1,1589,POINT (-88.2445882869078 40.0980934445949),POINT,-88.2445882869078,40.0980934445949,-0.0024887602499354274,-0.007548409341954121
A-Injury,parked motor vehicle,Clear,Darkness,Dry,No Controls,champaign,2009,0,2,1590,POINT (-88.2878870866918 40.0949933510805),POINT,-88.2878870866918,40.0949933510805,-0.0019963710273093933,-0.007626145140054704
A-Injury,rear end,Clear,Daylight,Dry,Lane Use Marking,unincorporated,2009,0,1,1592,POINT (-88.2975933875485 40.113055744739),POINT,-88.2975933875485,40.113055744739,-0.0018859920339596898,-0.0071732250651839365
A-Injury,angle,Rain,Daylight,Wet,Stop Sign/Flasher,unincorporated,2009,0,4,1593,POINT (-88.1557405012096 40.3852887377146),POINT,-88.1557405012096,40.3852887377146,-0.0034991275661247763,-0.0003468990592309601
A-Injury,fixed object,Clear,Daylight,Dry,No Controls,unincorporated,2009,0,1,1594,POINT (-88.2585128455868 40.1891251537974),POINT,-88.2585128455868,40.1891251537974,-0.002330411689292542,-0.005265761242974278
A-Injury,pedestrian,Clear,"Darkness, lighted road",Dry,No Controls,urbana,2009,0,2,1595,POINT (-88.2287612428903 40.1173598488223),POINT,-88.2287612428903,40.117359848822296,-0.0026687436660837076,-0.007065298331855308
A-Injury,turning,Clear,Daylight,Wet,Stop sign / flasher,champaign,1999,0,1,445,POINT (-88.2682107086129 40.1127651181772),POINT,-88.2682107086129,40.1127651181772,-0.0022201286500309696,-0.0071805126155838625
A-Injury,rear end,Rain,Daylight,Wet,No Controls,champaign,1999,0,7,446,POINT (-88.2389254670918 40.1343236259909),POINT,-88.2389254670918,40.134323625990895,-0.002553157218465255,-0.006639926403275098
A-Injury,rear end,Clear,Daylight,Dry,No Controls,rantoul,1999,0,1,447,POINT (-88.1834536462494 40.3168453938703),POINT,-88.1834536462494,40.316845393870295,-0.0031839767071923856,-0.0020631369513098683
A-Injury,angle,Clear,Darkness,Dry,Stop Sign/Flasher,unincorporated,2009,0,2,1596,POINT (-88.1616482687062 40.04016877052),POINT,-88.1616482687062,40.04016877052,-0.003431945079321094,-0.009000888355250298
A-Injury,turning,Clear,Daylight,Dry,No Controls,urbana,2009,0,2,1597,POINT (-88.1659803096173 40.1133229381398),POINT,-88.1659803096173,40.113322938139795,-0.0033826815831678714,-0.007166525108501504
A-Injury,pedalcyclist,Rain,Daylight,Wet,Stop Sign/Flasher,urbana,2009,0,1,1598,POINT (-88.2048612957363 40.0946794861427),POINT,-88.2048612957363,40.0946794861427,-0.0029405312550855184,-0.007634015399878118
A-Injury,fixed object,Clear,Daylight,Dry,Lane Use Marking,urbana,2009,0,2,1599,POINT (-88.203940754159 40.135113805646),POINT,-88.203940754159,40.135113805646,-0.0029509995533731474,-0.006620112405456312
A-Injury,angle,Clear,Darkness,Dry,No Controls,champaign,2009,0,3,1600,POINT (-88.2772209657949 40.1386848278735),POINT,-88.2772209657949,40.138684827873504,-0.002117664989337435,-0.006530567925072066
A-Injury,rear end,Clear,Daylight,Dry,Lane Use Marking,unincorporated,2009,0,2,1601,POINT (-88.207311200477 40.1352296325078),POINT,-88.207311200477,40.135229632507794,-0.002912671205920202,-0.006617208011282
A-Injury,fixed object,Rain,Darkness,Wet,No Controls,philo,2009,0,1,1602,POINT (-88.1613814160698 39.9965808789296),POINT,-88.1613814160698,39.9965808789296,-0.0034349796983601535,-0.010093868139426794
A-Injury,fixed object,Snow,Daylight,Snow or slush,Lane Use Marking,unincorporated,2009,0,1,1603,POINT (-88.0596145235149 40.1205785964385),POINT,-88.0596145235149,40.1205785964385,-0.004592261686871459,-0.006984587245668008
A-Injury,rear end,Clear,Daylight,Wet,No Controls,champaign,2009,0,1,1604,POINT (-88.2770693731702 40.1330468948834),POINT,-88.2770693731702,40.1330468948834,-0.002119388884110479,-0.006671940828368993
A-Injury,angle,Clear,Daylight,Dry,Stop Sign/Flasher,champaign,2009,0,3,1605,POINT (-88.2500491249575 40.1126086477286),POINT,-88.2500491249575,40.1126086477286,-0.002426660195994157,-0.007184436160194588
A-Injury,rear end,Clear,"Darkness, lighted road",Dry,No Controls,champaign,2009,0,2,1606,POINT (-88.2534774786327 40.0981198827392),POINT,-88.2534774786327,40.098119882739205,-0.0023876733323988106,-0.007547746397356433
A-Injury,turning,Clear,"Darkness, lighted road",Dry,Traffic Signal,mahomet,2009,0,1,1607,POINT (-88.3652600147976 40.1842791332785),POINT,-88.3652600147976,40.1842791332785,-0.0011164945385297555,-0.0053872766975558446
A-Injury,rear end,Clear,Daylight,Dry,Traffic Signal,champaign,2009,0,1,1608,POINT (-88.2580194433672 40.1341892339031),POINT,-88.2580194433672,40.1341892339031,-0.0023360226054509044,-0.006643296326199859
A-Injury,overturned,Snow,Darkness,Snow or slush,Lane Use Marking,unincorporated,2009,0,1,1609,POINT (-88.3034889617065 39.9573821580027),POINT,-88.3034889617065,39.9573821580027,-0.0018189482084708735,-0.011076788119619476
A-Injury,turning,Clear,Daylight,Snow or slush,Traffic Signal,urbana,2009,0,1,1610,POINT (-88.1904503710332 40.0838087934435),POINT,-88.1904503710332,40.083808793443495,-0.0031044107170401214,-0.007906601361866826
A-Injury,overturned,Snow,Darkness,Snow or slush,Lane Use Marking,unincorporated,2009,0,2,1611,POINT (-88.3038293414476 39.9903026454263),POINT,-88.3038293414476,39.9903026454263,-0.0018150774472269384,-0.010251296774973833
A-Injury,rear end,Snow,Daylight,Snow or Slush,No Controls,champaign,2010,0,1,1626,POINT (-88.286886 40.127529),POINT,-88.286886,40.127528999999996,-0.0020077552758432124,-0.006810303739230688
A-Injury,head on,Clear,Darkness,Wet,Lane Use Marking,unincorporated,2009,0,3,1612,POINT (-88.1821706990094 40.1952119314026),POINT,-88.1821706990094,40.1952119314026,-0.0031985662430992746,-0.005113133422941508
A-Injury,parked motor vehicle,Snow,Daylight,Ice,Lane Use Marking,unincorporated,2009,0,1,1613,POINT (-88.1786167452625 40.3245494233321),POINT,-88.1786167452625,40.3245494233321,-0.003238981416993603,-0.0018699560436949488
A-Injury,turning,Clear,Daylight,Wet,Traffic Signal,champaign,2009,0,1,1614,POINT (-88.2579776953768 40.1321703293564),POINT,-88.2579776953768,40.1321703293564,-0.0023364973590386732,-0.006693920978487776
A-Injury,rear end,Clear,Darkness,Dry,No Controls,champaign,2009,0,2,1615,POINT (-88.2386321630873 40.1026992480365),POINT,-88.2386321630873,40.1026992480365,-0.0025564926395736853,-0.007432917404448537
A-Injury,parked motor vehicle,Clear,Darkness,Dry,No Controls,urbana,2009,0,2,1616,POINT (-88.1759524618658 40.1040317253637),POINT,-88.1759524618658,40.104031725363704,-0.003269279356823338,-0.007399505125754436
A-Injury,pedestrian,Clear,Daylight,Wet,No Controls,unincorporated,2010,0,2,1617,POINT (-88.2734519647289 40.143943179759),POINT,-88.2734519647289,40.143943179759,-0.002160525657859832,-0.0063987131346880805
A-Injury,angle,Fog/Smoke/Haze,Daylight,Wet,Traffic Signal,champaign,2010,0,1,1618,POINT (-88.2451466544176 40.1125905232306),POINT,-88.2451466544176,40.1125905232306,-0.0024824105555914743,-0.007184890637554879
A-Injury,angle,Clear,Darkness,Dry,Stop Sign/Flasher,unincorporated,2010,0,1,1619,POINT (-88.2378604571786 40.0104694955878),POINT,-88.2378604571786,40.0104694955878,-0.00256526839489204,-0.009745606806205228
A-Injury,overturned,Clear,Darkness,Ice,No Controls,unincorporated,2010,0,1,1620,POINT (-88.2380966847627 40.0324748731034),POINT,-88.2380966847627,40.032474873103396,-0.0025625820406033205,-0.009193815198716277
A-Injury,sideswipe same direction,Snow,Dusk,Ice,Lane Use Marking,mahomet,2010,0,1,1621,POINT (-88.3941831765861 40.1966699989632),POINT,-88.3941831765861,40.1966699989632,-0.0007875835012730372,-0.005076571930528128
A-Injury,sideswipe opposite direction,Clear,Daylight,Wet,Lane Use Marking,urbana,2010,0,2,1622,POINT (-88.2050757952223 40.1152268924036),POINT,-88.2050757952223,40.115226892403605,-0.0029380919903554312,-0.0071187828699024