crash_severity,collision_type,weather,light,road_surface,traffic_control,city,year,fatality,injury,id,Geometry,point,x,y,norm_x,norm_y
A-Injury,angle,Clear,Daylight,Wet,Stop Sign/Flasher,champaign,2010,0,1,1624,POINT (-88.2414510859312 40.0945098561767),POINT,-88.2414510859312,40.09450985617671,-0.0025244361568380162,-0.0076382689234338295
A-Injury,turning,Clear,Daylight,Dry,No Controls,champaign,2010,0,2,1625,POINT (-88.2670409701433 40.127295610927),POINT,-88.2670409701433,40.127295610927,-0.002233430788164013,-0.006816156041999291
A-Injury,angle,Clear,Daylight,Ice,Stop Sign/Flasher,unincorporated,2010,0,2,1627,POINT (-88.4452591373895 40.1076409232397),POINT,-88.4452591373895,40.1076409232397,-0.00020675325285216006,-0.007309003379245897
A-Injury,fixed object,Clear,Darkness,Dry,No Controls,unincorporated,2010,0,2,1628,POINT (-88.3141787257155 40.1420910696334),POINT,-88.3141787257155,40.142091069633395,-0.0016973853795541663,-0.006445155365580475
A-Injury,pedestrian,Clear,"Darkness, lighted road",Wet,No Controls,champaign,2010,0,1,1629,POINT (-88.2337636039307 40.1214450558028),POINT,-88.2337636039307,40.121445055802795,-0.0026118573626234876,-0.0069628605106865265
A-Injury,parked motor vehicle,Rain,Darkness,Wet,Traffic Signal,champaign,2010,0,1,1630,POINT (-88.2436806954761 40.1325986891195),POINT,-88.2436806954761,40.132598689119504,-0.0024990812805816627,-0.006683179725714438
A-Injury,pedalcyclist,Clear,Daylight,Dry,Stop Sign/Flasher,champaign,2010,0,1,1631,POINT (-88.2452205430016 40.1202116119752),POINT,-88.2452205430016,40.1202116119752,-0.0024815703026833755,-0.006993789493926789
A-Injury,angle,Clear,"Darkness, lighted road",Dry,Stop Sign/Flasher,champaign,2010,0,2,1632,POINT (-88.2320504653493 40.1102999645289),POINT,-88.2320504653493,40.1102999645289,-0.0026313389874849467,-0.00724232710130853
A-Injury,rear end,Clear,Daylight,Dry,No Controls,champaign,2010,0,3,1633,POINT (-88.2768979203512 40.1201005937755),POINT,-88.2768979203512,40.120100593775504,-0.0021213386268443967,-0.0069965733094204145
A-Injury,angle,Clear,"Darkness, lighted road",Dry,Traffic Signal,champaign,2010,0,4,1634,POINT (-88.2426392802495 40.1163716516023),POINT,-88.2426392802495,40.1163716516023,-0.002510924140809018,-0.0070900776810008245
A-Injury,overturned,Clear,Daylight,Snow or Slush,No Controls,unincorporated,2010,0,2,1635,POINT (-88.0593179270831 40.2656857551184),POINT,-88.0593179270831,40.2656857551184,-0.004595634549103526,-0.0033459806237465047
A-Injury,rear end,Clear,Darkness,Dry,No Controls,tolono,2010,0,1,1636,POINT (-88.2614313488925 39.9914902550683),POINT,-88.2614313488925,39.9914902550683,-0.0022972227884200526,-0.01022151709803053
A-Injury,angle,Clear,Daylight,Dry,Lane Use Marking,unincorporated,2010,0,2,1637,POINT (-88.1616482687062 40.04016877052),POINT,-88.1616482687062,40.04016877052,-0.003431945079321094,-0.009000888355250298
A-Injury,rear end,Clear,Daylight,Dry,Traffic Signal,champaign,2010,0,1,1638,POINT (-88.2579584086592 40.1380311319108),POINT,-88.2579584086592,40.13803113191079,-0.0023367166854848494,-0.00654695955233762
A-Injury,overturned,Clear,Darkness,Dry,No Controls,bondville,2010,0,1,1640,POINT (-88.3695917615654 40.115903170059),POINT,-88.3695917615654,40.115903170059,-0.0010672343873419162,-0.00710182499974933
A-Injury,rear end,Clear,Darkness,Dry,No Controls,unincorporated,2010,0,3,1641,POINT (-88.3571104344051 40.3546510310295),POINT,-88.3571104344051,40.3546510310295,-0.001209170676764736,-0.00111514897494209
A-Injury,angle,Rain,Daylight,Wet,No Controls,unincorporated,2010,0,2,1642,POINT (-88.2163373693904 40.128761739353),POINT,-88.2163373693904,40.128761739352996,-0.002810026598754742,-0.00677939242090749
A-Injury,other non-collision,Rain,Darkness,Wet,No Controls,mahomet,2010,0,2,1643,POINT (-88.3653275868787 40.188892297392),POINT,-88.3653275868787,40.188892297392,-0.0011157261162027237,-0.0052716001889390515
A-Injury,fixed object,Clear,Darkness,Dry,Lane Use Marking,champaign,2010,0,1,1644,POINT (-88.289187124851 40.1508334076533),POINT,-88.289187124851,40.1508334076533,-0.0019815871353357955,-0.006225938551608663
A-Injury,rear end,Clear,Daylight,Wet,No Controls,champaign,2010,0,1,1645,POINT (-88.2447106161215 40.1331473571087),POINT,-88.2447106161215,40.133147357108705,-0.0024873691354764466,-0.006669421707179019
A-Injury,pedestrian,Clear,Daylight,Dry,No Controls,champaign,2010,0,1,1646,POINT (-88.2354879465929 40.1079628421227),POINT,-88.2354879465929,40.1079628421227,-0.0025922483261786606,-0.007300931164269927
A-Injury,turning,Clear,Daylight,Dry,Stop Sign/Flasher,unincorporated,2010,0,2,1647,POINT (-88.2745328196792 40.0836960520147),POINT,-88.2745328196792,40.0836960520147,-0.0021482342934017193,-0.007909428387859928
A-Injury,rear end,Clear,Daylight,Dry,No Controls,champaign,2010,0,1,1648,POINT (-88.2576898000077 40.1034102930011),POINT,-88.2576898000077,40.103410293001104,-0.0023397712737359636,-0.007415087733326676
A-Injury,angle,Clear,Daylight,Dry,Stop Sign/Flasher,champaign,2010,0,2,1649,POINT (-88.2575309666605 40.0864603619617),POINT,-88.2575309666605,40.086460361961706,-0.002341577509214662,-0.007840112465959751
A-Injury,other object,Clear,Daylight,Dry,No Controls,champaign,2010,0,1,1650,POINT (-88.3267946422315 40.0987380342442),POINT,-88.3267946422315,40.09873803424421,-0.0015539185546762663,-0.007532246058297273
A-Injury,angle,Rain,"Darkness, lighted road",Wet,Traffic signal,champaign,2000,0,1,302,POINT (-88.2451371508181 40.112631524087),POINT,-88.2451371508181,40.112631524087,-0.0024825186294871347,-0.007183862528473599
A-Injury,turning,Clear,Daylight,Dry,No Controls,unincorporated,2010,0,4,1651,POINT (-88.0095686596203 39.9085290562175),POINT,-88.0095686596203,39.908529056217496,-0.005161377785738839,-0.012301794668394782
A-Injury,fixed object,Rain,Daylight,Wet,Stop Sign/Flasher,unincorporated,2010,0,2,1652,POINT (-88.0476517509858 40.0909511549283),POINT,-88.0476517509858,40.0909511549283,-0.004728301029657742,-0.007727504451478758
A-Injury,head on,Clear,Darkness,Dry,Lane Use Marking,unincorporated,2010,0,3,1653,POINT (-88.3032202036894 39.961319740867),POINT,-88.3032202036894,39.961319740867,-0.0018220044952911665,-0.010978052018556415
A-Injury,fixed object,Clear,"Darkness, lighted road",Dry,No Controls,urbana,2010,0,2,1654,POINT (-88.1910125413646 40.1030535589468),POINT,-88.1910125413646,40.1030535589468,-0.0030980177774241175,-0.00742403294942818
A-Injury,angle,Clear,Daylight,Dry,Stop Sign/Flasher,unincorporated,2010,0,2,1655,POINT (-88.0476517509858 40.0909511549283),POINT,-88.0476517509858,40.0909511549283,-0.004728301029657742,-0.007727504451478758
A-Injury,turning,Clear,Daylight,Dry,No Controls,unincorporated,2010,0,1,1656,POINT (-88.2734613505642 40.1447692341203),POINT,-88.2734613505642,40.1447692341203,-0.0021604189231658154,-0.006377999567580649
A-Injury,turning,Clear,Daylight,Dry,No Controls,unincorporated,2010,0,2,1657,POINT (-88.2378607314823 40.0104694030275),POINT,-88.2378607314823,40.0104694030275,-0.002565265275540302,-0.009745609127183186
A-Injury,angle,Rain,Daylight,Wet,Stop Sign/Flasher,unincorporated,2010,0,1,1658,POINT (-88.0476512482665 40.0909510293348),POINT,-88.0476512482665,40.090951029334796,-0.004728306746526752,-0.0077275076007744335
A-Injury,rear end,Clear,Daylight,Dry,No Controls,champaign,2010,0,1,1659,POINT (-88.2690910100241 40.136862845006),POINT,-88.2690910100241,40.136862845006,-0.0022101179585175806,-0.00657625470570398
A-Injury,fixed object,Clear,Darkness,Dry,Lane Use Marking,unincorporated,2010,0,1,1660,POINT (-88.2527385147706 40.311435876729),POINT,-88.2527385147706,40.311435876729,-0.0023960767487388878,-0.002198782256963846
A-Injury,angle,Clear,Daylight,Dry,Stop Sign/Flasher,thomasboro,2010,0,2,1661,POINT (-88.1838599945056 40.2387994858603),POINT,-88.1838599945056,40.2387994858603,-0.0031793557591989112,-0.004020162092471228
A-Injury,rear end,Clear,Daylight,Dry,Other,urbana,2010,0,1,1662,POINT (-88.1905580638193 40.0898675218397),POINT,-88.1905580638193,40.08986752183971,-0.0031031860464373383,-0.007754676884374214
A-Injury,pedestrian,Rain,Daylight,Wet,No Controls,champaign,2010,0,1,1663,POINT (-88.2539429206728 40.1126495235437),POINT,-88.2539429206728,40.1126495235437,-0.00238238037634822,-0.0071834111865622646
A-Injury,angle,Clear,Dusk,Dry,Stop Sign/Flasher,champaign,2010,0,1,1781,POINT (-88.2353901340516 40.1126505332631),POINT,-88.2353901340516,40.1126505332631,-0.0025933606397165253,-0.007183385867537891
A-Injury,sideswipe same direction,Clear,Daylight,Dry,Lane Use Marking,unincorporated,2010,0,2,1664,POINT (-88.1457605880678 40.1203469689964),POINT,-88.1457605880678,40.120346968996394,-0.0036126180485003406,-0.006990395375000348
A-Injury,angle,Clear,Daylight,Dry,Traffic Signal,urbana,2010,0,1,1665,POINT (-88.190699828222 40.0984105956338),POINT,-88.190699828222,40.098410595633794,-0.0031015739171314674,-0.007540456682135257
A-Injury,angle,Clear,Daylight,Dry,Stop Sign/Flasher,unincorporated,2010,0,2,1666,POINT (-88.4265984040021 40.1105873429099),POINT,-88.4265984040021,40.1105873429099,-0.00041896107505709924,-0.007235121000040833
A-Injury,pedalcyclist,Clear,Dusk,Dry,No Controls,champaign,2010,0,1,1667,POINT (-88.2299337896495 40.125154549452),POINT,-88.2299337896495,40.125154549452,-0.002655409592388088,-0.0068698438168255166
A-Injury,fixed object,Clear,Daylight,Dry,Lane Use Marking,champaign,2010,0,1,1668,POINT (-88.2604829463913 40.1353779438408),POINT,-88.2604829463913,40.135377943840794,-0.0023080079180917592,-0.006613489059003781
A-Injury,rear end,Clear,Daylight,Dry,Traffic Signal,champaign,2010,0,1,1669,POINT (-88.2801600979956 40.1274592306257),POINT,-88.2801600979956,40.1274592306257,-0.002084241498923806,-0.006812053227743978
A-Injury,fixed object,Clear,"Darkness, lighted road",Wet,Traffic Signal,rantoul,2010,0,1,1670,POINT (-88.1557996762123 40.3081907097621),POINT,-88.1557996762123,40.3081907097621,-0.0034984546344564915,-0.0022801558164933676
A-Injury,overturned,Clear,Daylight,Dry,Lane Use Marking,unincorporated,2010,0,5,1671,POINT (-88.3037020095833 40.0697662079929),POINT,-88.3037020095833,40.0697662079929,-0.001816525451282174,-0.008258723509900564
A-Injury,angle,Clear,Daylight,Dry,Traffic Signal,champaign,2010,0,3,1673,POINT (-88.2579039770263 40.1182694456578),POINT,-88.2579039770263,40.118269445657795,-0.0023373356760699377,-0.00704248991151938
A-Injury,turning,Clear,"Darkness, lighted road",Dry,Traffic signal,champaign,2003,0,2,25,POINT (-88.2436555703959 40.1336166413166),POINT,-88.2436555703959,40.1336166413166,-0.002499367000249865,-0.006657654261369004
A-Injury,turning,Clear,Daylight,Dry,Lane Use Marking,unincorporated,2010,0,1,1674,POINT (-88.3147312645699 40.1603995030077),POINT,-88.3147312645699,40.1603995030077,-0.001691101968042774,-0.005986065769182811
A-Injury,other object,Clear,Daylight,Dry,Lane Use Marking,unincorporated,2010,0,2,1675,POINT (-88.3024722898142 39.9265340008974),POINT,-88.3024722898142,39.9265340008974,-0.0018305096902027803,-0.011850315144327054
A-Injury,other non-collision,Clear,Darkness,Wet,No Controls,champaign,2010,0,1,1676,POINT (-88.2423616658368 40.1119845563406),POINT,-88.2423616658368,40.1119845563406,-0.002514081141593008,-0.007200085443646291
A-Injury,angle,Clear,Daylight,Dry,Stop Sign/Flasher,thomasboro,2010,0,1,1677,POINT (-88.1824610674717 40.2533901115949),POINT,-88.1824610674717,40.253390111594896,-0.0031952642046561464,-0.00365429766580292
A-Injury,fixed object,Clear,Daylight,Dry,Traffic Signal,champaign,2010,0,2,1678,POINT (-88.2582052646786 40.0836061198006),POINT,-88.2582052646786,40.0836061198006,-0.002333909465790697,-0.007911683465781196
A-Injury,overturned,Rain,Daylight,Wet,Lane Use Marking,champaign,2010,0,3,1679,POINT (-88.2821194793268 40.1468747405076),POINT,-88.2821194793268,40.146874740507606,-0.0020619596284030166,-0.00632520334751089
A-Injury,fixed object,Clear,Daylight,Dry,No Controls,unincorporated,2010,0,1,1680,POINT (-88.1439803421724 40.0549097100719),POINT,-88.1439803421724,40.0549097100719,-0.0036328628104081518,-0.008631254763394193
A-Injury,overturned,Clear,Daylight,Dry,Lane Use Marking,unincorporated,2010,0,1,1681,POINT (-87.9453130465929 40.1117223312414),POINT,-87.9453130465929,40.111722331241396,-0.005892085599945123,-0.007206660818638715
A-Injury,angle,Clear,Daylight,Dry,Traffic Signal,urbana,2010,0,2,1682,POINT (-88.1994298728964 40.1273891910681),POINT,-88.1994298728964,40.127389191068104,-0.003002296802473175,-0.006813809491186765
A-Injury,fixed object,Clear,Daylight,Dry,No Controls,unincorporated,2010,0,1,1683,POINT (-88.3652600177603 40.1906371669864),POINT,-88.3652600177603,40.1906371669864,-0.0011164945048381704,-0.005227847047341348
A-Injury,rear end,Clear,Daylight,Dry,No Controls,urbana,2010,0,1,1684,POINT (-88.2100403803609 40.1165077039458),POINT,-88.2100403803609,40.1165077039458,-0.002881635270325126,-0.007086666126653751
A-Injury,turning,Clear,Daylight,Dry,Traffic Signal,urbana,2010,0,1,1685,POINT (-88.2050012736326 40.1124497905026),POINT,-88.2050012736326,40.1124497905026,-0.002938939441735195,-0.007188419553982417
A-Injury,rear end,Fog/Smoke/Haze,Daylight,Dry,Lane Use Marking,unincorporated,2010,0,8,1686,POINT (-87.9587210372465 40.3132280271757),POINT,-87.9587210372465,40.313228027175704,-0.005739611394474296,-0.0021538435334564707
A-Injury,angle,Clear,Dusk,Dry,No Controls,unincorporated,2010,0,3,1688,POINT (-88.0662164301673 39.9233985937396),POINT,-88.0662164301673,39.9233985937396,-0.0045171855253925116,-0.011928936442894106
A-Injury,rear end,Clear,Daylight,Dry,Lane Use Marking,unincorporated,2010,0,3,1689,POINT (-88.09715364394 40.1206301839172),POINT,-88.09715364394,40.1206301839172,-0.004165370908919323,-0.006983293673777288
A-Injury,angle,Clear,Daylight,Dry,Stop Sign/Flasher,champaign,2010,0,3,1690,POINT (-88.2672494423595 40.1127493520732),POINT,-88.2672494423595,40.1127493520732,-0.002231060064887931,-0.007180907955489456
A-Injury,fixed object,Clear,Daylight,Dry,Lane Use Marking,urbana,2010,0,3,1691,POINT (-88.2308654436112 40.1349921364717),POINT,-88.2308654436112,40.1349921364717,-0.0026448149252784547,-0.0066231632974130756
A-Injury,turning,Clear,Daylight,Dry,Traffic Signal,urbana,2010,0,1,1692,POINT (-88.2195511187013 40.1341497411231),POINT,-88.2195511187013,40.134149741123096,-0.0027734801925540144,-0.00664428661980184
A-Injury,fixed object,Rain,Daylight,Wet,Lane Use Marking,champaign,2010,0,1,1693,POINT (-88.2394295393062 40.1347786316239),POINT,-88.2394295393062,40.134778631623895,-0.0025474249642911733,-0.006628516997120996
A-Injury,fixed object,Clear,Daylight,Wet,Lane Use Marking,champaign,2010,0,1,1695,POINT (-88.2832682983505 40.1457772067206),POINT,-88.2832682983505,40.1457772067206,-0.0020488953839240633,-0.006352724344693279
A-Injury,fixed object,Clear,Daylight,Dry,Lane Use Marking,unincorporated,2010,0,1,1696,POINT (-88.1333198246479 40.3707608263186),POINT,-88.1333198246479,40.3707608263186,-0.0037540930514971776,-0.0007111909045753391
A-Injury,rear end,Clear,Daylight,Dry,Traffic Signal,urbana,2010,0,1,1697,POINT (-88.2193810329228 40.1164311332562),POINT,-88.2193810329228,40.1164311332562,-0.0027754143894526922,-0.007088586160239688
A-Injury,turning,Clear,Darkness,Dry,Traffic Signal,champaign,2010,0,2,1698,POINT (-88.2579034475667 40.1182706594738),POINT,-88.2579034475667,40.118270659473794,-0.002337341697026665,-0.0070424594747099814
A-Injury,turning,Clear,Darkness,Dry,Traffic Signal,champaign,2010,0,3,1699,POINT (-88.2468761563827 40.0835694625178),POINT,-88.2468761563827,40.083569462517794,-0.0024627428481174833,-0.00791260265841905
A-Injury,angle,Clear,Daylight,Dry,Traffic signal,champaign,2000,0,2,303,POINT (-88.2578465808394 40.1182575235972),POINT,-88.2578465808394,40.1182575235972,-0.0023379883792393604,-0.007042788860854605
A-Injury,rear end,Clear,Daylight,Dry,Lane Use Marking,unincorporated,2000,0,1,305,POINT (-87.9938465319199 40.1199614265931),POINT,-87.9938465319199,40.1199614265931,-0.0053401681049866315,-0.00700006296931077
A-Injury,angle,Clear,Daylight,Dry,Stop Sign/Flasher,unincorporated,2010,0,2,1700,POINT (-88.0665285289108 39.9818195424254),POINT,-88.0665285289108,39.9818195424254,-0.004513636372564777,-0.010464013191133577
A-Injury,angle,Clear,Daylight,Dry,Lane Use Marking,champaign,2010,0,1,1701,POINT (-88.2726288860386 40.1128033431295),POINT,-88.2726288860386,40.1128033431295,-0.002169885618840275,-0.007179554113151443
A-Injury,rear end,Clear,Daylight,Dry,Traffic Signal,champaign,2010,0,1,1702,POINT (-88.2385206856358 40.0980391908685),POINT,-88.2385206856358,40.098039190868505,-0.0025577603489780327,-0.007549769770825633
A-Injury,turning,Clear,Daylight,Dry,No Controls,champaign,2010,0,1,1703,POINT (-88.2506108230905 40.1420402862221),POINT,-88.2506108230905,40.1420402862221,-0.0024202726261668855,-0.006446428775233787
A-Injury,angle,Rain,"Darkness, lighted road",Wet,No Controls,champaign,2010,0,3,1704,POINT (-88.2304285568393 40.116361229086),POINT,-88.2304285568393,40.116361229085996,-0.002649783153937483,-0.007090339028801902
A-Injury,rear end,Clear,Daylight,Dry,Lane Use Marking,unincorporated,2010,0,1,1705,POINT (-88.3048212262454 40.1160911194946),POINT,-88.3048212262454,40.1160911194946,-0.0018037978416268056,-0.0070971121098603795
A-Injury,turning,Clear,Dusk,Dry,Stop Sign/Flasher,urbana,2010,0,1,1706,POINT (-88.2276484772938 40.1273355010035),POINT,-88.2276484772938,40.1273355010035,-0.0026813979149257145,-0.006815155786065507
A-Injury,pedestrian,Clear,Daylight,Dry,No Controls,champaign,2010,0,1,1707,POINT (-88.2511423237451 40.1288032649433),POINT,-88.2511423237451,40.12880326494329,-0.002414228458766158,-0.006778351153962346
A-Injury,rear end,Rain,Daylight,Wet,Lane Use Marking,unincorporated,2010,0,1,1708,POINT (-88.303611437567 39.9705425761115),POINT,-88.303611437567,39.9705425761115,-0.0018175554263605228,-0.010746786588933063
A-Injury,rear end,Clear,Daylight,Dry,No Controls,champaign,2010,0,1,1709,POINT (-88.2387277614997 40.1163404709011),POINT,-88.2387277614997,40.1163404709011,-0.002555405504867851,-0.0070908595466709495
A-Injury,angle,Clear,Darkness,Dry,Stop Sign/Flasher,philo,2010,0,1,1710,POINT (-88.1614152990513 40.0110627745879),POINT,-88.1614152990513,40.0110627745879,-0.003434594384794807,-0.009730730152854363
A-Injury,fixed object,Clear,Daylight,Dry,Lane Use Marking,unincorporated,2010,0,1,1711,POINT (-88.270946743474 40.3113130688214),POINT,-88.270946743474,40.3113130688214,-0.0021890147603837733,-0.0022018617030083285
A-Injury,fixed object,Clear,Daylight,Dry,Lane Use Marking,unincorporated,2010,0,1,1712,POINT (-87.9924879654565 40.1125339920266),POINT,-87.9924879654565,40.1125339920266,-0.005355617574443846,-0.007186308174877638
A-Injury,turning,Clear,Daylight,Dry,No Controls,rantoul,2010,0,1,1713,POINT (-88.1722505626181 40.308289992295),POINT,-88.1722505626181,40.308289992294995,-0.0033113769507961245,-0.002277666276453343
A-Injury,parked motor vehicle,Clear,Daylight,Dry,Lane Use Marking,champaign,2010,0,1,1714,POINT (-88.2524169464905 40.1126358479748),POINT,-88.2524169464905,40.11263584797479,-0.0023997335881027837,-0.0071837541056576516
A-Injury,sideswipe opposite direction,Clear,Daylight,Dry,Stop Sign/Flasher,champaign,2010,0,1,1715,POINT (-88.2868632449939 40.1275188563577),POINT,-88.2868632449939,40.1275188563577,-0.0020080140432875812,-0.006810558094180169
A-Injury,angle,Clear,Daylight,Dry,Stop Sign/Flasher,urbana,2010,0,1,1716,POINT (-88.2131390628322 40.109169949398),POINT,-88.2131390628322,40.109169949397995,-0.00284639739165824,-0.0072706625781767
A-Injury,turning,Clear,Daylight,Dry,Traffic Signal,champaign,2010,0,2,1717,POINT (-88.2828293462171 40.1128913552239),POINT,-88.2828293462171,40.1128913552239,-0.0020538870996486755,-0.0071773471828220714
A-Injury,turning,Clear,Daylight,Dry,No Controls,champaign,2010,0,2,1718,POINT (-88.2488594932418 40.098105752555),POINT,-88.2488594932418,40.098105752555,-0.0024401885579494274,-0.007548100716070167
A-Injury,fixed object,Rain,Darkness,Wet,Lane Use Marking,unincorporated,2010,0,2,1719,POINT (-88.1425416567529 40.3722067287265),POINT,-88.1425416567529,40.3722067287265,-0.0036492233838846784,-0.0006749344571064107
A-Injury,pedestrian,Clear,"Darkness, lighted road",Dry,No Controls,urbana,2010,0,1,1720,POINT (-88.2222074647494 40.1164201568227),POINT,-88.2222074647494,40.116420156822706,-0.002743272515385734,-0.007088861397684611
A-Injury,rear end,Clear,Daylight,Dry,Lane Use Marking,unincorporated,2010,0,2,1722,POINT (-88.1443795516422 40.1203550083532),POINT,-88.1443795516422,40.12035500835321,-0.003628323043913866,-0.006990193785656269
A-Injury,rear end,Clear,Daylight,Dry,Lane Use Marking,urbana,2010,0,3,1723,POINT (-88.1546756353331 40.1133458293378),POINT,-88.1546756353331,40.113345829337796,-0.0035112371045818895,-0.007165951104672987
A-Injury,angle,Clear,Daylight,Dry,Stop Sign/Flasher,champaign,2010,0,1,1724,POINT (-88.2353909905643 40.1126586026873),POINT,-88.2353909905643,40.1126586026873,-0.0025933508995476494,-0.007183183524244931
A-Injury,rear end,Clear,Daylight,Dry,Lane Use Marking,urbana,2010,0,3,1725,POINT (-88.1630975677909 40.1202483820557),POINT,-88.1630975677909,40.1202483820557,-0.003415463808403036,-0.006992867472852102
A-Injury,overturned,Clear,Daylight,Dry,Lane Use Marking,unincorporated,2010,0,1,1726,POINT (-88.2521676216181 40.174647516557),POINT,-88.2521676216181,40.174647516557,-0.0024025688833237712,-0.0056287924484084055
A-Injury,angle,Clear,Daylight,Dry,Stop Sign/Flasher,champaign,2010,0,1,1727,POINT (-88.2558288111419 40.1101403890726),POINT,-88.2558288111419,40.1101403890726,-0.0023609342358854573,-0.007246328504942067
A-Injury,angle,Clear,Daylight,Dry,Stop Sign/Flasher,unincorporated,2010,0,2,1728,POINT (-88.097818456942 40.3123799983885),POINT,-88.097818456942,40.3123799983885,-0.004157810728062708,-0.0021751081160502534
A-Injury,turning,Clear,Daylight,Dry,No Controls,unincorporated,2010,0,3,1729,POINT (-88.2414402383051 40.1780163453503),POINT,-88.2414402383051,40.1780163453503,-0.002524559514857398,-0.005544318030557957
A-Injury,angle,Clear,Daylight,Dry,Traffic Signal,champaign,2010,0,3,1730,POINT (-88.2579034068723 40.1182673622994),POINT,-88.2579034068723,40.1182673622994,-0.0023373421597989662,-0.007042542152371758
A-Injury,sideswipe same direction,Clear,Daylight,Dry,Lane Use Marking,mahomet,2010,0,7,1731,POINT (-88.3524997496463 40.182931064505),POINT,-88.3524997496463,40.182931064505,-0.0012616028803243212,-0.005421079936560011
A-Injury,overturned,Clear,Daylight,Dry,Lane Use Marking,unincorporated,2010,0,3,1732,POINT (-88.3845508010721 40.2830161292789),POINT,-88.3845508010721,40.2830161292789,-0.0008971218236986483,-0.0029114161628718957
A-Injury,pedalcyclist,Clear,Daylight,Dry,No Controls,urbana,2010,0,1,1733,POINT (-88.1906703141254 40.0949729123587),POINT,-88.1906703141254,40.094972912358706,-0.003101909548214821,-0.007626657647288168
A-Injury,angle,Clear,Daylight,Dry,Stop Sign/Flasher,champaign,2010,0,4,1734,POINT (-88.2320814992505 40.1126803203407),POINT,-88.2320814992505,40.11268032034071,-0.00263098607334967,-0.007182638947407841
A-Injury,pedalcyclist,Clear,Daylight,Dry,Stop Sign/Flasher,champaign,2010,0,1,1735,POINT (-88.2451672678201 40.1144299014552),POINT,-88.2451672678201,40.1144299014552,-0.00248217614222939,-0.007138767662994954
A-Injury,fixed object,Clear,Daylight,Dry,No Controls,champaign,2010,0,2,1737,POINT (-88.3254131758301 40.0908597427998),POINT,-88.3254131758301,40.0908597427998,-0.0015696284397276217,-0.007729796638708541
A-Injury,turning,Rain,Daylight,Wet,Stop Sign/Flasher,urbana,2010,0,1,1738,POINT (-88.2224096457622 40.1164185438028),POINT,-88.2224096457622,40.116418543802794,-0.0027409733349877357,-0.007088901844654867
A-Injury,pedestrian,Clear,"Darkness, lighted road",Dry,No Controls,champaign,2010,0,1,1739,POINT (-88.2764162169815 40.1128462301025),POINT,-88.2764162169815,40.1128462301025,-0.002126816504959416,-0.007178478709116474
A-Injury,angle,Clear,Daylight,Dry,Traffic Signal,urbana,2010,0,2,1740,POINT (-88.1994299669474 40.1273891911769),POINT,-88.1994299669474,40.127389191176896,-0.003002295732935435,-0.006813809488458792
A-Injury,pedestrian,Clear,Daylight,Dry,No Controls,champaign,2010,0,1,1741,POINT (-88.2859157243488 40.0983813394834),POINT,-88.2859157243488,40.098381339483396,-0.002018789144588072,-0.0075411902891022705
A-Injury,rear end,Clear,Daylight,Dry,Lane Use Marking,unincorporated,2010,0,2,1742,POINT (-88.0612127943869 40.1205848042224),POINT,-88.0612127943869,40.120584804222396,-0.004574086325056809,-0.006984431583577986
A-Injury,rear end,Clear,Daylight,Dry,No Controls,champaign,2010,0,1,1743,POINT (-88.236503455223 40.1126428576862),POINT,-88.236503455223,40.112642857686204,-0.00258070007293743,-0.007183578334988666
A-Injury,turning,Clear,Daylight,Dry,Traffic Signal,urbana,2010,0,1,1744,POINT (-88.2049685300961 40.1163195835221),POINT,-88.2049685300961,40.1163195835221,-0.002939311797656551,-0.007091383304121932
A-Injury,rear end,Clear,Daylight,Dry,No Controls,champaign,2010,0,3,1745,POINT (-88.2770744478311 40.1554200074108),POINT,-88.2770744478311,40.1554200074108,-0.002119331175621018,-0.0061109281523868035
A-Injury,rear end,Clear,Darkness,Dry,No Controls,champaign,2010,0,2,1746,POINT (-88.2665213140936 40.0981996892497),POINT,-88.2665213140936,40.098199689249704,-0.0022393402600113426,-0.00754574522456651
A-Injury,overturned,Clear,Darkness,Dry,Lane Use Marking,mahomet,2010,0,1,1747,POINT (-88.3629779784741 40.1860010385956),POINT,-88.3629779784741,40.1860010385956,-0.0011424456063869359,-0.005344099392272553
A-Injury,other non-collision,Clear,Darkness,Dry,No Controls,champaign,2010,0,1,1748,POINT (-88.2739668144699 40.1118751951921),POINT,-88.2739668144699,40.111875195192106,-0.002154670842830263,-0.007202827708071555
A-Injury,fixed object,Clear,Daylight,Dry,Lane Use Marking,unincorporated,2010,0,1,1750,POINT (-88.3073468606093 40.1189667967367),POINT,-88.3073468606093,40.1189667967367,-0.0017750766034565788,-0.007025003618792044
A-Injury,rear end,Clear,Daylight,Dry,No Controls,urbana,2010,0,1,1751,POINT (-88.2287586669874 40.1103520141878),POINT,-88.2287586669874,40.1103520141878,-0.0026687729589701488,-0.0072410219401072735
A-Injury,angle,Clear,Daylight,Dry,Traffic Signal,champaign,2010,0,1,1752,POINT (-88.2445883723397 40.0980934446604),POINT,-88.2445883723397,40.0980934446604,-0.002488759278413112,-0.007548409340311743
A-Injury,angle,Clear,Daylight,Wet,Lane Use Marking,champaign,2010,0,1,1753,POINT (-88.2809214460413 40.143467794061),POINT,-88.2809214460413,40.143467794060996,-0.002075583532092392,-0.006410633577238655