crash_severity,collision_type,weather,light,road_surface,traffic_control,city,year,fatality,injury,id,Geometry,point,x,y,norm_x,norm_y
A-Injury,pedestrian,Clear,Daylight,Dry,Traffic Signal,champaign,2010,0,1,1754,POINT (-88.2445883723397 40.0980934446604),POINT,-88.2445883723397,40.0980934446604,-0.002488759278413112,-0.007548409340311743
A-Injury,other non-collision,Clear,Daylight,Dry,Stop Sign/Flasher,champaign,2010,0,1,1755,POINT (-88.2652381377581 40.1272700113664),POINT,-88.2652381377581,40.1272700113664,-0.0022539324011671366,-0.0068167979588528
A-Injury,sideswipe same direction,Clear,Daylight,Dry,Lane Use Marking,urbana,2010,0,1,1756,POINT (-88.1949325583991 40.1337352937578),POINT,-88.1949325583991,40.133735293757795,-0.003053439771799746,-0.006654679014922402
A-Injury,pedalcyclist,Clear,Daylight,Dry,Lane Use Marking,champaign,2010,0,1,1757,POINT (-88.233343396156 40.1102842271743),POINT,-88.233343396156,40.1102842271743,-0.002616635919547833,-0.0072427217203141405
A-Injury,turning,Clear,Daylight,Dry,Traffic Signal,savoy,2010,0,2,1758,POINT (-88.2483711021516 40.0741488759426),POINT,-88.2483711021516,40.074148875942605,-0.0024457424880916295,-0.008148826763464635
A-Injury,turning,Clear,Daylight,Dry,No Controls,champaign,2010,0,1,1759,POINT (-88.2284383860912 40.1273404960089),POINT,-88.2284383860912,40.1273404960089,-0.0026724151583449765,-0.006815030534769277
A-Injury,fixed object,Clear,Darkness,Dry,No Controls,unincorporated,2010,0,1,1760,POINT (-87.9884985913533 40.3405955422466),POINT,-87.9884985913533,40.3405955422466,-0.0054009843010791765,-0.0014675946780009306
A-Injury,sideswipe opposite direction,Clear,Daylight,Dry,No Controls,urbana,2010,0,1,1761,POINT (-88.1731731583684 40.112706260766),POINT,-88.1731731583684,40.112706260766004,-0.0033008852926773614,-0.007181988483267302
A-Injury,fixed object,Clear,Daylight,Dry,No Controls,champaign,2010,0,2,1762,POINT (-88.2468767239029 40.0835694618433),POINT,-88.2468767239029,40.0835694618433,-0.0024627363943397085,-0.007912602675332267
A-Injury,fixed object,Clear,Darkness,Dry,No Controls,champaign,2010,0,1,1763,POINT (-88.232258548618 40.1272994789221),POINT,-88.232258548618,40.1272994789221,-0.0026289726872773386,-0.006816059050832876
A-Injury,rear end,Clear,Daylight,Dry,No Controls,champaign,2010,0,1,1764,POINT (-88.2652396312148 40.1272699285188),POINT,-88.2652396312148,40.12726992851879,-0.0022539154177407144,-0.006816800036281998
A-Injury,fixed object,Clear,Daylight,Dry,Stop Sign/Flasher,urbana,2010,0,1,1765,POINT (-88.2089224010542 40.1107593759899),POINT,-88.2089224010542,40.1107593759899,-0.00289434880891011,-0.007230807217662581
A-Injury,rear end,Clear,Daylight,Dry,No Controls,champaign,2010,0,1,1766,POINT (-88.2452293614869 40.1181764289361),POINT,-88.2452293614869,40.1181764289361,-0.0024814700198314377,-0.007044822334416896
A-Injury,angle,Clear,Darkness,Dry,Lane Use Marking,unincorporated,2010,0,2,1767,POINT (-88.2999859561036 40.1600308076699),POINT,-88.2999859561036,40.1600308076699,-0.001858784005635586,-0.005995310918145919
A-Injury,fixed object,Clear,Daylight,Dry,No Controls,champaign,2010,0,2,1768,POINT (-88.2952012269132 40.0985978334196),POINT,-88.2952012269132,40.098597833419596,-0.001913195423464384,-0.0075357616370837835
A-Injury,pedestrian,Rain,Darkness,Wet,Traffic Signal,champaign,2009,0,1,1591,POINT (-88.2335626825195 40.1163554469249),POINT,-88.2335626825195,40.1163554469249,-0.0026141422189696084,-0.007090484018269317
A-Injury,overturned,Clear,Darkness,Dry,No Controls,urbana,2010,0,1,1770,POINT (-88.1944113938459 40.0858609133501),POINT,-88.1944113938459,40.0858609133501,-0.003059366398184158,-0.007855143824216097
A-Injury,fixed object,Clear,Darkness,Dry,Lane Use Marking,unincorporated,2010,0,1,1771,POINT (-88.3848355040633 40.3266590916108),POINT,-88.3848355040633,40.3266590916108,-0.0008938842123740844,-0.0018170554629188802
A-Injury,fixed object,Clear,Daylight,Dry,No Controls,broadlands,2010,0,1,1772,POINT (-87.9945685680859 39.908900008685),POINT,-87.9945685680859,39.908900008685,-0.005331957188558087,-0.012292492921210393
A-Injury,rear end,Clear,Daylight,Dry,No Controls,urbana,2010,0,1,1773,POINT (-88.2005594901837 40.1163192223279),POINT,-88.2005594901837,40.1163192223279,-0.0029894509180438474,-0.007091392361177467
A-Injury,sideswipe same direction,Clear,Daylight,Dry,Lane Use Marking,unincorporated,2010,0,1,1774,POINT (-87.9892800974233 40.1198552638274),POINT,-87.9892800974233,40.119855263827404,-0.005392097099396829,-0.007002725033303887
A-Injury,rear end,Clear,Daylight,Dry,Lane Use Marking,champaign,2010,0,1,1775,POINT (-88.2434705461323 40.1102212697797),POINT,-88.2434705461323,40.1102212697797,-0.0025014710759696528,-0.00724430039634201
A-Injury,rear end,Clear,Daylight,Dry,No Controls,champaign,2010,0,1,1776,POINT (-88.2764589211934 40.0950606421885),POINT,-88.2764589211934,40.0950606421885,-0.002126330877325355,-0.007624457794830637
A-Injury,turning,Clear,Daylight,Dry,No Controls,champaign,2010,0,1,1777,POINT (-88.2769940475864 40.1276889803488),POINT,-88.2769940475864,40.1276889803488,-0.002120245478423485,-0.006806292182793127
A-Injury,turning,Clear,"Darkness, lighted road",Dry,Stop Sign/Flasher,champaign,2010,0,5,1778,POINT (-88.276560455285 40.1023700001551),POINT,-88.276560455285,40.1023700001551,-0.0021251762427238973,-0.007441173396312936
A-Injury,angle,Clear,Daylight,Dry,Stop Sign/Flasher,champaign,2010,0,1,1779,POINT (-88.2625000686593 40.1126795743781),POINT,-88.2625000686593,40.1126795743781,-0.0022850694239432553,-0.007182657652649633
A-Injury,sideswipe opposite direction,Rain,Daylight,Ice,Lane Use Marking,champaign,2010,0,2,1780,POINT (-88.2709244708879 40.1570713992281),POINT,-88.2709244708879,40.1570713992281,-0.0021892680418005156,-0.0060695189947925395
A-Injury,angle,Clear,Daylight,Dry,No Controls,unincorporated,2010,0,3,1782,POINT (-88.0473710763459 39.9232504896342),POINT,-88.0473710763459,39.923250489634206,-0.00473149283101126,-0.011932650198876347
A-Injury,pedalcyclist,Rain,"Darkness, lighted road",Dry,Traffic Signal,rantoul,2010,0,1,1783,POINT (-88.1365217326012 40.3121193053789),POINT,-88.1365217326012,40.3121193053789,-0.0037176813039219753,-0.0021816450734247297
A-Injury,turning,Clear,Daylight,Dry,No Controls,champaign,2010,0,2,1785,POINT (-88.2382839315598 40.1272310971374),POINT,-88.2382839315598,40.1272310971374,-0.0025604526904751714,-0.006817773745110495
A-Injury,rear end,Sleet/Hail,Daylight,Ice,No Controls,champaign,2010,0,1,1786,POINT (-88.2772871723743 40.1405667416867),POINT,-88.2772871723743,40.140566741686705,-0.0021169120953466454,-0.006483378357549065
A-Injury,angle,Clear,Daylight,Dry,Traffic Signal,champaign,2010,0,1,1787,POINT (-88.2466687457606 40.0980895304398),POINT,-88.2466687457606,40.09808953043979,-0.0024651014990613356,-0.007548507490597003
A-Injury,rear end,Clear,Daylight,Dry,No Controls,champaign,2010,0,1,1788,POINT (-88.2388293565977 40.1295095611103),POINT,-88.2388293565977,40.1295095611103,-0.002554250176508235,-0.0067606405604004926
A-Injury,overturned,Clear,Daylight,Dry,Lane Use Marking,unincorporated,2010,0,2,1789,POINT (-88.1977966112646 40.2375000929589),POINT,-88.1977966112646,40.237500092958896,-0.003020870075387055,-0.004052744769015445
A-Injury,sideswipe same direction,Clear,Daylight,Dry,Lane Use Marking,unincorporated,2010,0,5,1790,POINT (-88.0031077723086 40.120125214688),POINT,-88.0031077723086,40.120125214688,-0.00523485029067557,-0.0069959559324690055
A-Injury,sideswipe same direction,Clear,Daylight,Ice,Lane Use Marking,unincorporated,2010,0,1,1791,POINT (-88.187559704383 40.2622647028088),POINT,-88.187559704383,40.26226470280879,-0.0031372830625059933,-0.0034317645623261864
A-Injury,fixed object,Clear,Daylight,Dry,No Controls,champaign,1999,0,2,448,POINT (-88.3049669289858 40.1122849616436),POINT,-88.3049669289858,40.1122849616436,-0.0018021409259745566,-0.007192552688303934
A-Injury,pedestrian,Clear,Daylight,Snow or Slush,Traffic Signal,champaign,2010,0,1,1792,POINT (-88.2860601406215 40.112910943994),POINT,-88.2860601406215,40.112910943994,-0.0020171468585061018,-0.007176855988388567
A-Injury,pedestrian,Snow,Darkness,Snow or Slush,No Controls,unincorporated,2010,0,1,1793,POINT (-88.1715224575134 40.1077304067223),POINT,-88.1715224575134,40.1077304067223,-0.003319656882532828,-0.0073067595534051025
A-Injury,turning,Rain,Darkness,Wet,No Controls,champaign,2010,0,1,1794,POINT (-88.2769890662438 40.1274102649),POINT,-88.2769890662438,40.1274102649,-0.002120302125707523,-0.006813281058372134
A-Injury,overturned,Clear,Daylight,Dry,No Controls,unincorporated,2000,0,2,306,POINT (-88.2691703609613 39.8973916547181),POINT,-88.2691703609613,39.897391654718106,-0.0022092155883254075,-0.012581068435556569
A-Injury,rear end,Clear,Daylight,Dry,No Controls,unincorporated,2000,0,2,307,POINT (-88.3134498678013 40.1596197535617),POINT,-88.3134498678013,40.1596197535617,-0.0017056738721582725,-0.006005618226301256
A-Injury,fixed object,Clear,Darkness,Ice,Lane Use Marking,urbana,2010,0,9,1795,POINT (-88.2185697112979 40.1351183668235),POINT,-88.2185697112979,40.1351183668235,-0.002784640650369261,-0.006619998032528066
A-Injury,pedestrian,Clear,Darkness,Dry,No Controls,champaign,2010,0,1,1796,POINT (-88.26845498276 40.1273118204988),POINT,-88.26845498276,40.1273118204988,-0.0022173507911064324,-0.006815749582002314
A-Injury,sideswipe opposite direction,Clear,Darkness,Dry,Lane Use Marking,unincorporated,2010,0,3,1797,POINT (-88.3035157327827 40.0277943427626),POINT,-88.3035157327827,40.027794342762604,-0.0018186437707159845,-0.009311180936196397
A-Injury,fixed object,Clear,"Darkness, lighted road",Dry,No Controls,unincorporated,2010,0,1,1798,POINT (-88.3795998353655 40.196669875181),POINT,-88.3795998353655,40.196669875180994,-0.0009534236650356234,-0.005076575034405045
A-Injury,turning,Clear,Daylight,Dry,Traffic Signal,champaign,2011,0,2,1799,POINT (-88.243560181578 40.1272001713038),POINT,-88.243560181578,40.1272001713038,-0.0025004517514698944,-0.006818549219897163
A-Injury,fixed object,Snow,Daylight,Ice,Lane Use Marking,unincorporated,2011,0,3,1800,POINT (-88.2707258061173 39.8986645953287),POINT,-88.2707258061173,39.898664595328704,-0.0021915272358763475,-0.0125491490583379
A-Injury,fixed object,Clear,Daylight,Dry,Lane Use Marking,unincorporated,2011,0,1,1801,POINT (-87.9921765878156 40.1125315676622),POINT,-87.9921765878156,40.1125315676622,-0.0053591585269716245,-0.007186368966560328
A-Injury,angle,Clear,Daylight,Dry,Stop Sign/Flasher,unincorporated,2011,0,2,1802,POINT (-88.1245892131547 40.1133486448991),POINT,-88.1245892131547,40.1133486448991,-0.0038533766119567803,-0.0071658805036075935
A-Injury,turning,Clear,Daylight,Dry,Traffic Signal,champaign,2011,0,1,1803,POINT (-88.2468109034362 40.1126097539457),POINT,-88.2468109034362,40.112609753945705,-0.002463484897499009,-0.007184408421460525
A-Injury,rear end,Snow,Daylight,Snow or Slush,Lane Use Marking,champaign,2011,0,1,1804,POINT (-88.304853081483 40.1188902381461),POINT,-88.304853081483,40.1188902381461,-0.0018034355873435244,-0.007026923348991812
A-Injury,fixed object,Clear,Darkness,Ice,Lane Use Marking,unincorporated,2011,0,3,1805,POINT (-88.1819845513831 40.166146845031),POINT,-88.1819845513831,40.166146845031,-0.003200683093577096,-0.005841949400737117
A-Injury,angle,Clear,"Darkness, lighted road",Snow or Slush,Traffic Signal,champaign,2011,0,4,1806,POINT (-88.2579054701893 40.1182694584342),POINT,-88.2579054701893,40.118269458434206,-0.0023373186959833913,-0.007042489591146945
A-Injury,turning,Clear,Darkness,Dry,Traffic Signal,champaign,2011,0,2,1807,POINT (-88.2436199797834 40.1336105605322),POINT,-88.2436199797834,40.133610560532205,-0.0024997717328084606,-0.006657806738907451
A-Injury,angle,Clear,Daylight,Wet,Lane Use Marking,champaign,2011,0,1,1808,POINT (-88.2869514909994 40.14901180362),POINT,-88.2869514909994,40.14901180362,-0.002007010519350044,-0.0062716158328564925
A-Injury,fixed object,Other,Daylight,Ice,Lane Use Marking,unincorporated,2011,0,1,1809,POINT (-88.4626929317984 40.212579620865),POINT,-88.4626929317984,40.212579620865,-8.498046720698716e-06,-0.004677633269398037
A-Injury,sideswipe same direction,Clear,"Darkness, lighted road",Dry,Lane Use Marking,champaign,2011,0,1,1810,POINT (-88.2627113439375 40.1357482322688),POINT,-88.2627113439375,40.135748232268796,-0.0022826668245523505,-0.006604203962814144
A-Injury,rear end,Clear,"Darkness, lighted road",Dry,Lane Use Marking,urbana,2011,0,2,1811,POINT (-88.2041264923993 40.1349972843112),POINT,-88.2041264923993,40.134997284311204,-0.0029488873583884195,-0.006623034213754682
A-Injury,train,Rain,Darkness,Wet,RR Crossing Gate,champaign,2011,0,2,1812,POINT (-88.2360386104303 40.1272692806289),POINT,-88.2360386104303,40.1272692806289,-0.0025859862371558923,-0.006816816282320231
A-Injury,overturned,Sleet/Hail,Darkness,Ice,Lane Use Marking,unincorporated,2011,0,2,1813,POINT (-88.3038055828128 40.049886704009),POINT,-88.3038055828128,40.049886704009,-0.001815347627827242,-0.008757208184911696
A-Injury,overturned,Clear,Daylight,Dry,Lane Use Marking,unincorporated,2011,0,1,1815,POINT (-88.3035446858195 40.0553870660356),POINT,-88.3035446858195,40.0553870660356,-0.0018183145199433183,-0.008619284915825368
A-Injury,overturned,Rain,Daylight,Ice,Lane Use Marking,unincorporated,2011,0,2,1816,POINT (-88.3039192408031 40.0606415638655),POINT,-88.3039192408031,40.0606415638655,-0.0018140551215737877,-0.008487526767070411
A-Injury,overturned,Clear,Darkness,Ice,Lane Use Marking,unincorporated,2011,0,3,1817,POINT (-88.3848925104344 40.3529373002495),POINT,-88.3848925104344,40.3529373002495,-0.0008932359421474809,-0.0011581213011940526
A-Injury,turning,Snow,Daylight,Ice,Lane Use Marking,champaign,2011,0,2,1818,POINT (-88.2727495963825 40.1572387478047),POINT,-88.2727495963825,40.157238747804705,-0.0021685129139918987,-0.006065322677777323
A-Injury,pedalcyclist,Clear,Daylight,Dry,Traffic Signal,urbana,2011,0,1,1819,POINT (-88.2194809671345 40.1200694053865),POINT,-88.2194809671345,40.1200694053865,-0.0027742779485106757,-0.006997355367864549
A-Injury,overturned,Clear,Darkness,Dry,Lane Use Marking,unincorporated,2011,0,1,1820,POINT (-88.1838011551163 40.2816365561753),POINT,-88.1838011551163,40.2816365561753,-0.003180024874308341,-0.0029460093826402683
A-Injury,pedestrian,Clear,Darkness,Dry,Other,champaign,2011,0,1,1821,POINT (-88.2435091115853 40.1163595649879),POINT,-88.2435091115853,40.116359564987896,-0.002501032513849782,-0.007090380756573447
A-Injury,angle,Clear,Daylight,Dry,Traffic Signal,urbana,2011,0,2,1822,POINT (-88.1904503710332 40.0838087934435),POINT,-88.1904503710332,40.083808793443495,-0.0031044107170401214,-0.007906601361866826
A-Injury,turning,Clear,Daylight,Dry,Traffic Signal,champaign,2011,0,1,1823,POINT (-88.2468489588096 40.1163408818701),POINT,-88.2468489588096,40.1163408818701,-0.002463052135948664,-0.007090849241496882
A-Injury,angle,Clear,"Darkness, lighted road",Dry,Stop Sign/Flasher,champaign,2011,0,2,1824,POINT (-88.2468413169619 40.1153414482278),POINT,-88.2468413169619,40.115341448227795,-0.0024631390382060313,-0.007115910347386832
A-Injury,fixed object,Clear,Daylight,"Sand, Mud, Dirt",No Controls,mahomet,2011,0,5,1825,POINT (-88.4208233782582 40.1749860708122),POINT,-88.4208233782582,40.1749860708122,-0.0004846340371454327,-0.005620303096359473
A-Injury,sideswipe same direction,Clear,Daylight,Dry,No Controls,urbana,2011,0,1,1826,POINT (-88.2194814125894 40.125104836724),POINT,-88.2194814125894,40.125104836724,-0.0027742728828461837,-0.006871090378765946
A-Injury,head on,Clear,Daylight,Dry,No Controls,rantoul,2011,0,2,1827,POINT (-88.1687722128656 40.2871537966663),POINT,-88.1687722128656,40.287153796666296,-0.0033509323643225552,-0.002807662880869436
A-Injury,pedestrian,Rain,"Darkness, lighted road",Wet,Traffic Signal,urbana,2011,0,1,1828,POINT (-88.1906998147208 40.0984098714558),POINT,-88.1906998147208,40.0984098714558,-0.0031015740706655604,-0.0075404748411211295
A-Injury,rear end,Clear,Daylight,Dry,No Controls,urbana,2011,0,3,1829,POINT (-88.2049970570614 40.1035539273001),POINT,-88.2049970570614,40.1035539273001,-0.0029389873921223907,-0.007411486059114275
A-Injury,turning,Rain,Daylight,Wet,Stop Sign/Flasher,urbana,2011,0,1,1830,POINT (-88.1784406523811 40.112990613851),POINT,-88.1784406523811,40.112990613851,-0.0032409839260104088,-0.007174858242227289
A-Injury,overturned,Clear,Daylight,Ice,No Controls,unincorporated,2011,0,5,1831,POINT (-88.3039478916707 40.0253799337323),POINT,-88.3039478916707,40.025379933732296,-0.0018137293070362437,-0.009371722985021749
A-Injury,fixed object,Clear,Daylight,Dry,Lane Use Marking,unincorporated,2011,0,2,1833,POINT (-88.143373262508 40.3711879291767),POINT,-88.143373262508,40.3711879291767,-0.003639766454054461,-0.000700481169081567
A-Injury,overturned,Clear,Darkness,Dry,No Controls,unincorporated,2011,0,2,1834,POINT (-88.312363343962 39.9481535846636),POINT,-88.312363343962,39.9481535846636,-0.0017180297026030428,-0.0113081974337293
A-Injury,rear end,Clear,"Darkness, lighted road",Dry,Traffic Signal,champaign,2011,0,1,1835,POINT (-88.2387294870596 40.1163404588595),POINT,-88.2387294870596,40.116340458859504,-0.0025553858819891374,-0.007090859848617676
A-Injury,overturned,Clear,Darkness,Dry,Lane Use Marking,unincorporated,2011,0,1,1836,POINT (-88.2582302865624 40.010778736286),POINT,-88.2582302865624,40.010778736286,-0.0023336249196606743,-0.009737852500611509
A-Injury,turning,Clear,Daylight,Dry,Traffic Signal,urbana,2011,0,1,1837,POINT (-88.208930575988 40.1124394417019),POINT,-88.208930575988,40.1124394417019,-0.002894255844455571,-0.007188679053342051
A-Injury,rear end,Clear,Daylight,Dry,No Controls,unincorporated,2011,0,2,1838,POINT (-88.3109710945505 40.1132209639359),POINT,-88.3109710945505,40.1132209639359,-0.0017338622108678094,-0.007169082143019493
A-Injury,angle,Clear,Daylight,Dry,Traffic signal,champaign,1999,0,1,449,POINT (-88.2467409787724 40.0848197129335),POINT,-88.2467409787724,40.0848197129335,-0.002464280073139559,-0.00788125224481408
A-Injury,overturned,Clear,Daylight,Dry,Lane Use Marking,unincorporated,1999,0,4,450,POINT (-88.1835857714899 40.2769346753097),POINT,-88.1835857714899,40.276934675309704,-0.003182474193386402,-0.0030639104910947794
A-Injury,fixed object,Clear,Daylight,Dry,No Controls,rantoul,2011,0,1,1839,POINT (-88.1549968616189 40.3119994747397),POINT,-88.1549968616189,40.31199947473971,-0.003507584154339921,-0.002184649863548404
A-Injury,sideswipe same direction,Clear,Darkness,Dry,Lane Use Marking,unincorporated,2011,0,1,1840,POINT (-88.1837863691548 40.2803269452229),POINT,-88.1837863691548,40.280326945222896,-0.003180193018647759,-0.0029788482799552565
A-Injury,overturned,Clear,Darkness,Dry,No Controls,unincorporated,2000,0,1,308,POINT (-88.2929675414464 39.8809479974438),POINT,-88.2929675414464,39.8809479974438,-0.001938596650659552,-0.012993398197859295
A-Injury,fixed object,Clear,Darkness,Dry,No Controls,unincorporated,2000,0,2,309,POINT (-87.9598971774902 40.1432924868889),POINT,-87.9598971774902,40.1432924868889,-0.0057262364560652914,-0.006415029458482901
A-Injury,rear end,Rain,Daylight,Wet,Stop Sign/Flasher,champaign,2011,0,2,1841,POINT (-88.2952095271554 40.0933010120688),POINT,-88.2952095271554,40.0933010120688,-0.0019131010340166863,-0.0076685810611389375
A-Injury,rear end,Clear,Daylight,Dry,Police/Flagman,champaign,2011,0,2,1842,POINT (-88.2626814759978 40.112679825728),POINT,-88.2626814759978,40.112679825728,-0.002283006479500863,-0.007182651349973538
A-Injury,overturned,Severe Cross Wind,"Darkness, lighted road",Wet,Lane Use Marking,champaign,2011,0,2,1843,POINT (-88.2782265971872 40.1414111551128),POINT,-88.2782265971872,40.1414111551128,-0.002106229058965817,-0.006462204431246757
A-Injury,fixed object,Rain,Darkness,Wet,Stop Sign/Flasher,unincorporated,2011,0,1,1844,POINT (-88.209270603277 40.0545489182813),POINT,-88.209270603277,40.0545489182813,-0.0028903890912583205,-0.008640301728480878
A-Injury,fixed object,Severe Cross Wind,Darkness,Wet,Lane Use Marking,champaign,2011,0,1,1845,POINT (-88.269602963025 40.1373798214968),POINT,-88.269602963025,40.13737982149679,-0.002204296084900078,-0.006563291361235718
A-Injury,angle,Rain,Daylight,Wet,No Controls,unincorporated,2011,0,1,1846,POINT (-88.4252803067834 39.9231701090237),POINT,-88.4252803067834,39.9231701090237,-0.0004339503326831539,-0.011934665767400463
A-Injury,turning,Clear,Daylight,Dry,Stop Sign/Flasher,tolono,2011,0,2,1847,POINT (-88.2636655823843 39.9813244743015),POINT,-88.2636655823843,39.9813244743015,-0.002271815329144437,-0.01047642717656545
A-Injury,overturned,Clear,"Darkness, lighted road",Dry,Lane Use Marking,champaign,2011,0,2,1848,POINT (-88.3025464365707 40.1207589897691),POINT,-88.3025464365707,40.1207589897691,-0.001829666501385304,-0.006980063827435229
A-Injury,turning,Clear,Daylight,Dry,No Controls,urbana,2011,0,1,1849,POINT (-88.1978096430996 40.1109094656139),POINT,-88.1978096430996,40.1109094656139,-0.0030207218787824818,-0.007227043674190726
A-Injury,overturned,Clear,"Darkness, lighted road",Dry,Lane Use Marking,champaign,2011,0,1,1850,POINT (-88.3041512806812 40.0814431169925),POINT,-88.3041512806812,40.0814431169925,-0.0018114163894203418,-0.007965921426281379
A-Injury,pedalcyclist,Clear,Daylight,Dry,No Controls,champaign,2011,0,1,1851,POINT (-88.2575734336513 40.1090310042719),POINT,-88.2575734336513,40.1090310042719,-0.002341094579232898,-0.007274146669936864
A-Injury,rear end,Clear,Daylight,Dry,No Controls,urbana,2011,0,1,1852,POINT (-88.1991518972816 40.1278681849447),POINT,-88.1991518972816,40.1278681849447,-0.003005457910807973,-0.006801798572448467
A-Injury,angle,Rain,Daylight,Wet,Stop Sign/Flasher,unincorporated,2011,0,2,1853,POINT (-87.9585197567854 40.0762200477636),POINT,-87.9585197567854,40.0762200477636,-0.0057419003338967396,-0.00809689149320254
A-Injury,angle,Clear,Daylight,Dry,Traffic Signal,urbana,2011,0,1,1854,POINT (-88.1621603328049 40.0839895476106),POINT,-88.1621603328049,40.0839895476106,-0.0034261219423114887,-0.007902068895547808
A-Injury,rear end,Clear,Daylight,Dry,Lane Use Marking,unincorporated,2011,0,1,1855,POINT (-88.093789758407 40.1207994243444),POINT,-88.093789758407,40.1207994243444,-0.004203624647841935,-0.0069790499180267035
A-Injury,angle,Clear,Daylight,Dry,Stop Sign/Flasher,savoy,2011,0,2,1856,POINT (-88.254410224709 40.069030559561),POINT,-88.254410224709,40.069030559561,-0.002377066245881196,-0.008277170120530013
A-Injury,fixed object,Rain,Daylight,Wet,Lane Use Marking,champaign,2011,0,2,1857,POINT (-88.2832774090151 40.1457978139629),POINT,-88.2832774090151,40.1457978139629,-0.0020487917784412627,-0.006352207611756265
A-Injury,rear end,Clear,Daylight,Dry,No Controls,champaign,2011,0,2,1858,POINT (-88.2952431097003 40.1093487092503),POINT,-88.2952431097003,40.1093487092503,-0.0019127191369835057,-0.00726618011991452
A-Injury,turning,Clear,Daylight,Dry,No Controls,champaign,2011,0,1,1860,POINT (-88.2577507153234 40.10903019856),POINT,-88.2577507153234,40.10903019856,-0.0023390785514181807,-0.0072741668734104745
A-Injury,pedalcyclist,Clear,Daylight,Dry,No Controls,urbana,2011,0,1,1862,POINT (-88.2271221332278 40.1127484006515),POINT,-88.2271221332278,40.1127484006515,-0.0026873834421640205,-0.007180931812681232
A-Injury,turning,Clear,Daylight,Dry,Stop Sign/Flasher,rantoul,2011,0,1,1863,POINT (-88.1556717398397 40.2965507432887),POINT,-88.1556717398397,40.296550743288705,-0.0034999095129141116,-0.002572031554908681
A-Injury,rear end,Clear,Daylight,Dry,Lane Use Marking,champaign,2011,0,1,1864,POINT (-88.2625000686593 40.1126795743781),POINT,-88.2625000686593,40.1126795743781,-0.0022850694239432553,-0.007182657652649633
A-Injury,turning,Clear,Daylight,Dry,No Controls,unincorporated,2011,0,3,1865,POINT (-88.3497702739653 40.0257813038778),POINT,-88.3497702739653,40.0257813038778,-0.0012926421796916412,-0.00936165850520864
A-Injury,overturned,Clear,Daylight,Dry,Lane Use Marking,unincorporated,2011,0,1,1866,POINT (-88.1530956711333 40.3568377946347),POINT,-88.1530956711333,40.35683779463471,-0.0035292042849194576,-0.0010603152051482517
A-Injury,rear end,Clear,Daylight,Dry,No Controls,champaign,2011,0,1,1867,POINT (-88.2773855970352 40.1433194523018),POINT,-88.2773855970352,40.143319452301796,-0.0021157928208514628,-0.006414353292463201
A-Injury,rear end,Clear,Daylight,Wet,No Controls,urbana,2011,0,1,1868,POINT (-88.2195500824643 40.128313437851),POINT,-88.2195500824643,40.128313437851,-0.002773491976528118,-0.006790633718915278
A-Injury,fixed object,Clear,"Darkness, lighted road",Dry,No Controls,rantoul,2011,0,1,1869,POINT (-88.1508668639506 40.3144935428928),POINT,-88.1508668639506,40.3144935428928,-0.0035545500368005588,-0.0021221103377254335
A-Injury,overturned,Clear,Daylight,Dry,No Controls,unincorporated,2011,0,1,1870,POINT (-88.2893857566613 40.2600012765187),POINT,-88.2893857566613,40.2600012765187,-0.0019793283160809087,-0.0034885206725159567
A-Injury,overturned,Clear,"Darkness, lighted road",Dry,No Controls,champaign,2011,0,1,1871,POINT (-88.2575401488194 40.088051688117),POINT,-88.2575401488194,40.088051688117,-0.0023414730907063445,-0.00780020947330963
A-Injury,pedestrian,Clear,Daylight,Dry,No Controls,urbana,2011,0,1,1872,POINT (-88.2035990490459 40.105640562549),POINT,-88.2035990490459,40.105640562549,-0.0029548853866028547,-0.007359163038642666
A-Injury,angle,Clear,Daylight,Dry,No Controls,champaign,2011,0,2,1873,POINT (-88.2451490298286 40.1125905467255),POINT,-88.2451490298286,40.1125905467255,-0.002482383542676989,-0.007184890048413075
A-Injury,sideswipe same direction,Clear,Dusk,Dry,No Controls,urbana,2011,0,1,1874,POINT (-88.2051469343974 40.1163196836606),POINT,-88.2051469343974,40.1163196836606,-0.0029372830034250052,-0.00709138079311825
A-Injury,turning,Clear,Daylight,Dry,Traffic Signal,champaign,2011,0,1,1875,POINT (-88.2468690972316 40.1271882870534),POINT,-88.2468690972316,40.1271882870534,-0.0024628231240129074,-0.006818847221130101
A-Injury,turning,Clear,Daylight,Dry,No Controls,champaign,2011,0,1,1876,POINT (-88.273779630788 40.1329098656701),POINT,-88.273779630788,40.1329098656701,-0.0021567994752191475,-0.006675376878026653
A-Injury,fixed object,Clear,Darkness,Dry,No Controls,unincorporated,2011,0,1,1877,POINT (-88.1574683238661 40.0401880050186),POINT,-88.1574683238661,40.0401880050186,-0.003479478955564911,-0.00900040604428357