crash_severity,collision_type,weather,light,road_surface,traffic_control,city,year,fatality,injury,id,Geometry,point,x,y,norm_x,norm_y
A-Injury,turning,Clear,Darkness,Wet,Traffic Signal,urbana,2011,0,4,1878,POINT (-88.2194809957241 40.120069843808),POINT,-88.2194809957241,40.120069843808,-0.002774277623392907,-0.006997344374310763
A-Injury,pedestrian,Rain,Darkness,Wet,No Controls,urbana,2011,0,1,1879,POINT (-88.1956617695502 40.1056896247093),POINT,-88.1956617695502,40.1056896247093,-0.003045147262224197,-0.007357932789887334
A-Injury,overturned,Clear,Daylight,Dry,No Controls,urbana,2011,0,1,1880,POINT (-88.2143395816595 40.0990723127172),POINT,-88.2143395816595,40.099072312717205,-0.002832745222658802,-0.00752386392280181
A-Injury,angle,Clear,Daylight,Dry,Traffic Signal,champaign,2011,0,1,1882,POINT (-88.2768102093063 40.116460509293),POINT,-88.2768102093063,40.116460509293,-0.0021223360672683487,-0.007087849547084299
A-Injury,turning,Clear,Daylight,Dry,Stop Sign/Flasher,unincorporated,2011,0,1,1883,POINT (-88.3651000678396 40.1567695542042),POINT,-88.3651000678396,40.1567695542042,-0.001118313437868777,-0.006077087851579083
A-Injury,fixed object,Clear,Darkness,Dry,Stop Sign/Flasher,unincorporated,2011,0,1,1884,POINT (-88.4075084855352 40.1276993176667),POINT,-88.4075084855352,40.1276993176667,-0.000636049543116369,-0.006806032971368157
A-Injury,overturned,Clear,Daylight,Dry,No Controls,champaign,2011,0,1,1885,POINT (-88.2389833366425 40.1493904818274),POINT,-88.2389833366425,40.149390481827396,-0.0025524991322544164,-0.006262120360368792
A-Injury,angle,Fog / smoke / haze,Daylight,Dry,Stop sign / flasher,thomasboro,2000,0,2,311,POINT (-88.1830986618121 40.2388001328631),POINT,-88.1830986618121,40.238800132863105,-0.003188013551446789,-0.004020145868676902
A-Injury,overturned,Clear,Darkness,Ice,Lane Use Marking,unincorporated,2000,0,1,313,POINT (-88.2008513181667 40.2296707306116),POINT,-88.2008513181667,40.2296707306116,-0.0029861322820906697,-0.004249068437271757
A-Injury,angle,Clear,Daylight,Dry,Stop Sign/Flasher,champaign,2011,0,1,1886,POINT (-88.2387208269905 40.114370984676),POINT,-88.2387208269905,40.114370984676,-0.002555484363349196,-0.00714024501934939
A-Injury,other non-collision,Clear,Darkness,Dry,No Controls,unincorporated,2011,0,1,1887,POINT (-87.9490236092105 40.3049778420437),POINT,-87.9490236092105,40.304977842043705,-0.005849889487075965,-0.002360719462435212
A-Injury,other non-collision,Clear,Darkness,Dry,No Controls,unincorporated,2011,0,1,1888,POINT (-87.9492553825893 40.3132221025427),POINT,-87.9492553825893,40.3132221025427,-0.005847253785523445,-0.0021539920954506985
A-Injury,fixed object,Clear,Daylight,Dry,Lane Use Marking,unincorporated,2011,0,1,1889,POINT (-88.2676489323956 39.8951852083956),POINT,-88.2676489323956,39.8951852083956,-0.0022265171078243522,-0.012636395755538666
A-Injury,angle,Clear,Daylight,Dry,Lane Use Marking,urbana,2011,0,1,1890,POINT (-88.202372809193 40.1018788238164),POINT,-88.202372809193,40.1018788238164,-0.0029688300522966,-0.007453489794034307
A-Injury,pedestrian,Clear,Daylight,Dry,No Controls,champaign,2011,0,1,1891,POINT (-88.235392504874 40.1126505144051),POINT,-88.235392504874,40.112650514405104,-0.002593333678983095,-0.0071833863404079405
A-Injury,fixed object,Clear,Daylight,Dry,No Controls,urbana,2011,0,1,1892,POINT (-88.1995869822177 40.1163252733284),POINT,-88.1995869822177,40.1163252733284,-0.0030005101724288152,-0.00709124063047942
A-Injury,overturned,Clear,Daylight,Other,No Controls,unincorporated,2011,0,1,1893,POINT (-88.4628216032229 40.0550591897905),POINT,-88.4628216032229,40.055059189790505,-7.0348093330000075e-06,-0.008627506513487577
A-Injury,turning,Clear,Daylight,Dry,Traffic Signal,urbana,2011,0,1,1894,POINT (-88.1947784459393 40.1354537600312),POINT,-88.1947784459393,40.135453760031204,-0.003055192321862442,-0.006611587944717036
A-Injury,turning,Clear,"Darkness, lighted road",Dry,No Controls,champaign,2011,0,1,1895,POINT (-88.2457011514076 40.0913200979752),POINT,-88.2457011514076,40.0913200979752,-0.0024761048763758966,-0.007718253091133904
A-Injury,animal,Clear,"Darkness, lighted road",Dry,No Controls,rantoul,2011,0,1,1896,POINT (-88.1508683996704 40.313179822083),POINT,-88.1508683996704,40.313179822083,-0.003554532572762661,-0.002155052290978266
A-Injury,overturned,Clear,Daylight,Dry,No Controls,savoy,2011,0,1,1897,POINT (-88.2540837891483 40.0370027196773),POINT,-88.2540837891483,40.0370027196773,-0.002380778435428636,-0.009080278053638677
A-Injury,turning,Clear,"Darkness, lighted road",Dry,Traffic Signal,champaign,2011,0,1,1898,POINT (-88.2579780378281 40.1321704764421),POINT,-88.2579780378281,40.132170476442106,-0.0023364934647198752,-0.006693917290268443
A-Injury,pedestrian,Clear,Daylight,Dry,No Controls,champaign,2011,0,1,1899,POINT (-88.235601661912 40.1163411416249),POINT,-88.235601661912,40.1163411416249,-0.002590955167988299,-0.007090842728065427
A-Injury,angle,Clear,Daylight,Dry,Stop Sign/Flasher,unincorporated,2011,0,1,1900,POINT (-88.2366706143637 39.9082890122379),POINT,-88.2366706143637,39.908289012237894,-0.002578799157444262,-0.012307813844992807
A-Injury,fixed object,Clear,Darkness,Dry,No Controls,savoy,2011,0,2,1901,POINT (-88.2516654661085 40.0528817491575),POINT,-88.2516654661085,40.0528817491575,-0.0024082793409401413,-0.008682106506886741
A-Injury,rear end,Clear,Daylight,Dry,Other Warning Sign,rantoul,2011,0,1,1902,POINT (-88.1841636599126 40.3087772593667),POINT,-88.1841636599126,40.3087772593667,-0.0031759025093527596,-0.0022654479048038727
A-Injury,angle,Clear,Daylight,Dry,Traffic Signal,urbana,2011,0,2,1903,POINT (-88.1627391639582 40.1105099937499),POINT,-88.1627391639582,40.1105099937499,-0.0034195395376484835,-0.007237060554011443
A-Injury,turning,Clear,Daylight,Dry,Stop Sign/Flasher,champaign,2011,0,1,1904,POINT (-88.2354012173163 40.110270834298),POINT,-88.2354012173163,40.110270834298,-0.0025932346020407764,-0.007243057550805392
A-Injury,turning,Clear,Daylight,Dry,Lane Use Marking,champaign,2011,0,1,1905,POINT (-88.2451400174758 40.1116444775969),POINT,-88.2451400174758,40.1116444775969,-0.002482486030168721,-0.007208613022713203
A-Injury,angle,Rain,Daylight,Wet,No Controls,unincorporated,2011,0,1,1906,POINT (-88.4073602055892 40.0986798655086),POINT,-88.4073602055892,40.0986798655086,-0.0006377357664691625,-0.007533704657228507
A-Injury,pedalcyclist,Clear,Daylight,Dry,Traffic Signal,champaign,2011,0,1,1907,POINT (-88.2451793507843 40.0944799328583),POINT,-88.2451793507843,40.0944799328583,-0.002482038736079999,-0.00763901925984383
A-Injury,fixed object,Clear,Daylight,Dry,No Controls,unincorporated,2011,0,1,1908,POINT (-88.3682137861133 39.9820006363213),POINT,-88.3682137861133,39.982000636321295,-0.001082904573699104,-0.010459472206010623
A-Injury,fixed object,Clear,Daylight,Dry,No Controls,unincorporated,2011,0,1,1910,POINT (-88.2576314731505 40.1689178681472),POINT,-88.2576314731505,40.168917868147204,-0.002340434560386361,-0.005772465144055083
A-Injury,fixed object,Clear,"Darkness, lighted road",Dry,No Controls,champaign,2011,0,1,1911,POINT (-88.250338910576 40.1271889424437),POINT,-88.250338910576,40.1271889424437,-0.0024233647855870307,-0.006818830787016756
A-Injury,angle,Clear,"Darkness, lighted road",Dry,Stop Sign/Flasher,unincorporated,2011,0,3,1912,POINT (-88.0476090804478 40.1279404399366),POINT,-88.0476090804478,40.1279404399366,-0.004728786274356061,-0.006799986756309398
A-Injury,angle,Clear,"Darkness, lighted road",Dry,Traffic Signal,champaign,2011,0,4,1913,POINT (-88.2437187518033 40.1379711452111),POINT,-88.2437187518033,40.137971145211104,-0.0024986485081847616,-0.006548463737277236
A-Injury,overturned,Clear,Darkness,Dry,No Controls,unincorporated,2011,0,1,1914,POINT (-88.2133721767672 40.3592937478574),POINT,-88.2133721767672,40.3592937478574,-0.0028437464454470584,-0.0009987314229247047
A-Injury,fixed object,Clear,"Darkness, lighted road",Dry,No Controls,rantoul,2011,0,1,1915,POINT (-88.1547245063842 40.3036562716184),POINT,-88.1547245063842,40.3036562716184,-0.0035106813483259136,-0.0023938582472105055
A-Injury,turning,Clear,Daylight,Dry,Traffic Signal,unincorporated,2011,0,1,1916,POINT (-88.2954491044235 40.1130410999435),POINT,-88.2954491044235,40.1130410999435,-0.0019103765874872415,-0.007173592287934102
A-Injury,rear end,Clear,Daylight,Dry,Lane Use Marking,unincorporated,2011,0,5,1917,POINT (-88.2652185178988 39.8815188001346),POINT,-88.2652185178988,39.8815188001346,-0.0022541555160644957,-0.012979085144875148
A-Injury,rear end,Clear,Daylight,Dry,Stop Sign/Flasher,champaign,2011,0,1,1918,POINT (-88.2879403173165 40.0983987050087),POINT,-88.2879403173165,40.098398705008705,-0.0019957656944584326,-0.0075407548432155315
A-Injury,angle,Clear,Daylight,Dry,Stop Sign/Flasher,champaign,2011,0,1,1919,POINT (-88.2418398818923 40.1163400621716),POINT,-88.2418398818923,40.1163400621716,-0.0025200148116274906,-0.007090869795688796
A-Injury,angle,Clear,Darkness,Dry,Stop Sign/Flasher,champaign,2011,0,1,1920,POINT (-88.2933487088704 40.0984588949569),POINT,-88.2933487088704,40.0984588949569,-0.0019342620563398986,-0.007539245561757176
A-Injury,angle,Clear,Daylight,Dry,Traffic Signal,urbana,2011,0,2,1921,POINT (-88.2195498745535 40.1324396336256),POINT,-88.2195498745535,40.1324396336256,-0.002773494340867047,-0.006687168091130955
A-Injury,turning,Clear,Daylight,Dry,Stop Sign/Flasher,champaign,2011,0,2,1922,POINT (-88.2764615541006 40.095060637991),POINT,-88.2764615541006,40.095060637991,-0.002126300936192078,-0.00762445790008431
A-Injury,fixed object,Clear,Daylight,Dry,Lane Use Marking,champaign,2011,0,1,1923,POINT (-88.2843437466609 40.1480874663755),POINT,-88.2843437466609,40.1480874663755,-0.002036665503184455,-0.0062947938734805265
A-Injury,angle,Clear,Darkness,Dry,Traffic Signal,champaign,2011,0,4,1924,POINT (-88.2579083280302 40.1426302138974),POINT,-88.2579083280302,40.1426302138974,-0.0023372861969288027,-0.0064316361573827545
A-Injury,overturned,Rain,Darkness,Wet,No Controls,unincorporated,2011,0,1,1925,POINT (-87.9946293094219 39.9711483312374),POINT,-87.9946293094219,39.971148331237394,-0.0053312664447184525,-0.010731597092891652
A-Injury,pedestrian,Clear,"Darkness, lighted road",Dry,No Controls,champaign,2011,0,1,1926,POINT (-88.2452174378777 40.1212965769275),POINT,-88.2452174378777,40.1212965769275,-0.002481605613813208,-0.006966583664139346
A-Injury,turning,Clear,Daylight,Dry,Lane Use Marking,unincorporated,2011,0,2,1927,POINT (-88.1832000272932 40.2388009542279),POINT,-88.1832000272932,40.2388009542279,-0.003186860834265501,-0.00402012527270216
A-Injury,overturned,Clear,Daylight,Dry,Lane Use Marking,unincorporated,2011,0,2,1928,POINT (-87.9507010925785 40.313255031162),POINT,-87.9507010925785,40.313255031162,-0.005830813329407449,-0.0021531664001968034
A-Injury,angle,Rain,Daylight,Wet,Stop Sign/Flasher,champaign,2011,0,2,1929,POINT (-88.2764590244653 40.0942800554814),POINT,-88.2764590244653,40.0942800554814,-0.0021263297029285714,-0.0076440312465285536
A-Injury,pedestrian,Clear,Darkness,Dry,Stop Sign/Flasher,champaign,2011,0,1,1931,POINT (-88.2320800272746 40.1126803308579),POINT,-88.2320800272746,40.1126803308579,-0.002631002812498768,-0.007182638683686051
A-Injury,head on,Clear,Dawn,Dry,Lane Use Marking,fisher,1999,0,2,451,POINT (-88.3524912972527 40.3108137996809),POINT,-88.3524912972527,40.3108137996809,-0.0012616990000212944,-0.0022143810302232194
A-Injury,angle,Snow,Daylight,Snow or slush,No Controls,unincorporated,1999,0,3,452,POINT (-88.1822034339574 40.190597333153),POINT,-88.1822034339574,40.190597333153,-0.0031981939848455708,-0.0052288458929620404
A-Injury,fixed object,Clear,"Darkness, lighted road",Dry,No Controls,urbana,2011,0,2,1932,POINT (-88.2091778497865 40.0982999394455),POINT,-88.2091778497865,40.0982999394455,-0.0028914438738230548,-0.007543231420081571
A-Injury,angle,Clear,Daylight,Dry,Traffic Signal,champaign,2011,0,1,1933,POINT (-88.2451490298286 40.1125905467255),POINT,-88.2451490298286,40.1125905467255,-0.002482383542676989,-0.007184890048413075
A-Injury,fixed object,Clear,Darkness,Dry,Other Warning Sign,rantoul,2011,0,1,1934,POINT (-88.1841564075038 40.3080590614863),POINT,-88.1841564075038,40.3080590614863,-0.003175984982953538,-0.002283456937488801
A-Injury,rear end,Clear,Daylight,Dry,No Controls,champaign,2011,0,4,1935,POINT (-88.277000943488 40.1288095883062),POINT,-88.277000943488,40.128809588306204,-0.002120167058983498,-0.006778192593693033
A-Injury,parked motor vehicle,Clear,Daylight,Dry,No Controls,rantoul,2011,0,1,1936,POINT (-88.1514604297023 40.3069931659359),POINT,-88.1514604297023,40.3069931659359,-0.0035478000718935634,-0.0023101845961600517
A-Injury,turning,Clear,Daylight,Dry,Stop Sign/Flasher,champaign,2011,0,2,1937,POINT (-88.2766517708249 40.1065597266257),POINT,-88.2766517708249,40.106559726625704,-0.0021241378123763666,-0.007336114716791698
A-Injury,turning,Clear,Daylight,Dry,Traffic Signal,urbana,2011,0,1,1938,POINT (-88.2193810241534 40.1164301749306),POINT,-88.2193810241534,40.1164301749306,-0.0027754144891772438,-0.007088610190548782
A-Injury,fixed object,Clear,Darkness,Dry,Other Warning Sign,unincorporated,2011,0,1,1939,POINT (-87.9604306231625 40.2140384659349),POINT,-87.9604306231625,40.2140384659349,-0.005720170170135842,-0.004641052280699898
A-Injury,fixed object,Clear,Dawn,Dry,No Controls,unincorporated,2011,0,1,1940,POINT (-88.1821234106795 40.1767892344921),POINT,-88.1821234106795,40.176789234492105,-0.0031991040008228057,-0.005575088212643266
A-Injury,angle,Rain,Daylight,Wet,Stop Sign/Flasher,champaign,2011,0,2,1941,POINT (-88.2388898763208 40.1330299996215),POINT,-88.2388898763208,40.1330299996215,-0.0025535619528263844,-0.006672364482256161
A-Injury,rear end,Clear,Daylight,Dry,No Controls,urbana,2011,0,1,1942,POINT (-88.2194830602607 40.1238356537441),POINT,-88.2194830602607,40.1238356537441,-0.002774254145708129,-0.006902915532239385
A-Injury,overturned,Clear,Daylight,Dry,Lane Use Marking,unincorporated,2011,0,2,1943,POINT (-88.4468259913256 40.3109658869414),POINT,-88.4468259913256,40.310965886941396,-0.0001889351610017561,-0.0022105673954020038
A-Injury,overturned,Clear,Daylight,Dry,Traffic Signal,champaign,2011,0,1,1944,POINT (-88.2801600979956 40.1274592306257),POINT,-88.2801600979956,40.1274592306257,-0.002084241498923806,-0.006812053227743978
A-Injury,pedestrian,Clear,"Darkness, lighted road",Dry,Traffic Signal,champaign,2011,0,2,1945,POINT (-88.2335492036491 40.1126691988351),POINT,-88.2335492036491,40.1126691988351,-0.0026142954992118173,-0.0071829178225806395
A-Injury,angle,Clear,Daylight,Dry,Traffic Signal,urbana,2011,0,2,1946,POINT (-88.2190799804952 40.0981590787105),POINT,-88.2190799804952,40.0981590787105,-0.0027788379247824517,-0.007546763546324053
A-Injury,other object,Rain,Dusk,Wet,Other Regualtory Sig,unincorporated,2011,0,1,1947,POINT (-88.4260801587664 40.0551196351528),POINT,-88.4260801587664,40.0551196351528,-0.0004248545032817636,-0.008625990827442115
A-Injury,fixed object,Clear,Daylight,Dry,No Controls,champaign,2011,0,1,1948,POINT (-88.2266747083716 40.1273592554735),POINT,-88.2266747083716,40.1273592554735,-0.002692471508766842,-0.006814560135426156
A-Injury,rear end,Clear,Daylight,Dry,No Controls,urbana,2011,0,2,1949,POINT (-88.2191305958169 40.1006490504101),POINT,-88.2191305958169,40.100649050410105,-0.002778262332871477,-0.007484326740331873
A-Injury,angle,Clear,Daylight,Dry,Stop Sign/Flasher,unincorporated,2011,0,5,1950,POINT (-88.4257682902613 40.0255895313129),POINT,-88.4257682902613,40.0255895313129,-0.00042840103786356793,-0.009366467261240276
A-Injury,pedestrian,Clear,Darkness,Dry,School Zone,urbana,2011,0,1,1951,POINT (-88.2049991586243 40.1036900070834),POINT,-88.2049991586243,40.103690007083394,-0.0029389634933786103,-0.007408073816705874
A-Injury,angle,Clear,Darkness,Dry,Traffic Signal,urbana,2011,0,2,1952,POINT (-88.2075099826705 40.1164091877407),POINT,-88.2075099826705,40.1164091877407,-0.002910410676523976,-0.007089136450788705
A-Injury,other non-collision,Rain,Darkness,Wet,No Controls,urbana,2011,0,1,1953,POINT (-88.2190647803561 40.0970660105832),POINT,-88.2190647803561,40.097066010583205,-0.0027790107791042123,-0.007574172565716175
A-Injury,pedestrian,Rain,Darkness,Wet,No Controls,urbana,2011,0,2,1954,POINT (-88.2074239992347 40.1129908430836),POINT,-88.2074239992347,40.1129908430836,-0.0029113884707658764,-0.0071748524941492465
A-Injury,turning,Clear,Daylight,Dry,Traffic Signal,champaign,2011,0,3,1955,POINT (-88.2414400012199 40.0980500005064),POINT,-88.2414400012199,40.0980500005064,-0.0025245622109644358,-0.0075494987158316994
A-Injury,angle,Clear,Daylight,Dry,Stop Sign/Flasher,champaign,2011,0,1,1956,POINT (-88.2601892329109 40.1163307430529),POINT,-88.2601892329109,40.1163307430529,-0.0023113479957154303,-0.007091103475455756
A-Injury,rear end,Clear,Daylight,Dry,School Zone,st joseph,2011,0,2,1957,POINT (-88.0381646965542 40.1131497026353),POINT,-88.0381646965542,40.1131497026353,-0.0048361867766043365,-0.007170869042043807
A-Injury,turning,Clear,Daylight,Dry,Stop Sign/Flasher,champaign,2011,0,1,1958,POINT (-88.2483942472765 40.0835644441796),POINT,-88.2483942472765,40.0835644441796,-0.0024454792842588764,-0.007912728494792293
A-Injury,rear end,Clear,"Darkness, lighted road",Dry,Traffic Signal,rantoul,2011,0,2,1960,POINT (-88.1705793129606 40.2827213746296),POINT,-88.1705793129606,40.2827213746296,-0.003330382219389671,-0.0029188072263351193
A-Injury,fixed object,Clear,Daylight,Dry,No Controls,champaign,2011,0,2,1961,POINT (-88.2952208425573 40.0949128026606),POINT,-88.2952208425573,40.0949128026606,-0.0019129723565019271,-0.00762816491645086
A-Injury,angle,Clear,Daylight,Dry,Stop Sign/Flasher,champaign,2011,0,1,1962,POINT (-88.2353893106432 40.1126505416257),POINT,-88.2353893106432,40.112650541625705,-0.00259337000342692,-0.007183385657843004
A-Injury,pedestrian,Rain,Darkness,Wet,Traffic Signal,champaign,2011,0,1,1963,POINT (-88.2579100794734 40.1182694965733),POINT,-88.2579100794734,40.1182694965733,-0.002337266279707918,-0.007042488634797488
A-Injury,sideswipe - same dir,Clear,Daylight,Dry,No Controls,champaign,2003,0,1,7,POINT (-88.2857629717804 40.1444550759306),POINT,-88.2857629717804,40.1444550759306,-0.002020526230114282,-0.006385877180785649
A-Injury,overturned,Clear,Darkness,Dry,No Controls,unincorporated,2011,0,1,1964,POINT (-88.4262702663562 40.1240108855613),POINT,-88.4262702663562,40.1240108855613,-0.0004226926205315529,-0.006898521540542363
A-Injury,angle,Clear,Daylight,Dry,No Controls,unincorporated,2011,0,3,1965,POINT (-88.4073603546486 40.0986798645898),POINT,-88.4073603546486,40.0986798645898,-0.0006377340713819093,-0.00753370468026777
A-Injury,turning,Clear,Daylight,Dry,Traffic Signal,urbana,2011,0,2,1966,POINT (-88.2050012736326 40.1124497905026),POINT,-88.2050012736326,40.1124497905026,-0.002938939441735195,-0.007188419553982417
A-Injury,turning,Clear,"Darkness, lighted road",Dry,Traffic Signal,urbana,2011,0,2,1967,POINT (-88.1627399769457 40.110509999614),POINT,-88.1627399769457,40.110509999614,-0.0034195302924433213,-0.007237060406967279
A-Injury,pedestrian,Rain,"Darkness, lighted road",Wet,Traffic Signal,champaign,2011,0,1,1968,POINT (-88.2468109054203 40.1126098810458),POINT,-88.2468109054203,40.1126098810458,-0.0024634848749359797,-0.007184405234386587
A-Injury,pedestrian,Clear,Daylight,Snow or Slush,No Controls,champaign,2011,0,1,1969,POINT (-88.2484902741488 40.1126102822963),POINT,-88.2484902741488,40.112610282296295,-0.0024443872771537033,-0.0071843951729070234
A-Injury,pedestrian,Rain,"Darkness, lighted road",Wet,No Controls,champaign,2011,0,1,1970,POINT (-88.2335713617701 40.1101435427583),POINT,-88.2335713617701,40.1101435427583,-0.002614043519479637,-0.007246249425303342
A-Injury,overturned,Clear,Daylight,Dry,No Controls,urbana,2011,0,1,1971,POINT (-88.2285241143888 40.1103672426015),POINT,-88.2285241143888,40.1103672426015,-0.002671440265506706,-0.007240640082951224
A-Injury,pedalcyclist,Clear,"Darkness, lighted road",Dry,Stop Sign/Flasher,champaign,2011,0,1,1972,POINT (-88.2321094862598 40.1231018202746),POINT,-88.2321094862598,40.1231018202746,-0.002630667808136235,-0.006921316632128697
A-Injury,pedalcyclist,Clear,Daylight,Dry,Traffic Signal,champaign,2011,0,1,1973,POINT (-88.2576295460503 40.098149983044),POINT,-88.2576295460503,40.098149983044,-0.002340456475159387,-0.007546991622958283
A-Injury,pedalcyclist,Clear,Daylight,Dry,No Controls,urbana,2011,0,1,1974,POINT (-88.2223906657727 40.1128536578231),POINT,-88.2223906657727,40.1128536578231,-0.002741189173355488,-0.007178292456738431
A-Injury,pedestrian,Clear,Daylight,Dry,No Controls,urbana,2011,0,1,1975,POINT (-88.2194715180836 40.1211951643367),POINT,-88.2194715180836,40.121195164336704,-0.0027743854020856914,-0.006969126616036188
A-Injury,pedalcyclist,Rain,Darkness,Wet,Traffic Signal,champaign,2011,0,1,1976,POINT (-88.2828294336201 40.1128906489453),POINT,-88.2828294336201,40.112890648945296,-0.0020538861057113607,-0.00717736489297527
A-Injury,pedestrian,Rain,Darkness,Wet,Stop Sign/Flasher,champaign,2011,0,1,1977,POINT (-88.2335494232931 40.1144290680257),POINT,-88.2335494232931,40.1144290680257,-0.002614293001444308,-0.007138788561496012
A-Injury,head on,Clear,Daylight,Wet,No Controls,unincorporated,1999,0,2,453,POINT (-88.384895562152 40.3615678798402),POINT,-88.384895562152,40.3615678798402,-0.0008932012383482173,-0.0009417068641984291
A-Injury,angle,Clear,"Darkness, lighted road",Dry,No Controls,mahomet,2000,0,1,269,POINT (-88.4174498174559 40.1934773225523),POINT,-88.4174498174559,40.1934773225523,-0.0005229978021738845,-0.005156629273226127
A-Injury,fixed object,Clear,Daylight,Dry,Lane Use Marking,unincorporated,2000,0,1,270,POINT (-88.3038232987124 40.006891460507),POINT,-88.3038232987124,40.006891460507,-0.0018151461645516576,-0.009835327136042191
A-Injury,angle,Clear,Daylight,Dry,Lane Use Marking,unincorporated,2012,0,2,1979,POINT (-88.143630815767 40.1133599974112),POINT,-88.143630815767,40.1133599974112,-0.003636837586519758,-0.007165595835875885
A-Injury,turning,Clear,Daylight,Dry,Lane Use Marking,champaign,2012,0,2,1980,POINT (-88.2467811753482 40.1091492146132),POINT,-88.2467811753482,40.109149214613204,-0.002463822962069181,-0.0072711825092809206
A-Injury,turning,Clear,Daylight,Dry,Traffic Signal,urbana,2012,0,2,1981,POINT (-88.1906582410882 40.1420099996467),POINT,-88.1906582410882,40.1420099996467,-0.0031020468414753753,-0.006447188220424435
A-Injury,overturned,Rain,Darkness,Wet,Lane Use Marking,champaign,2012,0,1,1982,POINT (-88.2832537735333 40.1440554343328),POINT,-88.2832537735333,40.14405543433279,-0.0020490605585590915,-0.006395898316733823
A-Injury,turning,Clear,Daylight,Dry,No Controls,rantoul,2012,0,1,1983,POINT (-88.1553011140636 40.3081988072782),POINT,-88.1553011140636,40.3081988072782,-0.0035041242287651105,-0.002279952768787279
A-Injury,sideswipe same direction,Clear,Daylight,Dry,Lane Use Marking,unincorporated,2012,0,3,1984,POINT (-88.2701452598804 39.8985202345575),POINT,-88.2701452598804,39.8985202345575,-0.0021981291442829004,-0.012552768949064309
A-Injury,angle,Clear,Daylight,Dry,Stop Sign/Flasher,champaign,2012,0,1,1985,POINT (-88.2450802143635 40.1041599990846),POINT,-88.2450802143635,40.1041599990846,-0.002483166104630984,-0.007396288622760928
A-Injury,turning,Clear,Daylight,Dry,Stop Sign/Flasher,champaign,2012,0,1,1986,POINT (-88.2764196427324 40.0908499587167),POINT,-88.2764196427324,40.0908499587167,-0.0021267775476942474,-0.0077300419776006515
A-Injury,overturned,Clear,Daylight,Dry,No Controls,unincorporated,2012,0,1,1987,POINT (-87.967689762793 40.2399180670344),POINT,-87.967689762793,40.239918067034395,-0.005637620027004171,-0.003992113325585746
A-Injury,turning,Clear,Daylight,Dry,Traffic Signal,urbana,2012,0,2,1988,POINT (-88.1627800007608 40.1133299996037),POINT,-88.1627800007608,40.11332999960371,-0.003419075145988837,-0.007166348040122643
A-Injury,overturned,Clear,Daylight,Dry,Lane Use Marking,champaign,2012,0,1,1989,POINT (-88.3037984828071 40.1181507589237),POINT,-88.3037984828071,40.118150758923704,-0.0018154283683167326,-0.007045466017870885
A-Injury,rear end,Clear,Daylight,Dry,Other Regualtory Sig,champaign,2012,0,1,1990,POINT (-88.2320504605668 40.1103000553879),POINT,-88.2320504605668,40.110300055387896,-0.0026313390418710924,-0.007242324822991249
A-Injury,fixed object,Clear,Darkness,Dry,Stop Sign/Flasher,unincorporated,2012,0,1,1991,POINT (-88.0597810908904 40.3126200001304),POINT,-88.0597810908904,40.3126200001304,-0.004590367500867526,-0.0021690899985755754
A-Injury,head on,Clear,Darkness,Dry,No Controls,unincorporated,2012,0,2,1992,POINT (-88.1811796707044 40.1146298993584),POINT,-88.1811796707044,40.1146298993584,-0.003209836108756939,-0.007133752654076331
A-Injury,rear end,Clear,Daylight,Dry,No Controls,urbana,2012,0,2,1993,POINT (-88.2049694804052 40.1163199968904),POINT,-88.2049694804052,40.1163199968904,-0.002939300990845237,-0.007091372938784761
A-Injury,fixed object,Clear,Daylight,Dry,No Controls,champaign,2012,0,1,1994,POINT (-88.2906682869002 40.1275531023725),POINT,-88.2906682869002,40.127553102372495,-0.001964743522265034,-0.006809699364829184
A-Injury,fixed object,Clear,Daylight,Dry,Lane Use Marking,unincorporated,2012,0,1,1995,POINT (-87.9532249636927 40.2257894811603),POINT,-87.9532249636927,40.2257894811603,-0.005802112142720242,-0.004346391960682458
A-Injury,angle,Other,Daylight,Wet,Stop Sign/Flasher,unincorporated,2012,0,2,1996,POINT (-87.9944900008128 39.8940600002205),POINT,-87.9944900008128,39.8940600002205,-0.005332850647007627,-0.01266461069651208
A-Injury,overturned,Clear,Daylight,Dry,Lane Use Marking,champaign,2012,0,1,1997,POINT (-88.2863067803686 40.146920535361),POINT,-88.2863067803686,40.146920535361,-0.0020143420982367405,-0.006324055027480933
A-Injury,turning,Clear,Daylight,Dry,Stop Sign/Flasher,urbana,2012,0,1,1998,POINT (-88.1784400956663 40.1129899987512),POINT,-88.1784400956663,40.1129899987512,-0.003240990256910262,-0.007174873666043739
A-Injury,turning,Clear,"Darkness, lighted road",Dry,Traffic Signal,urbana,2012,0,2,1999,POINT (-88.1621595086459 40.0839904182434),POINT,-88.1621595086459,40.083990418243395,-0.00342613131455766,-0.007902047064162742
A-Injury,turning,Clear,Daylight,Dry,No Controls,champaign,2012,0,1,2000,POINT (-88.2387076550635 40.1100916187205),POINT,-88.2387076550635,40.110091618720496,-0.002555634153064676,-0.007247551436517085