crash_severity,collision_type,weather,light,road_surface,traffic_control,city,year,fatality,injury,id,Geometry,point,x,y,norm_x,norm_y
A-Injury,angle,Clear,Daylight,Dry,Stop Sign/Flasher,urbana,2012,0,1,2001,POINT (-88.2037890735595 40.1125401589712),POINT,-88.2037890735595,40.11254015897121,-0.00295272444858614,-0.007186153536845353
A-Injury,pedestrian,Clear,Daylight,Dry,Traffic Signal,urbana,2012,0,1,2002,POINT (-88.2126408536794 40.1164908841194),POINT,-88.2126408536794,40.11649088411939,-0.002852062971736064,-0.007087087888972705
A-Injury,fixed object,Clear,Darkness,Dry,No Controls,unincorporated,2012,0,1,2003,POINT (-88.0212800007719 40.3565226323137),POINT,-88.0212800007719,40.356522632313705,-0.005028197693119418,-0.0010682179972545064
A-Injury,angle,Clear,Daylight,Dry,No Controls,unincorporated,2012,0,2,2004,POINT (-88.4073606103771 40.0986799986626),POINT,-88.4073606103771,40.098679998662604,-0.0006377311632653985,-0.007533701318350929
A-Injury,pedestrian,Rain,"Darkness, lighted road",Wet,Lane Use Marking,urbana,2012,0,1,2005,POINT (-88.2239400191976 40.1113730104384),POINT,-88.2239400191976,40.1113730104384,-0.002723570095407341,-0.007215420145184155
A-Injury,turning,Clear,Daylight,Dry,Traffic Signal,champaign,2012,0,2,2006,POINT (-88.2579839474157 40.1321717386412),POINT,-88.2579839474157,40.132171738641205,-0.0023364262615350575,-0.00669388564023793
A-Injury,other non-collision,Clear,Daylight,Dry,Lane Use Marking,unincorporated,2012,0,2,2007,POINT (-88.2079130103375 39.9085451266053),POINT,-88.2079130103375,39.9085451266053,-0.0029058274899081025,-0.012301391698479299
A-Injury,angle,Clear,Daylight,Dry,Stop Sign/Flasher,champaign,2012,0,1,2009,POINT (-88.2517300010663 40.1163099992704),POINT,-88.2517300010663,40.1163099992704,-0.0024075454564476783,-0.007091623632180303
A-Injury,overturned,Clear,Daylight,Dry,Lane Use Marking,unincorporated,2012,0,3,2010,POINT (-88.1428534314638 40.3722377734608),POINT,-88.1428534314638,40.372237773460796,-0.0036456779159201014,-0.0006741560008482873
A-Injury,angle,Clear,Daylight,Dry,Stop Sign/Flasher,unincorporated,2012,0,2,2011,POINT (-88.4445300009079 39.9476326580667),POINT,-88.4445300009079,39.9476326580667,-0.00021504491329430025,-0.011321259828322742
A-Injury,turning,Snow,Daylight,Dry,Traffic signal,champaign,2002,0,1,148,POINT (-88.2335985311879 40.1126947271907),POINT,-88.2335985311879,40.11269472719071,-0.002613734551827598,-0.007182277691214246
A-Injury,pedalcyclist,Clear,Daylight,Dry,Traffic Signal,champaign,2012,0,1,2012,POINT (-88.2951600011631 40.0839462307578),POINT,-88.2951600011631,40.083946230757796,-0.0019136642381925044,-0.00790315507895106
A-Injury,overturned,Clear,Daylight,Dry,Lane Use Marking,champaign,2012,0,1,2013,POINT (-88.2699571209184 40.1568014809666),POINT,-88.2699571209184,40.1568014809666,-0.0022002686400126015,-0.006076287278195046
A-Injury,head on,Clear,Darkness,Dry,Lane Use Marking,champaign,2012,0,3,2014,POINT (-88.2578100532029 40.1153317360376),POINT,-88.2578100532029,40.115331736037604,-0.002338403767532531,-0.007116153883542223
A-Injury,overturned,Rain,Daylight,Wet,No Controls,urbana,2012,0,1,2015,POINT (-88.2192000075633 40.103702446906),POINT,-88.2192000075633,40.103702446906,-0.002777472990071698,-0.007407761884329019
A-Injury,angle,Clear,Daylight,Dry,Lane Use Marking,champaign,2012,0,1,2016,POINT (-88.2576208682178 40.112657734991),POINT,-88.2576208682178,40.112657734991004,-0.002340555158522866,-0.0071832052819962924
A-Injury,sideswipe opposite direction,Clear,Daylight,Dry,No Controls,champaign,2012,0,1,2017,POINT (-88.2578000011323 40.1126599999984),POINT,-88.2578000011323,40.1126599999984,-0.002338518078581721,-0.007183148486239389
A-Injury,rear end,Clear,Daylight,Dry,No Controls,champaign,2012,0,2,2018,POINT (-88.3141900010019 40.0920273318897),POINT,-88.3141900010019,40.0920273318897,-0.0016972571582284345,-0.007700518983265122
A-Injury,fixed object,Rain,Daylight,Wet,Lane Use Marking,unincorporated,2012,0,2,2019,POINT (-88.1545383351906 40.1202964876891),POINT,-88.1545383351906,40.120296487689096,-0.003512798466808448,-0.006991661209303001
A-Injury,pedestrian,Clear,Darkness,Dry,No Controls,urbana,2012,0,1,2020,POINT (-88.1735300120003 40.1058093910238),POINT,-88.1735300120003,40.1058093910238,-0.003296827192146197,-0.007354929612725163
A-Injury,fixed object,Clear,Daylight,Dry,No Controls,champaign,2012,0,1,2021,POINT (-88.2337800018331 40.1250037204515),POINT,-88.2337800018331,40.125003720451495,-0.002611670887468161,-0.006873625900390534
A-Injury,pedestrian,Clear,Daylight,Dry,Lane Use Marking,mahomet,2012,0,1,2022,POINT (-88.3888229634812 40.1876164441801),POINT,-88.3888229634812,40.1876164441801,-0.0008485392593308796,-0.005303592600530977
A-Injury,angle,Clear,Daylight,Dry,Stop sign / flasher,unincorporated,1999,0,1,454,POINT (-88.4074537924274 40.1187800419501),POINT,-88.4074537924274,40.1187800419501,-0.000636671507165409,-0.007029686552489936
A-Injury,sideswipe - same dir,Rain,Daylight,Wet,No Controls,urbana,1999,0,3,455,POINT (-88.214385074872 40.1164760073885),POINT,-88.214385074872,40.1164760073885,-0.002832227878814452,-0.007087460927574225
A-Injury,pedestrian,Clear,Daylight,Dry,No Controls,champaign,2000,0,1,312,POINT (-88.2587800995176 40.1126599665834),POINT,-88.2587800995176,40.1126599665834,-0.0023273725067773855,-0.007183149324130758
A-Injury,turning,Clear,Daylight,Dry,Traffic Signal,champaign,2012,0,1,2023,POINT (-88.2579800011622 40.1271699999251),POINT,-88.2579800011622,40.1271699999251,-0.002336471137898902,-0.006819305776495178
A-Injury,sideswipe same direction,Clear,Dusk,Dry,Lane Use Marking,rantoul,2012,0,5,2024,POINT (-88.1837520199418 40.3016621634602),POINT,-88.1837520199418,40.3016621634602,-0.0031805836341467835,-0.0024438611224322708
A-Injury,rear end,Clear,Daylight,Dry,Lane Use Marking,unincorporated,2012,0,2,2025,POINT (-88.1621448535266 40.1202530192042),POINT,-88.1621448535266,40.1202530192042,-0.0034262979709739167,-0.006992751194927622
A-Injury,angle,Clear,"Darkness, lighted road",Dry,No Controls,urbana,2012,0,1,2026,POINT (-88.205011532388 40.1135477747965),POINT,-88.205011532388,40.1135477747965,-0.002938822780289163,-0.007160887260201094
A-Injury,angle,Clear,Daylight,Dry,Stop Sign/Flasher,champaign,2012,0,3,2027,POINT (-88.2648596516783 40.1089891965707),POINT,-88.2648596516783,40.108989196570704,-0.00225823650353354,-0.007275195010899481
A-Injury,fixed object,Clear,Darkness,Dry,No Controls,unincorporated,2012,0,1,2028,POINT (-88.1539051606602 40.1421907192301),POINT,-88.1539051606602,40.1421907192301,-0.003519998858421191,-0.006442656621302493
A-Injury,overturned,Clear,Daylight,Dry,Lane Use Marking,mahomet,2012,0,1,2029,POINT (-88.4037944787388 40.2015388199807),POINT,-88.4037944787388,40.201538819980705,-0.0006782848228107323,-0.004954484746433254
A-Injury,angle,Clear,Daylight,Dry,Stop Sign/Flasher,unincorporated,2012,0,4,2030,POINT (-88.1830081534633 40.2388000082052),POINT,-88.1830081534633,40.2388000082052,-0.0031890428025051223,-0.00402014899451212
A-Injury,rear end,Clear,"Darkness, lighted road",Dry,Lane Use Marking,champaign,2012,0,1,2031,POINT (-88.2579499659459 40.1258582567721),POINT,-88.2579499659459,40.125858256772105,-0.0023368126950985978,-0.006852198139395629
A-Injury,rear end,Clear,Darkness,Dry,Traffic Signal,urbana,2012,0,2,2032,POINT (-88.199430294633 40.1273894968111),POINT,-88.199430294633,40.127389496811105,-0.0030022920065306026,-0.006813801824587012
A-Injury,rear end,Clear,Daylight,Dry,No Controls,champaign,2012,0,4,2033,POINT (-88.2765100005749 40.0982599997562),POINT,-88.2765100005749,40.0982599997562,-0.0021257500081770693,-0.007544232920071595
A-Injury,rear end,Clear,Daylight,Dry,Traffic Signal,champaign,2012,0,1,2034,POINT (-88.2578915171406 40.1408925210741),POINT,-88.2578915171406,40.1408925210741,-0.002337477368529366,-0.006475209339238409
A-Injury,overturned,Clear,Darkness,Dry,No Controls,unincorporated,2012,0,2,2035,POINT (-88.0480297539371 40.1964644338255),POINT,-88.0480297539371,40.1964644338255,-0.004724002421376071,-0.005081726539563917
A-Injury,angle,Clear,Daylight,Dry,Traffic Signal,urbana,2012,0,2,2036,POINT (-88.1994300018366 40.1273899999242),POINT,-88.1994300018366,40.127389999924205,-0.0030022953361792935,-0.00681378920887134
A-Injury,rear end,Clear,Daylight,Dry,No Controls,urbana,2012,0,1,2037,POINT (-88.2191999674834 40.1037005464245),POINT,-88.2191999674834,40.1037005464245,-0.0027774734458559064,-0.007407809539487002
A-Injury,turning,Clear,"Darkness, lighted road",Dry,Traffic Signal,urbana,2012,0,1,2038,POINT (-88.2075100011978 40.1164099992145),POINT,-88.2075100011978,40.116409999214504,-0.002910410465833517,-0.007089116102833562
A-Injury,rear end,Clear,Darkness,Dry,Lane Use Marking,unincorporated,2012,0,6,2039,POINT (-88.2490000541365 40.1773651102928),POINT,-88.2490000541365,40.1773651102928,-0.0024385901148050093,-0.005560647949868742
A-Injury,angle,Clear,Daylight,Dry,Traffic Signal,urbana,2012,0,2,2040,POINT (-88.2195400003047 40.1273700001115),POINT,-88.2195400003047,40.1273700001115,-0.0027736066297459447,-0.006814290710324583
A-Injury,fixed object,Clear,Darkness,Dry,No Controls,unincorporated,2012,0,1,2041,POINT (-88.2631337936979 40.1856870377175),POINT,-88.2631337936979,40.1856870377175,-0.002277862772011331,-0.005351973060840897
A-Injury,angle,Rain,"Darkness, lighted road",Wet,Stop Sign/Flasher,urbana,2012,0,1,2042,POINT (-88.1956599757287 40.1056899341474),POINT,-88.1956599757287,40.1056899341474,-0.00304516766136636,-0.007357925030631828
A-Injury,other non-collision,Clear,"Darkness, lighted road",Dry,No Controls,champaign,2012,0,1,2043,POINT (-88.2580982922909 40.1182718433477),POINT,-88.2580982922909,40.1182718433477,-0.002335125944101502,-0.007042429788707777
A-Injury,other non-collision,Clear,Darkness,Dry,Lane Use Marking,unincorporated,2012,0,1,2044,POINT (-88.4410600650811 40.1987498092638),POINT,-88.4410600650811,40.198749809263795,-0.0002545046445765456,-0.005024420047733895
A-Injury,fixed object,Clear,Daylight,Dry,Lane Use Marking,unincorporated,2012,0,2,2045,POINT (-88.0104246279335 40.120023956696),POINT,-88.0104246279335,40.120023956696,-0.005151643807558536,-0.0069984950077535465
A-Injury,fixed object,Clear,Daylight,Wet,Lane Use Marking,champaign,2012,0,2,2046,POINT (-88.2395657677232 40.1347779107898),POINT,-88.2395657677232,40.13477791078979,-0.0025458757896100366,-0.006628535072257741
A-Injury,rear end,Snow,"Darkness, lighted road",Wet,No Controls,champaign,2012,0,1,2047,POINT (-88.2468773999177 40.0835698614887),POINT,-88.2468773999177,40.083569861488705,-0.0024627287067733126,-0.007912592654100768
A-Injury,rear end,Clear,Daylight,Dry,No Controls,champaign,2012,0,1,2048,POINT (-88.2769994049111 40.1289422781071),POINT,-88.2769994049111,40.1289422781071,-0.002120184555512099,-0.006774865356135757
A-Injury,rear end,Rain,Daylight,Wet,No Controls,champaign,2012,0,1,2049,POINT (-88.2333886603647 40.1163545043745),POINT,-88.2333886603647,40.1163545043745,-0.002616121179909717,-0.0070905076530104255
A-Injury,pedestrian,Clear,Daylight,Wet,Traffic Signal,champaign,2012,0,1,2050,POINT (-88.2681887109867 40.1273085314534),POINT,-88.2681887109867,40.1273085314534,-0.002220378804633734,-0.006815832055826923
A-Injury,angle,Snow,Darkness,Snow or Slush,Traffic Signal,champaign,2012,0,1,2051,POINT (-88.3142900016643 40.0986899998656),POINT,-88.3142900016643,40.098689999865606,-0.0016961199616163643,-0.007533450535110457
A-Injury,angle,Snow,Daylight,Dry,Traffic Signal,champaign,2012,0,3,2052,POINT (-88.2387112334807 40.1126199997319),POINT,-88.2387112334807,40.1126199997319,-0.0025555934596949853,-0.007184151505221333
A-Injury,pedestrian,Clear,Daylight,Dry,Traffic Signal,urbana,2012,0,1,2053,POINT (-88.190699842529 40.0984099066275),POINT,-88.190699842529,40.098409906627495,-0.003101573754433765,-0.007540473959180065
A-Injury,rear end,Snow,Daylight,Snow or Slush,Traffic Signal,champaign,2012,0,1,2054,POINT (-88.2768100003812 40.116460647819),POINT,-88.2768100003812,40.116460647819,-0.0021223384431417838,-0.00708784607350231
A-Injury,angle,Snow,Daylight,Snow or Slush,Stop Sign/Flasher,champaign,2012,0,1,2055,POINT (-88.2577300005858 40.1062908751061),POINT,-88.2577300005858,40.106290875106104,-0.002339314117152,-0.007342856251313009
A-Injury,angle,Clear,Daylight,Snow or Slush,Stop Sign/Flasher,champaign,2012,0,1,2057,POINT (-88.2467892680788 40.1101799356939),POINT,-88.2467892680788,40.1101799356939,-0.0024637309324206246,-0.007245336861252992
A-Injury,sideswipe same direction,Snow,Daylight,Ice,Lane Use Marking,st joseph,2012,0,2,2058,POINT (-88.0216554954393 40.1202702860659),POINT,-88.0216554954393,40.120270286065896,-0.00502392760876816,-0.006992318223061301
A-Injury,overturned,Snow,Daylight,Snow or Slush,Lane Use Marking,rantoul,2012,0,1,2059,POINT (-88.1841538058904 40.307949822433),POINT,-88.1841538058904,40.307949822433,-0.003176014568217043,-0.0022861961403393446
A-Injury,pedestrian,Clear,"Darkness, lighted road",Dry,Traffic Signal,champaign,2012,0,1,2060,POINT (-88.2387099288848 40.1102299060727),POINT,-88.2387099288848,40.1102299060727,-0.0025556082954170667,-0.007244083838639434
A-Injury,turning,Clear,Daylight,Wet,Stop Sign/Flasher,unincorporated,2012,0,1,2061,POINT (-88.1615500016007 40.0255400000525),POINT,-88.1615500016007,40.0255400000525,-0.0034330625621134155,-0.00936770927282488
A-Injury,fixed object,Clear,Daylight,Dry,No Controls,unincorporated,2012,0,1,2062,POINT (-88.4259753288902 40.0412874823468),POINT,-88.4259753288902,40.041287482346796,-0.00042604661718570886,-0.008972836312208163
A-Injury,head on,Clear,Daylight,Dry,Lane Use Marking,rantoul,2012,0,3,2063,POINT (-88.1306500380734 40.3047273944069),POINT,-88.1306500380734,40.3047273944069,-0.003784453572863908,-0.0023669995139364718
A-Injury,fixed object,Clear,Darkness,Dry,Lane Use Marking,unincorporated,2012,0,2,2064,POINT (-88.3496055282846 40.0087013574737),POINT,-88.3496055282846,40.008701357473704,-0.0012945156495813071,-0.009789943413089032
A-Injury,fixed object,Snow,Darkness,Dry,No Controls,unincorporated,2012,0,1,2065,POINT (-88.155432158279 40.2747441842303),POINT,-88.155432158279,40.2747441842303,-0.003502634008258556,-0.003118837728450173
A-Injury,rear end,Clear,Daylight,Dry,No Controls,champaign,2012,0,2,2066,POINT (-88.2826518302992 40.1128882684936),POINT,-88.2826518302992,40.1128882684936,-0.0020559057912810856,-0.007177424583533524
A-Injury,rear end,Clear,Daylight,Dry,Lane Use Marking,champaign,2012,0,2,2067,POINT (-88.2652814428741 40.1363060820324),POINT,-88.2652814428741,40.1363060820324,-0.0022534399401172548,-0.006590215708462349
A-Injury,rear end,Clear,Daylight,Dry,Lane Use Marking,champaign,2012,0,1,2068,POINT (-88.2543905864594 40.1126500008242),POINT,-88.2543905864594,40.1126500008242,-0.002377289569911149,-0.007183399218606937
A-Injury,pedestrian,Clear,"Darkness, lighted road",Dry,Traffic Signal,urbana,2012,0,1,2069,POINT (-88.2193802116011 40.1128301566526),POINT,-88.2193802116011,40.112830156652606,-0.002775423729433275,-0.0071788817558148315
A-Injury,fixed object,Snow,Darkness,Snow or Slush,Lane Use Marking,unincorporated,2012,0,2,2070,POINT (-87.9654888335921 40.119777946366),POINT,-87.9654888335921,40.119777946366,-0.005662648753520619,-0.007004663792422416
A-Injury,fixed object,Snow,Darkness,Snow or Slush,Lane Use Marking,unincorporated,2012,0,1,2071,POINT (-88.0598700837611 40.1205746817061),POINT,-88.0598700837611,40.1205746817061,-0.004589355483660528,-0.006984685408786553
A-Injury,rear end,Clear,Darkness,Dry,Lane Use Marking,champaign,2012,0,3,2072,POINT (-88.2580138761638 40.1358596540423),POINT,-88.2580138761638,40.1358596540423,-0.0023360859150800195,-0.0066014100275832086
A-Injury,head on,Snow,Darkness,Snow or Slush,No Controls,urbana,2012,0,1,2073,POINT (-88.1879601482093 40.1274888060749),POINT,-88.1879601482093,40.1274888060749,-0.0031327292590445145,-0.006811311614261403
A-Injury,turning,Clear,Darkness,Dry,Traffic Signal,urbana,2012,0,3,2074,POINT (-88.2049989974139 40.1124500745699),POINT,-88.2049989974139,40.1124500745699,-0.002938965326645771,-0.007188412430907582
A-Injury,fixed object,Clear,Daylight,Wet,No Controls,unincorporated,2012,0,1,2076,POINT (-88.2530893576986 40.1856175271534),POINT,-88.2530893576986,40.1856175271534,-0.0023920870012760546,-0.005353716059609112
A-Injury,angle,Clear,Daylight,Dry,Stop Sign/Flasher,unincorporated,2012,0,4,2077,POINT (-88.3335200017764 40.1278799993749),POINT,-88.3335200017764,40.1278799993749,-0.0014774385003857402,-0.006801502321978586
A-Injury,angle,Clear,Darkness,Dry,Traffic Signal,champaign,2012,0,2,2078,POINT (-88.2436200016217 40.1336099997253),POINT,-88.2436200016217,40.1336099997253,-0.002499771484465818,-0.0066578208013129865
A-Injury,turning,Clear,Daylight,Dry,Traffic Signal,champaign,2012,0,3,2079,POINT (-88.2579800122674 40.1321705309818),POINT,-88.2579800122674,40.132170530981796,-0.0023364710116117768,-0.006693915922668944
A-Injury,rear end,Clear,Daylight,Dry,Traffic Signal,champaign,2012,0,4,2080,POINT (-88.2335639426573 40.1163551158524),POINT,-88.2335639426573,40.1163551158524,-0.002614127888820239,-0.007090492320014033
A-Injury,turning,Clear,Daylight,Dry,No Controls,champaign,2012,0,1,2081,POINT (-88.2769900016116 40.1274099996291),POINT,-88.2769900016116,40.1274099996291,-0.0021202914888071196,-0.006813287710121483
A-Injury,angle,Clear,Daylight,Dry,Traffic Signal,champaign,2012,0,2,2082,POINT (-88.2763509422237 40.0837000101634),POINT,-88.2763509422237,40.0837000101634,-0.002127558802376697,-0.007909329136064314
A-Injury,rear end,Clear,Daylight,Dry,Traffic Signal,champaign,2012,0,1,2083,POINT (-88.2468100010723 40.1126099992334),POINT,-88.2468100010723,40.1126099992334,-0.002463495159082665,-0.007184402270796172
A-Injury,turning,Clear,Daylight,Dry,No Controls,champaign,2012,0,1,2084,POINT (-88.2451133910701 40.1071154185804),POINT,-88.2451133910701,40.1071154185804,-0.0024827888227465485,-0.007322180570161751
A-Injury,fixed object,Clear,"Darkness, lighted road",Dry,Lane Use Marking,unincorporated,2012,0,4,2085,POINT (-88.2079955150182 40.1351000013868),POINT,-88.2079955150182,40.135100001386796,-0.0029048892556893463,-0.006620458551500435
A-Injury,pedestrian,Clear,"Darkness, lighted road",Dry,Other Warning Sign,urbana,2012,0,1,2086,POINT (-88.2279844500816 40.1041933366927),POINT,-88.2279844500816,40.1041933366927,-0.002677577269073217,-0.007395452671987023
A-Injury,fixed object,Clear,Darkness,Dry,No Controls,savoy,2012,0,1,2087,POINT (-88.2525618217529 40.0481767124877),POINT,-88.2525618217529,40.0481767124877,-0.002398086082440034,-0.00880008674810195
A-Injury,rear end,Clear,Daylight,Dry,No Controls,champaign,2012,0,1,2088,POINT (-88.2653404655545 40.1365801217172),POINT,-88.2653404655545,40.1365801217172,-0.0022527687406413755,-0.006583344079103271
A-Injury,fixed object,Clear,Darkness,Dry,No Controls,unincorporated,2012,0,1,2089,POINT (-88.0622633236298 40.0772538935491),POINT,-88.0622633236298,40.077253893549106,-0.004562139821231474,-0.008070967492240672
A-Injury,turning,Clear,Daylight,Dry,Traffic Signal,champaign,2012,0,1,2090,POINT (-88.2335639426573 40.1163551158524),POINT,-88.2335639426573,40.1163551158524,-0.002614127888820239,-0.007090492320014033
A-Injury,rear end,Clear,Daylight,Dry,Stop Sign/Flasher,unincorporated,2012,0,1,2091,POINT (-88.1615500016007 40.0255400000525),POINT,-88.1615500016007,40.0255400000525,-0.0034330625621134155,-0.00936770927282488
A-Injury,angle,Clear,Daylight,Dry,No Controls,unincorporated,2012,0,2,2092,POINT (-88.4072893876675 40.0841599998419),POINT,-88.4072893876675,40.0841599998419,-0.000638541100140897,-0.007897794753436702
A-Injury,pedalcyclist,Clear,Daylight,Dry,Stop Sign/Flasher,urbana,2012,0,1,2093,POINT (-88.2241292934284 40.1231300318488),POINT,-88.2241292934284,40.123130031848795,-0.0027214176895246247,-0.006920609218231127
A-Injury,fixed object,Clear,Darkness,Dry,Lane Use Marking,unincorporated,2012,0,2,2094,POINT (-88.0648476283842 40.1204426028713),POINT,-88.0648476283842,40.1204426028713,-0.004532751389787663,-0.0069879973261812575
A-Injury,angle,Clear,Daylight,Dry,Traffic Signal,champaign,2012,0,1,2095,POINT (-88.2387099288848 40.1102299060727),POINT,-88.2387099288848,40.1102299060727,-0.0025556082954170667,-0.007244083838639434
A-Injury,overturned,Clear,Daylight,Dry,Lane Use Marking,champaign,2012,0,6,2096,POINT (-88.3029145862846 40.1194355026844),POINT,-88.3029145862846,40.1194355026844,-0.0018254799430431569,-0.0070132506730343205
A-Injury,rear end,Clear,Daylight,Dry,No Controls,champaign,2012,0,2,2097,POINT (-88.2952092567901 40.0932999951877),POINT,-88.2952092567901,40.0932999951877,-0.0019131041085812504,-0.007668606559745199
A-Injury,rear end,Clear,Daylight,Dry,No Controls,champaign,2012,0,3,2098,POINT (-88.2388898094425 40.133029999567),POINT,-88.2388898094425,40.133029999567,-0.002553562713359111,-0.006672364483622731
A-Injury,angle,Clear,Daylight,Dry,Stop Sign/Flasher,champaign,2012,0,1,2099,POINT (-88.2627403351272 40.1310000672359),POINT,-88.2627403351272,40.1310000672359,-0.002282337139909017,-0.006723265660995234
A-Injury,fixed object,Clear,Daylight,Dry,No Controls,champaign,2012,0,1,2100,POINT (-88.2484915905227 40.1213347503321),POINT,-88.2484915905227,40.1213347503321,-0.0024443723074935035,-0.006965626454281206
A-Injury,overturned,Clear,Daylight,Wet,No Controls,champaign,2012,0,1,2101,POINT (-88.2769900016116 40.1274099996291),POINT,-88.2769900016116,40.1274099996291,-0.0021202914888071196,-0.006813287710121483
A-Injury,fixed object,Clear,Daylight,Dry,No Controls,champaign,2012,0,1,2102,POINT (-88.2614398990053 40.0872961068182),POINT,-88.2614398990053,40.0872961068182,-0.002297125557471071,-0.00781915590670558
A-Injury,rear end,Clear,Daylight,Dry,Traffic Signal,rantoul,2012,0,1,2103,POINT (-88.1558000014936 40.3081899995769),POINT,-88.1558000014936,40.308189999576896,-0.0034984509353930037,-0.0022801736246057494
A-Injury,turning,Clear,Daylight,Dry,Traffic Signal,champaign,2012,0,2,2104,POINT (-88.2468773999177 40.0835698614887),POINT,-88.2468773999177,40.083569861488705,-0.0024627287067733126,-0.007912592654100768
A-Injury,angle,Clear,Darkness,Dry,Stop Sign/Flasher,unincorporated,2012,0,5,2105,POINT (-88.1451205878393 40.3413399992252),POINT,-88.1451205878393,40.3413399992252,-0.003619896061206557,-0.0014489271903544297
A-Injury,angle,Rain,Daylight,Wet,Traffic Signal,champaign,2012,0,3,2106,POINT (-88.2452499463172 40.1271985795873),POINT,-88.2452499463172,40.1271985795873,-0.0024812359313893186,-0.0068185891326777584
A-Injury,animal,Clear,Darkness,Dry,Lane Use Marking,unincorporated,2012,0,2,2107,POINT (-88.3177360519197 40.3109750274686),POINT,-88.3177360519197,40.3109750274686,-0.0016569318544437158,-0.0022103381938717924
A-Injury,overturned,Clear,Daylight,Dry,No Controls,urbana,2012,0,1,2108,POINT (-88.1813308083038 40.0838400002161),POINT,-88.1813308083038,40.0838400002161,-0.003208117388481764,-0.007905818842448214
A-Injury,overturned,Clear,Darkness,Dry,No Controls,unincorporated,2003,0,1,8,POINT (-88.160576264871 39.8981260605955),POINT,-88.160576264871,39.8981260605955,-0.0034441357898650775,-0.012562652982363365
A-Injury,overturned,Rain,Darkness,Wet,Lane Use Marking,unincorporated,2012,0,1,2110,POINT (-88.3029093271565 39.931078906697),POINT,-88.3029093271565,39.931078906697,-0.0018255397492735997,-0.011736350233919475
A-Injury,turning,Clear,Daylight,Dry,No Controls,rantoul,2012,0,1,2111,POINT (-88.143409006508 40.3120585005235),POINT,-88.143409006508,40.3120585005235,-0.0036393599771900875,-0.0021831697738703953
A-Injury,angle,Clear,Daylight,Dry,Traffic Signal,champaign,2012,0,5,2112,POINT (-88.2451493483884 40.1125899938285),POINT,-88.2451493483884,40.1125899938285,-0.0024823799200497437,-0.0071849039124753395
A-Injury,fixed object,Clear,Daylight,Dry,No Controls,champaign,2012,0,1,2113,POINT (-88.2610098727386 40.0871917660794),POINT,-88.2610098727386,40.0871917660794,-0.002302015769214234,-0.007821772282814048
A-Injury,angle,Clear,Daylight,Dry,Traffic Signal,champaign,2012,0,2,2114,POINT (-88.2768400011841 40.1184300004047),POINT,-88.2768400011841,40.1184300004047,-0.0021219972772875567,-0.007038463951872827
A-Injury,rear end,Clear,Daylight,Dry,Lane Use Marking,unincorporated,2012,0,2,2115,POINT (-88.2693873269421 39.9407652004045),POINT,-88.2693873269421,39.9407652004045,-0.002206748274885909,-0.011493463440830793
A-Injury,angle,Clear,Daylight,Dry,Stop Sign/Flasher,champaign,2012,0,4,2116,POINT (-88.2506100387929 40.142039902172),POINT,-88.2506100387929,40.142039902172,-0.002420281545113514,-0.006446438405408048
A-Injury,pedalcyclist,Clear,Daylight,Dry,Stop Sign/Flasher,urbana,2012,0,2,2117,POINT (-88.2159897681505 40.1074605183598),POINT,-88.2159897681505,40.107460518359794,-0.0028139794820946154,-0.00731352708708102
A-Injury,animal,Clear,Darkness,Dry,Lane Use Marking,champaign,2012,0,1,2118,POINT (-88.2917871170212 40.1527799303547),POINT,-88.2917871170212,40.152779930354704,-0.0019520203083127157,-0.00617712889634784
A-Injury,angle,Clear,Daylight,Dry,Stop Sign/Flasher,champaign,2012,0,1,2119,POINT (-88.2672202300809 40.1102399944111),POINT,-88.2672202300809,40.1102399944111,-0.0022313922637300513,-0.007243830870452076
A-Injury,overturned,Clear,Daylight,Dry,Lane Use Marking,unincorporated,2012,0,1,2120,POINT (-88.096784676768 40.1207841270295),POINT,-88.096784676768,40.1207841270295,-0.0041695667633057255,-0.006979433502901381
A-Injury,turning,Clear,Daylight,Dry,Stop Sign/Flasher,champaign,2012,0,1,2121,POINT (-88.2954199900384 40.1093509205495),POINT,-88.2954199900384,40.1093509205495,-0.001910707673095115,-0.007266124670907038
A-Injury,turning,Clear,Daylight,Dry,Stop Sign/Flasher,unincorporated,2012,0,1,2122,POINT (-88.2583200017278 40.0102999992761),POINT,-88.2583200017278,40.0102999992761,-0.002332604688597222,-0.009749856978338358
A-Injury,other non-collision,Clear,Daylight,Dry,No Controls,unincorporated,2012,0,1,2124,POINT (-88.3559703659546 40.2378201455048),POINT,-88.3559703659546,40.2378201455048,-0.0012221354106807048,-0.004044719353016145
A-Injury,fixed object,Clear,Daylight,Dry,Stop Sign/Flasher,champaign,2012,0,1,2126,POINT (-88.2897798918926 40.1024499980935),POINT,-88.2897798918926,40.1024499980935,-0.0019748462532728816,-0.007439167423409532