crash_severity,collision_type,weather,light,road_surface,traffic_control,city,year,fatality,injury,id,Geometry,point,x,y,norm_x,norm_y
A-Injury,fixed object,Rain,Daylight,Wet,Lane Use Marking,unincorporated,2012,0,1,2127,POINT (-88.0959793591756 40.1133500452936),POINT,-88.0959793591756,40.1133500452936,-0.004178724747020389,-0.007165845388284843
A-Injury,angle,Rain,Daylight,Wet,Stop Sign/Flasher,unincorporated,2012,0,1,2128,POINT (-88.1617700012418 40.054829999342),POINT,-88.1617700012418,40.054829999342,-0.0034305607502202124,-0.008633253534456134
A-Injury,turning,Rain,Darkness,Wet,Traffic Signal,urbana,2012,0,1,2129,POINT (-88.2193200014475 40.1105700336007),POINT,-88.2193200014475,40.1105700336007,-0.002776108432724732,-0.007235555036291351
A-Injury,turning,Clear,Dusk,Dry,Traffic signal,urbana,2000,0,2,315,POINT (-88.2193700773236 40.1164391840334),POINT,-88.2193700773236,40.116439184033396,-0.0027755389753303028,-0.007088384284525996
A-Injury,overturned,Clear,Darkness,Dry,Lane Use Marking,unincorporated,2000,0,2,316,POINT (-88.3351743894246 40.1133204422571),POINT,-88.3351743894246,40.113320442257105,-0.001458624984720711,-0.007166587693527394
A-Injury,fixed object,Clear,Daylight,Dry,Lane Use Marking,champaign,2012,0,2,2130,POINT (-88.2750035175267 40.1397430871578),POINT,-88.2750035175267,40.1397430871578,-0.0021428815688832445,-0.006504031748121417
A-Injury,rear end,Clear,Daylight,Dry,Lane Use Marking,champaign,2012,0,1,2131,POINT (-88.2437782427018 40.1029007735544),POINT,-88.2437782427018,40.102900773554396,-0.0024979719841838944,-0.007427864090121604
A-Injury,angle,Clear,Daylight,Dry,No Controls,champaign,2012,0,1,2132,POINT (-88.2771265071881 40.1128500012218),POINT,-88.2771265071881,40.112850001221794,-0.0021187391622984083,-0.007178384147140572
A-Injury,overturned,Clear,"Darkness, lighted road",Dry,Traffic Signal,champaign,2012,0,6,2133,POINT (-88.2576300010738 40.0981499995376),POINT,-88.2576300010738,40.098149999537604,-0.002340451300681718,-0.0075469912093761625
A-Injury,angle,Clear,Daylight,Dry,Stop Sign/Flasher,st joseph,2012,0,2,2134,POINT (-88.0190800020619 40.116869999459),POINT,-88.0190800020619,40.116869999459,-0.005053215838194983,-0.007077581455260484
A-Injury,turning,Clear,Daylight,Dry,Traffic Signal,urbana,2012,0,1,2135,POINT (-88.1852500011845 40.0838299991712),POINT,-88.1852500011845,40.08382999917121,-0.0031635487550444167,-0.00790606962172403
A-Injury,fixed object,Clear,Daylight,Dry,No Controls,champaign,2012,0,1,2136,POINT (-88.2639251696618 40.0896641517489),POINT,-88.2639251696618,40.0896641517489,-0.0022688633309733966,-0.00775977645193414
A-Injury,angle,Clear,Daylight,Dry,Stop Sign/Flasher,urbana,2012,0,4,2137,POINT (-88.2095900007374 40.0982999997295),POINT,-88.2095900007374,40.0982999997295,-0.0028867569382189646,-0.007543229908441868
A-Injury,fixed object,Rain,Darkness,Wet,No Controls,pesotum,2012,0,1,2138,POINT (-88.2744170429481 39.9153300000167),POINT,-88.2744170429481,39.9153300000167,-0.0021495508937441165,-0.01213125891145328
A-Injury,pedestrian,Clear,"Darkness, lighted road",Dry,No Controls,champaign,2012,0,1,2139,POINT (-88.2467002287022 40.1221500013215),POINT,-88.2467002287022,40.1221500013215,-0.002464743478487674,-0.006945183785046028
A-Injury,angle,Clear,Daylight,Dry,No Controls,unincorporated,2012,0,1,2140,POINT (-88.1557603862353 40.3705700005685),POINT,-88.1557603862353,40.3705700005685,-0.003498901435784166,-0.0007159759189348936
A-Injury,rear end,Clear,Daylight,Dry,No Controls,champaign,2012,0,2,2141,POINT (-88.2371000005052 40.1163500183282),POINT,-88.2371000005052,40.116350018328205,-0.002573916225135058,-0.00709062014200062
A-Injury,fixed object,Clear,Dawn,Dry,Stop Sign/Flasher,unincorporated,2012,0,1,2142,POINT (-88.2155569575027 40.3410418425804),POINT,-88.2155569575027,40.3410418425804,-0.0028189013575155232,-0.0014564035599008611
A-Injury,turning,Clear,Daylight,Dry,Traffic Signal,urbana,2012,0,1,2143,POINT (-88.2195500417766 40.1341517050068),POINT,-88.2195500417766,40.13415170500679,-0.002773492439224142,-0.0066442373748142654
A-Injury,turning,Clear,Daylight,Dry,Traffic Signal,unincorporated,2012,0,2,2144,POINT (-88.2188500018811 40.083520000012),POINT,-88.2188500018811,40.083520000012,-0.0027814532164668095,-0.007913842945960689
A-Injury,fixed object,Clear,Darkness,Dry,Lane Use Marking,unincorporated,2012,0,1,2145,POINT (-88.3033000080743 39.9398307394681),POINT,-88.3033000080743,39.9398307394681,-0.0018210969685413005,-0.011516895336142105
A-Injury,pedalcyclist,Clear,Daylight,Dry,Stop Sign/Flasher,urbana,2012,0,1,2146,POINT (-88.217379542788 40.116450000784),POINT,-88.217379542788,40.116450000784,-0.002798175116689595,-0.007088113051178661
A-Injury,pedalcyclist,Clear,Daylight,Dry,Traffic Signal,urbana,2012,0,1,2147,POINT (-88.2193802116011 40.1128301566526),POINT,-88.2193802116011,40.112830156652606,-0.002775423729433275,-0.0071788817558148315
A-Injury,other non-collision,Clear,Daylight,Dry,No Controls,urbana,2012,0,1,2148,POINT (-88.1963875020371 40.1323691660964),POINT,-88.1963875020371,40.132369166096396,-0.0030368943116380097,-0.00668893508609337
A-Injury,turning,Clear,Daylight,Dry,No Controls,champaign,2012,0,1,2149,POINT (-88.2899595820635 40.0838699940488),POINT,-88.2899595820635,40.0838699940488,-0.001972802836272659,-0.007905066737870722
A-Injury,angle,Clear,Daylight,Dry,Stop Sign/Flasher,unincorporated,2012,0,1,2150,POINT (-88.0476489718884 40.0909497431248),POINT,-88.0476489718884,40.090949743124796,-0.004728332633249882,-0.0077275398528856894
A-Injury,turning,Clear,Daylight,Dry,Traffic Signal,champaign,2012,0,1,2151,POINT (-88.2468110650873 40.1126099992048),POINT,-88.2468110650873,40.1126099992048,-0.0024634830592203372,-0.0071844022715133096
A-Injury,fixed object,Clear,Darkness,Dry,No Controls,unincorporated,2012,0,1,2152,POINT (-87.9608000015815 40.2127547707006),POINT,-87.9608000015815,40.212754770700606,-0.0057159696390934565,-0.0046732413334145805
A-Injury,angle,Clear,Daylight,Dry,Stop Sign/Flasher,champaign,2012,0,1,2153,POINT (-88.257909994655 40.1221694134857),POINT,-88.257909994655,40.1221694134857,-0.002337267244253615,-0.006944697019059806
A-Injury,pedestrian,Other,Dusk,Dry,No Controls,rantoul,2011,0,1,1978,POINT (-88.1412232019493 40.3215817900836),POINT,-88.1412232019493,40.321581790083606,-0.0036642167079271085,-0.0019443703598985328
A-Injury,overturned,Clear,Daylight,Dry,Lane Use Marking,unincorporated,2012,0,1,2154,POINT (-88.2893469971713 40.1415633822925),POINT,-88.2893469971713,40.1415633822925,-0.0019797690847685127,-0.0064583872879083615
A-Injury,overturned,Clear,"Darkness, lighted road",Dry,Stop Sign/Flasher,thomasboro,2012,0,1,2155,POINT (-88.1838252153072 40.2436435490911),POINT,-88.1838252153072,40.243643549091104,-0.0031797512644450095,-0.0038986957174903906
A-Injury,head on,Clear,Daylight,Dry,No Controls,champaign,2012,0,2,2156,POINT (-88.2604996959573 40.1272025670961),POINT,-88.2604996959573,40.1272025670961,-0.0023078174438565234,-0.006818489144668561
A-Injury,head on,Clear,Daylight,Dry,No Controls,champaign,2012,0,2,2157,POINT (-88.277228052899 40.1390906799493),POINT,-88.277228052899,40.1390906799493,-0.0021175843955634674,-0.006520391059478817
A-Injury,fixed object,Clear,Darkness,Other,No Controls,unincorporated,2012,0,2,2158,POINT (-88.2741386928373 39.8933548322256),POINT,-88.2741386928373,39.8933548322256,-0.0021527162608064934,-0.012682293000811593
A-Injury,fixed object,Clear,Daylight,Dry,Lane Use Marking,unincorporated,2012,0,1,2159,POINT (-88.3038000025115 40.0177020051916),POINT,-88.3038000025115,40.0177020051916,-0.0018154110864042818,-0.0095642494040142
A-Injury,parked motor vehicle,Clear,Daylight,Dry,No Controls,urbana,2012,0,1,2160,POINT (-88.2072819223618 40.106666389378),POINT,-88.2072819223618,40.106666389378,-0.002913004153448808,-0.007333440115480902
A-Injury,rear end,Clear,Daylight,Dry,Lane Use Marking,unincorporated,2012,0,2,2161,POINT (-88.0074443575596 40.1200037848202),POINT,-88.0074443575596,40.120003784820206,-0.005185535116785095,-0.006999000823741656
A-Injury,rear end,Clear,Daylight,Dry,No Controls,urbana,2012,0,1,2162,POINT (-88.206349853941 40.1124792747962),POINT,-88.206349853941,40.11247927479621,-0.002923603533742003,-0.007187680226254327
A-Injury,turning,Clear,Daylight,Dry,Stop Sign/Flasher,champaign,2012,0,1,2163,POINT (-88.3139304371747 40.0695500021084),POINT,-88.3139304371747,40.0695500021084,-0.0017002088897252507,-0.008264144938934062
A-Injury,pedestrian,Clear,Daylight,Dry,No Controls,champaign,2012,0,1,2164,POINT (-88.2611211617437 40.1490807114509),POINT,-88.2611211617437,40.1490807114509,-0.0023007502028016846,-0.0062698879478086484
A-Injury,other non-collision,Rain,Daylight,Wet,Lane Use Marking,urbana,2012,0,1,2165,POINT (-88.2245223934122 40.1350497080589),POINT,-88.2245223934122,40.135049708058894,-0.002716947399438033,-0.006621719672161942
A-Injury,pedestrian,Clear,Darkness,Dry,No Controls,champaign,2012,0,1,2166,POINT (-88.2759080652741 40.1293906950236),POINT,-88.2759080652741,40.1293906950236,-0.0021325951506825,-0.006763621164073688
A-Injury,pedalcyclist,Clear,"Darkness, lighted road",Dry,Stop Sign/Flasher,champaign,2012,0,1,2167,POINT (-88.2320912295816 40.1144300513611),POINT,-88.2320912295816,40.114430051361104,-0.0026308754210870085,-0.007138763904058393
A-Injury,pedalcyclist,Clear,Daylight,Dry,Stop Sign/Flasher,unincorporated,2012,0,1,2168,POINT (-88.1691432365479 40.142120119277),POINT,-88.1691432365479,40.142120119277,-0.0033467131235258,-0.006444426936834727
A-Injury,fixed object,Clear,Daylight,Dry,Lane Use Marking,ogden,2012,0,3,2169,POINT (-87.9500678715215 40.1200944189771),POINT,-87.9500678715215,40.120094418977104,-0.0058380142501157015,-0.006996728144388956
A-Injury,fixed object,Clear,Daylight,Dry,Stop Sign/Flasher,urbana,2012,0,1,2170,POINT (-88.2117800023907 40.1107101262803),POINT,-88.2117800023907,40.110710126280296,-0.002861852478580535,-0.007232042169274382
A-Injury,overturned,Clear,Daylight,Dry,No Controls,urbana,2012,0,1,2171,POINT (-88.2112831596442 40.1164975734193),POINT,-88.2112831596442,40.1164975734193,-0.0028675025200351947,-0.007086920152720648
A-Injury,fixed object,Clear,Daylight,Dry,Lane Use Marking,unincorporated,2012,0,1,2172,POINT (-88.1820900012885 40.18928999946),POINT,-88.1820900012885,40.189289999459994,-0.0031994839287686635,-0.005261627687297406
A-Injury,pedestrian,Clear,Daylight,Dry,Stop Sign/Flasher,champaign,2012,0,1,2173,POINT (-88.2386306632774 40.1026998943827),POINT,-88.2386306632774,40.1026998943827,-0.0025565096952480516,-0.007432901197118795
A-Injury,pedestrian,Clear,Daylight,Wet,No Controls,champaign,2013,0,1,2175,POINT (-88.2763309331188 40.0982563461419),POINT,-88.2763309331188,40.098256346141895,-0.0021277863437325034,-0.007544324535573771
A-Injury,pedalcyclist,Clear,Daylight,Dry,Stop Sign/Flasher,champaign,2013,0,1,2176,POINT (-88.238521640447 40.096671779313),POINT,-88.238521640447,40.096671779313,-0.0025577494909693496,-0.007584058036036123
A-Injury,turning,Clear,Daylight,Dry,No Controls,unincorporated,2013,0,1,2177,POINT (-88.3652746019807 40.1912557656537),POINT,-88.3652746019807,40.1912557656537,-0.0011163286546765337,-0.005212335495550019
A-Injury,pedestrian,Rain,Darkness,Wet,Traffic Signal,champaign,2013,0,1,2178,POINT (-88.2426396190591 40.1163709565319),POINT,-88.2426396190591,40.116370956531895,-0.002510920287903258,-0.007090095110104946
A-Injury,rear end,Clear,"Darkness, lighted road",Dry,No Controls,champaign,2013,0,1,2179,POINT (-88.2575800102053 40.0927212108885),POINT,-88.2575800102053,40.0927212108885,-0.002341019791379013,-0.007683119754014142
A-Injury,rear end,Clear,Daylight,Dry,Traffic Signal,urbana,2013,0,1,2180,POINT (-88.1627401868075 40.1105100007466),POINT,-88.1627401868075,40.1105100007466,-0.0034195279059179014,-0.007237060378567036
A-Injury,angle,Clear,Daylight,Wet,Stop Sign/Flasher,urbana,2013,0,2,2181,POINT (-88.2177795668624 40.1128399879684),POINT,-88.2177795668624,40.1128399879684,-0.0027936260866007106,-0.007178635232548346
A-Injury,angle,Snow,Darkness,Snow or Slush,Lane Use Marking,unincorporated,2013,0,1,2182,POINT (-88.3938013450915 40.2222489832755),POINT,-88.3938013450915,40.2222489832755,-0.0007919256473310057,-0.004435171033787651
A-Injury,overturned,Clear,Darkness,Dry,No Controls,unincorporated,2013,0,1,2183,POINT (-88.271370202844 40.3552299985064),POINT,-88.271370202844,40.355229998506395,-0.002184199226672746,-0.00110063118743607
A-Injury,turning,Rain,Darkness,Wet,No Controls,champaign,2013,0,1,2184,POINT (-88.2765629572846 40.1025050412581),POINT,-88.2765629572846,40.1025050412581,-0.002125147790257646,-0.007437787199132323
A-Injury,overturned,Clear,Darkness,Dry,Lane Use Marking,champaign,2013,0,1,2185,POINT (-88.2941165027258 40.1547701736405),POINT,-88.2941165027258,40.1547701736405,-0.001925530788464469,-0.006127222933989997
A-Injury,fixed object,Clear,Daylight,Dry,No Controls,unincorporated,2013,0,1,2186,POINT (-87.9483610684587 40.254779992544),POINT,-87.9483610684587,40.254779992543995,-0.005857423828151618,-0.0036194459736391496
A-Injury,angle,Clear,"Darkness, lighted road",Dry,Traffic Signal,champaign,2013,0,2,2187,POINT (-88.2434700011558 40.1102200002922),POINT,-88.2434700011558,40.1102200002922,-0.00250147727338291,-0.0072443322291313745
A-Injury,overturned,Clear,Daylight,Dry,Stop Sign/Flasher,champaign,2013,0,1,2188,POINT (-88.2626899885647 40.1254189690764),POINT,-88.2626899885647,40.1254189690764,-0.002282909675519621,-0.006863213413439062
A-Injury,head on,Snow,Daylight,Wet,No Controls,savoy,2013,0,1,2189,POINT (-88.2513877614568 40.054691023116),POINT,-88.2513877614568,40.054691023116,-0.002411437367912167,-0.008636738406055887
A-Injury,fixed object,Clear,Darkness,Wet,No Controls,champaign,2013,0,2,2190,POINT (-88.2586175946321 40.1221760269357),POINT,-88.2586175946321,40.122176026935705,-0.0023292204945886148,-0.006944531184767417
A-Injury,pedestrian,Rain,"Darkness, lighted road",Wet,Traffic Signal,champaign,2013,0,1,2191,POINT (-88.2420810256713 40.117780249258),POINT,-88.2420810256713,40.117780249258,-0.0025172725509072895,-0.007054756661664014
A-Injury,fixed object,Clear,Daylight,Ice,No Controls,unincorporated,2013,0,1,2192,POINT (-88.2701344273521 40.2458809907403),POINT,-88.2701344273521,40.2458809907403,-0.002198252330611624,-0.0038425911801610157
A-Injury,turning,Clear,"Darkness, lighted road",Dry,Traffic Signal,champaign,2013,0,1,2193,POINT (-88.2438100007773 40.1027699994551),POINT,-88.2438100007773,40.102769999455106,-0.002497610834817411,-0.007431143290872147
A-Injury,head on,Clear,Daylight,Dry,Lane Use Marking,unincorporated,2013,0,2,2194,POINT (-88.2577963763781 40.3114039619001),POINT,-88.2577963763781,40.3114039619001,-0.002338559298890635,-0.0021995825311118466
A-Injury,fixed object,Clear,Daylight,Dry,No Controls,urbana,2013,0,1,2195,POINT (-88.1909407981884 40.141559245734),POINT,-88.1909407981884,40.141559245734,-0.0030988336329891095,-0.00645849101338472
A-Injury,pedestrian,Clear,Daylight,Dry,No Controls,urbana,2013,0,1,2196,POINT (-88.2094589963622 40.1045189611262),POINT,-88.2094589963622,40.1045189611262,-0.002888246705667252,-0.007387287539192931
A-Injury,angle,Clear,Daylight,Dry,Stop Sign/Flasher,champaign,2013,0,2,2197,POINT (-88.2626000002923 40.118299999623),POINT,-88.2626000002923,40.118299999623,-0.0022839330123261147,-0.007041723761447075
A-Injury,rear end,Clear,Daylight,Dry,Traffic Signal,champaign,2013,0,2,2198,POINT (-88.2438096165573 40.102771581442),POINT,-88.2438096165573,40.102771581442,-0.0024976152041253094,-0.007431103622064358
A-Injury,head on,Clear,Darkness,Wet,No Controls,unincorporated,2013,0,3,2199,POINT (-88.0468602227795 40.1228963087168),POINT,-88.0468602227795,40.1228963087168,-0.004737302201979705,-0.0069264698976319395
A-Injury,pedestrian,Clear,Daylight,Snow or Slush,Lane Use Marking,unincorporated,2013,0,1,2200,POINT (-88.138874016939 40.3803089178262),POINT,-88.138874016939,40.380308917826206,-0.0036909313833176083,-0.00047176957414381434
A-Injury,overturned,Clear,Darkness,Dry,Lane Use Marking,unincorporated,2013,0,2,2201,POINT (-88.3035454949206 40.0553805734451),POINT,-88.3035454949206,40.0553805734451,-0.0018183053189340201,-0.00861944771952854
A-Injury,angle,Rain,Daylight,Wet,Lane Use Marking,champaign,2013,0,1,2202,POINT (-88.2832605389362 40.1457704685517),POINT,-88.2832605389362,40.1457704685517,-0.0020489836231361285,-0.006352893306350302
A-Injury,pedestrian,Clear,Darkness,Dry,No Controls,champaign,2013,0,1,2203,POINT (-88.2754900015208 40.1100463883892),POINT,-88.2754900015208,40.1100463883892,-0.0021373493260296913,-0.007248685600981888
A-Injury,head on,Snow,Daylight,Snow or Slush,Lane Use Marking,unincorporated,2013,0,1,2204,POINT (-88.0868510380849 40.1133200003915),POINT,-88.0868510380849,40.113320000391504,-0.004282531017590307,-0.007166598773443228
A-Injury,rear end,Clear,Daylight,Wet,Lane Use Marking,champaign,2013,0,2,2206,POINT (-88.2828360612171 40.1454141024903),POINT,-88.2828360612171,40.1454141024903,-0.0020538107374020232,-0.006361829294916594
A-Injury,fixed object,Clear,Darkness,Dry,No Controls,unincorporated,2013,0,2,2207,POINT (-88.2936310882822 39.9376937341266),POINT,-88.2936310882822,39.937693734126604,-0.0019310508685066222,-0.011570481402173486
A-Injury,overturned,Clear,Daylight,Dry,Lane Use Marking,unincorporated,2013,0,8,2208,POINT (-88.3029495180258 39.9358094481895),POINT,-88.3029495180258,39.9358094481895,-0.001825082703097039,-0.011617730451432712
A-Injury,fixed object,Clear,Daylight,Ice,No Controls,unincorporated,2013,0,2,2209,POINT (-88.3245614999588 40.1861742620417),POINT,-88.3245614999588,40.1861742620417,-0.001579313604727395,-0.005339755761098171
A-Injury,head on,Fog/Smoke/Haze,Daylight,Dry,Lane Use Marking,unincorporated,2013,0,2,2210,POINT (-88.161028638605 39.9370861268673),POINT,-88.161028638605,39.9370861268673,-0.003438991445164183,-0.011585717341029615
A-Injury,angle,Clear,Daylight,Dry,Traffic Signal,unincorporated,2013,0,2,2211,POINT (-88.2954499999422 40.1130399994474),POINT,-88.2954499999422,40.113039999447395,-0.0019103664037462696,-0.007173619883212362
A-Injury,turning,Clear,Daylight,Dry,No Controls,unincorporated,2013,0,1,2212,POINT (-88.4634240906104 40.196574410472),POINT,-88.4634240906104,40.196574410472,-1.8338855803061144e-07,-0.0050789688413368
A-Injury,turning,Clear,Darkness,Dry,No Controls,champaign,2013,0,2,2213,POINT (-88.3141600010922 40.0897199991791),POINT,-88.3141600010922,40.0897199991791,-0.0016975983139253476,-0.007758376060449625
A-Injury,animal,Clear,Darkness,Dry,Lane Use Marking,st joseph,2013,0,1,2214,POINT (-88.0579073120957 40.1203892632697),POINT,-88.0579073120957,40.1203892632697,-0.004611675908691755,-0.006989334833092402
A-Injury,rear end,Clear,Daylight,Dry,Other Warning Sign,unincorporated,2013,0,2,2215,POINT (-88.3497700015587 40.0257799996951),POINT,-88.3497700015587,40.025779999695104,-0.0012926452774698533,-0.009361691207990758
A-Injury,fixed object,Clear,Daylight,Dry,No Controls,unincorporated,2013,0,1,2216,POINT (-88.3148149983509 40.1415406825276),POINT,-88.3148149983509,40.1415406825276,-0.001690149756629564,-0.006458956491493154
A-Injury,sideswipe same direction,Clear,Daylight,Dry,Lane Use Marking,urbana,2013,0,3,2218,POINT (-88.18781958071 40.1467790018269),POINT,-88.18781958071,40.1467790018269,-0.0031343277772956568,-0.006327604024367633
A-Injury,angle,Snow,Daylight,Ice,No Controls,champaign,2013,0,3,2219,POINT (-88.2954999993238 40.1200300009197),POINT,-88.2954999993238,40.120030000919705,-0.001909797816239118,-0.0069983434469857
A-Injury,angle,Rain,Daylight,Wet,Traffic signal,champaign,2000,0,2,314,POINT (-88.246877418792 40.0835447688794),POINT,-88.246877418792,40.0835447688794,-0.0024627284921368,-0.007913221858994672
A-Injury,rear end,Clear,Daylight,Dry,Traffic Signal,urbana,2013,0,2,2220,POINT (-88.2240206952321 40.1163999997419),POINT,-88.2240206952321,40.116399999741894,-0.0027226526563533674,-0.007089366842683927
A-Injury,overturned,Clear,Daylight,Dry,Lane Use Marking,unincorporated,2013,0,6,2221,POINT (-88.3040865241609 40.0142048686017),POINT,-88.3040865241609,40.0142048686017,-0.0018121527934973779,-0.009651941179316913
A-Injury,angle,Clear,Darkness,Dry,No Controls,champaign,2013,0,1,2222,POINT (-88.2765440838291 40.1004046447706),POINT,-88.2765440838291,40.100404644770606,-0.002125362417132513,-0.007490455286892961
A-Injury,overturned,Clear,Darkness,Dry,No Controls,unincorporated,2013,0,2,2223,POINT (-88.0595212734892 40.2981922295809),POINT,-88.0595212734892,40.2981922295809,-0.0045933221159801885,-0.0025308707814023653
A-Injury,angle,Rain,Daylight,Wet,Stop Sign/Flasher,urbana,2013,0,1,2225,POINT (-88.2206897782963 40.1145199976497),POINT,-88.2206897782963,40.1145199976497,-0.0027605314799888925,-0.007136508473214849
A-Injury,fixed object,Clear,Daylight,Other,No Controls,unincorporated,2013,0,1,2226,POINT (-88.3113431704322 39.9372811129501),POINT,-88.3113431704322,39.9372811129501,-0.001729631004574288,-0.01158082800504836
A-Injury,turning,Clear,Daylight,Dry,Traffic Signal,urbana,2013,0,4,2227,POINT (-88.1925562039257 40.1390911243158),POINT,-88.1925562039257,40.1390911243158,-0.003080463415357479,-0.0065203799168522154
A-Injury,pedalcyclist,Clear,Daylight,Dry,No Controls,urbana,2013,0,1,2228,POINT (-88.2050401690877 40.1140673380323),POINT,-88.2050401690877,40.1140673380323,-0.0029384971268675386,-0.007147859052306454
A-Injury,fixed object,Severe cross wind,Daylight,Ice,Lane Use Marking,mahomet,2000,0,1,317,POINT (-88.3937934838254 40.1965526191713),POINT,-88.3937934838254,40.19655261917129,-0.0007920150447905755,-0.005079515264902578
A-Injury,rear end,Clear,Darkness,Dry,No Controls,unincorporated,2013,0,2,2229,POINT (-88.3469009473587 40.338624949115),POINT,-88.3469009473587,40.338624949115,-0.001325271848512303,-0.0015170079067000973
A-Injury,angle,Clear,Dusk,Dry,Stop Sign/Flasher,unincorporated,2013,0,4,2230,POINT (-88.0476500001796 40.0909499995839),POINT,-88.0476500001796,40.0909499995839,-0.004728320939634715,-0.0077275334220948295
A-Injury,fixed object,Rain,Darkness,Wet,No Controls,unincorporated,2013,0,1,2231,POINT (-88.2542054095569 40.1710091400247),POINT,-88.2542054095569,40.17100914002471,-0.0023793953814237245,-0.005720025858695571
A-Injury,pedestrian,Clear,Daylight,Dry,No Controls,champaign,2013,0,1,2232,POINT (-88.2574098269763 40.0981499995507),POINT,-88.2574098269763,40.09814999955071,-0.0023429550964740855,-0.0075469912090476154
A-Injury,turning,Clear,Daylight,Dry,Traffic Signal,champaign,2013,0,2,2233,POINT (-88.295030050438 40.0693930934051),POINT,-88.295030050438,40.069393093405104,-0.0019151420236468133,-0.008268079472916015
A-Injury,pedestrian,Clear,Daylight,Dry,Traffic Signal,champaign,2013,0,1,2234,POINT (-88.2304004486867 40.1091401141153),POINT,-88.2304004486867,40.1091401141153,-0.0026501027967793145,-0.007271410707064151
A-Injury,turning,Clear,Daylight,Dry,No Controls,unincorporated,2013,0,2,2235,POINT (-88.2171435430012 39.9084418685478),POINT,-88.2171435430012,39.9084418685478,-0.0028008588804922844,-0.012303980926021234
A-Injury,fixed object,Rain,"Darkness, lighted road",Wet,No Controls,champaign,2013,0,3,2236,POINT (-88.2438844743649 40.1391118419886),POINT,-88.2438844743649,40.1391118419886,-0.002496763929312206,-0.006519860414836318
A-Injury,angle,Clear,Darkness,Dry,Stop Sign/Flasher,unincorporated,2013,0,2,2237,POINT (-88.3135399925517 40.0254692682021),POINT,-88.3135399925517,40.0254692682021,-0.0017046489833389428,-0.009369482895722517
A-Injury,turning,Clear,Daylight,Dry,Traffic Signal,urbana,2013,0,3,2238,POINT (-88.219377527547 40.1164300246271),POINT,-88.219377527547,40.11643002462711,-0.002775454252203493,-0.007088613959455067
A-Injury,overturned,Clear,Daylight,Dry,No Controls,unincorporated,2013,0,1,2239,POINT (-88.2714600020635 40.3698299998215),POINT,-88.2714600020635,40.3698299998215,-0.00218317803975516,-0.0007345316652037922
A-Injury,turning,Clear,Daylight,Dry,Stop Sign/Flasher,champaign,2013,0,1,2240,POINT (-88.2579051127785 40.12022999981),POINT,-88.2579051127785,40.12022999981,-0.002337322760419953,-0.006993328413315235
A-Injury,overturned,Clear,Darkness,Dry,No Controls,unincorporated,2013,0,1,2241,POINT (-88.432085626201 40.2249560239966),POINT,-88.432085626201,40.224956023996604,-0.00035656098345251605,-0.004367291155336207
A-Injury,angle,Clear,Daylight,Dry,Stop Sign/Flasher,champaign,2013,0,1,2242,POINT (-88.2542800017404 40.1162705824443),POINT,-88.2542800017404,40.116270582444294,-0.002378547127258985,-0.007092612021214908
A-Injury,rear end,Clear,Daylight,Dry,Lane Use Marking,unincorporated,2013,0,1,2243,POINT (-88.2954499999422 40.1130399994474),POINT,-88.2954499999422,40.113039999447395,-0.0019103664037462696,-0.007173619883212362
A-Injury,fixed object,Snow,"Darkness, lighted road",Ice,Lane Use Marking,champaign,2013,0,1,2244,POINT (-88.2380743620285 40.1347795350735),POINT,-88.2380743620285,40.1347795350735,-0.0025628358922988085,-0.006628494342844402
A-Injury,rear end,Fog/Smoke/Haze,Daylight,Wet,Lane Use Marking,unincorporated,2013,0,2,2245,POINT (-88.3031420597194 39.9539552677261),POINT,-88.3031420597194,39.9539552677261,-0.001822893139984171,-0.011162718447016638
A-Injury,turning,Clear,Daylight,Dry,No Controls,champaign,2013,0,2,2247,POINT (-88.2767246966819 40.1119099303995),POINT,-88.2767246966819,40.1119099303995,-0.0021233085074945797,-0.007201956712065679
A-Injury,angle,Clear,Dusk,Dry,Stop Sign/Flasher,unincorporated,2013,0,3,2248,POINT (-88.1436307020689 40.1133599980485),POINT,-88.1436307020689,40.1133599980485,-0.003636838879482052,-0.0071655958198953915
A-Injury,sideswipe same direction,Clear,Daylight,Dry,No Controls,champaign,2013,0,1,2249,POINT (-88.2436357790764 40.1310954330016),POINT,-88.2436357790764,40.1310954330016,-0.002499592064973902,-0.006720874335097055
A-Injury,sideswipe opposite direction,Clear,Daylight,Dry,No Controls,unincorporated,2013,0,1,2250,POINT (-88.1886899274259 40.010829884184),POINT,-88.1886899274259,40.010829884184,-0.0031244302894901112,-0.009736569951342066
A-Injury,overturned,Clear,Daylight,Other,No Controls,unincorporated,2013,0,2,2251,POINT (-88.1421397970693 39.9688800661664),POINT,-88.1421397970693,39.9688800661664,-0.00365379328832073,-0.01078847453700041
A-Injury,angle,Fog/Smoke/Haze,Daylight,Wet,Stop Sign/Flasher,thomasboro,2013,0,3,2252,POINT (-88.1832001142336 40.2388040812254),POINT,-88.1832001142336,40.2388040812254,-0.003186859845588729,-0.0040200468622782135