crash_severity,collision_type,weather,light,road_surface,traffic_control,city,year,fatality,injury,id,Geometry,point,x,y,norm_x,norm_y
A-Injury,animal,Clear,Daylight,Dry,No Controls,unincorporated,2013,0,1,2253,POINT (-88.3466030289605 40.2748410729478),POINT,-88.3466030289605,40.2748410729478,-0.0013286597440019976,-0.003116408214067187
A-Injury,overturned,Rain,Daylight,Wet,Traffic Signal,champaign,2013,0,1,2254,POINT (-88.2769800485237 40.1486919249991),POINT,-88.2769800485237,40.148691924999106,-0.0021204046742357404,-0.006279636887632699
A-Injury,fixed object,Snow,Daylight,Snow or Slush,Lane Use Marking,st joseph,2013,0,2,2255,POINT (-88.0423765132525 40.120239478295),POINT,-88.0423765132525,40.120239478295005,-0.004788290457069712,-0.006993090737389263
A-Injury,head on,Clear,Daylight,Dry,No Controls,tolono,2013,0,4,2257,POINT (-88.2557773977502 39.985988517698),POINT,-88.2557773977502,39.985988517698004,-0.0023615189033612096,-0.010359474854282857
A-Injury,fixed object,Clear,Darkness,Dry,No Controls,unincorporated,2013,0,1,2258,POINT (-88.0677137359678 40.2247600003022),POINT,-88.0677137359678,40.224760000302204,-0.00450015832734502,-0.004372206509747295
A-Injury,other non-collision,Rain,"Darkness, lighted road",Wet,Traffic Signal,mahomet,2013,0,1,2259,POINT (-88.3652600008876 40.1842799999028),POINT,-88.3652600008876,40.1842799999028,-0.001116494696712719,-0.005387254966685109
A-Injury,angle,Clear,Daylight,Dry,Traffic signal,champaign,2003,0,1,28,POINT (-88.2451371508181 40.112631524087),POINT,-88.2451371508181,40.112631524087,-0.0024825186294871347,-0.007183862528473599
A-Injury,head on,Clear,Daylight,Dry,Lane Use Marking,unincorporated,2013,0,2,2260,POINT (-88.3109700606521 40.113229411537),POINT,-88.3109700606521,40.113229411537,-0.0017338739682475031,-0.007168870316824494
A-Injury,angle,Clear,Dawn,Wet,Stop Sign/Flasher,champaign,2013,0,4,2261,POINT (-88.2436100005389 40.1297200004792),POINT,-88.2436100005389,40.1297200004792,-0.0024998852156872266,-0.006755363728518574
A-Injury,parked motor vehicle,Clear,Daylight,Dry,No Controls,urbana,2013,0,1,2262,POINT (-88.2015530116115 40.1128655284096),POINT,-88.2015530116115,40.1128655284096,-0.0029781527008660505,-0.007177994798131993
A-Injury,rear end,Snow,Darkness,Ice,Lane Use Marking,unincorporated,2013,0,3,2263,POINT (-88.2740112473086 39.9011709954379),POINT,-88.2740112473086,39.9011709954379,-0.002154165557441021,-0.012486300304923677
A-Injury,rear end,Clear,Darkness,Dry,Lane Use Marking,champaign,2013,0,1,2264,POINT (-88.2716786458571 40.1569817569298),POINT,-88.2716786458571,40.156981756929795,-0.002180691646411842,-0.006071766802986072
A-Injury,fixed object,Clear,"Darkness, lighted road",Dry,No Controls,champaign,2013,0,1,2265,POINT (-88.2719346886291 40.0691391936269),POINT,-88.2719346886291,40.0691391936269,-0.0021777799559701398,-0.008274446087924341
A-Injury,angle,Clear,Daylight,Dry,No Controls,unincorporated,2013,0,1,2266,POINT (-88.3670385603301 40.3800955865256),POINT,-88.3670385603301,40.380095586525606,-0.001096269112963165,-0.00047711892210216086
A-Injury,fixed object,Clear,Daylight,Dry,No Controls,savoy,2013,0,2,2267,POINT (-88.2487384115071 40.0718356356429),POINT,-88.2487384115071,40.0718356356429,-0.0024415654862133913,-0.008206831975262454
A-Injury,angle,Clear,Daylight,Dry,Stop Sign/Flasher,unincorporated,2013,0,3,2268,POINT (-88.3696700002883 40.1276205036832),POINT,-88.3696700002883,40.127620503683204,-0.0010663446651293744,-0.006808009256238388
A-Injury,pedestrian,Clear,"Darkness, lighted road",Dry,No Controls,urbana,1999,0,1,456,POINT (-88.1996424824718 40.1269794842813),POINT,-88.1996424824718,40.1269794842813,-0.002999879029600116,-0.006824083014843869
A-Injury,fixed object,Clear,Dawn,Dry,No Controls,unincorporated,1999,0,1,457,POINT (-88.0476565162129 40.0800039525258),POINT,-88.0476565162129,40.0800039525258,-0.004728246840015677,-0.008002008917802944
A-Injury,angle,Rain,Daylight,Wet,Stop Sign/Flasher,tolono,2013,0,3,2269,POINT (-88.2616546971934 39.9900693639938),POINT,-88.2616546971934,39.9900693639938,-0.0022946828959332683,-0.01025714637862391
A-Injury,angle,Clear,Dusk,Dry,Stop Sign/Flasher,mahomet,2013,0,1,2270,POINT (-88.4027483769395 40.1948544018706),POINT,-88.4027483769395,40.1948544018706,-0.0006901809782311243,-0.005122098585890839
A-Injury,angle,Clear,Daylight,Dry,Stop Sign/Flasher,champaign,2013,0,1,2271,POINT (-88.2410788148226 40.1249299997195),POINT,-88.2410788148226,40.1249299997195,-0.0025286695832305596,-0.006875474470413255
A-Injury,fixed object,Snow,Darkness,Snow or Slush,Lane Use Marking,unincorporated,2013,0,1,2272,POINT (-88.1611642256097 39.9689542635099),POINT,-88.1611642256097,39.9689542635099,-0.003437449564553828,-0.010786614015797676
A-Injury,angle,Clear,Daylight,Other,No Controls,unincorporated,2013,0,2,2274,POINT (-88.4631203881637 40.0986207658757),POINT,-88.4631203881637,40.0986207658757,-3.6370596155772216e-06,-0.007535186598695611
A-Injury,rear end,Sleet/Hail,Darkness,Ice,Lane Use Marking,unincorporated,2013,0,1,2275,POINT (-88.0693837451992 40.1206460750321),POINT,-88.0693837451992,40.1206460750321,-0.004481167164741636,-0.006982895199184953
A-Injury,overturned,Clear,Darkness,Dry,No Controls,unincorporated,2013,0,1,2276,POINT (-88.3243800495085 40.0550836639975),POINT,-88.3243800495085,40.0550836639975,-0.0015813770394325945,-0.00862689281522176
A-Injury,fixed object,Rain,Darkness,Wet,Lane Use Marking,unincorporated,2013,0,2,2277,POINT (-88.3856509173335 40.2796028795598),POINT,-88.3856509173335,40.279602879559796,-0.0008846114217138988,-0.0029970044490955586
A-Injury,fixed object,Clear,Darkness,Wet,Other Warning Sign,unincorporated,2013,0,1,2278,POINT (-87.9361240952311 40.3781825313307),POINT,-87.9361240952311,40.37818253133071,-0.005996581351336848,-0.000525089369346677
A-Injury,fixed object,Snow,Dusk,Snow or Slush,Lane Use Marking,unincorporated,2013,0,3,2279,POINT (-88.3027246784714 39.9263088673621),POINT,-88.3027246784714,39.9263088673621,-0.0018276395539556017,-0.011855960436949376
A-Injury,rear end,Snow,Darkness,Ice,Lane Use Marking,unincorporated,2013,0,1,2280,POINT (-88.1831519345114 40.2373206632397),POINT,-88.1831519345114,40.2373206632397,-0.0031874077401280337,-0.0040572440243959295
A-Injury,pedalcyclist,Rain,Darkness,Wet,No Controls,champaign,2013,0,1,2281,POINT (-88.2963954343719 40.0839512504984),POINT,-88.2963954343719,40.0839512504984,-0.0018996150266595146,-0.007903029207411892
A-Injury,turning,Clear,Darkness,Dry,Traffic Signal,champaign,2013,0,2,2282,POINT (-88.2437200004438 40.1379708480598),POINT,-88.2437200004438,40.137970848059794,-0.0024986343087813417,-0.006548471188437698
A-Injury,fixed object,Clear,"Darkness, lighted road",Wet,No Controls,champaign,2013,0,1,2283,POINT (-88.2766358339762 40.1061491594801),POINT,-88.2766358339762,40.1061491594801,-0.0021243190444793455,-0.00734640981421033
A-Injury,turning,Fog/Smoke/Haze,Daylight,Dry,No Controls,champaign,2013,0,1,2284,POINT (-88.2392700016365 40.1567299997201),POINT,-88.2392700016365,40.1567299997201,-0.002549239209248454,-0.006078079692430335
A-Injury,angle,Clear,Daylight,Dry,Traffic Signal,champaign,2013,0,3,2285,POINT (-88.2817001300733 40.1184776080803),POINT,-88.2817001300733,40.1184776080803,-0.0020667284223179817,-0.007037270174768661
A-Injury,rear end,Clear,Daylight,Dry,No Controls,urbana,2013,0,1,2286,POINT (-88.1627414559238 40.1106489896772),POINT,-88.1627414559238,40.1106489896772,-0.0034195134736659735,-0.0072335751883954415
A-Injury,angle,Clear,Darkness,Dry,Traffic Signal,champaign,2013,0,2,2287,POINT (-88.2468100010723 40.1126099992334),POINT,-88.2468100010723,40.1126099992334,-0.002463495159082665,-0.007184402270796172
A-Injury,rear end,Clear,Daylight,Dry,Traffic Signal,champaign,2013,0,1,2288,POINT (-88.2689100431802 40.0982206922495),POINT,-88.2689100431802,40.0982206922495,-0.0022121758937036196,-0.007545218567888592
A-Injury,turning,Clear,Daylight,Dry,Traffic Signal,champaign,2013,0,2,2289,POINT (-88.242639532962 40.1163711708574),POINT,-88.242639532962,40.1163711708574,-0.0025109212669901086,-0.007090089735827055
A-Injury,fixed object,Clear,Darkness,Dry,No Controls,unincorporated,2013,0,1,2290,POINT (-88.1204930986132 40.1860245998263),POINT,-88.1204930986132,40.1860245998263,-0.00389995717919983,-0.005343508587168116
A-Injury,fixed object,Clear,Darkness,Dry,Lane Use Marking,unincorporated,2013,0,1,2291,POINT (-87.9686053316243 40.1123722599565),POINT,-87.9686053316243,40.1123722599565,-0.005627208278240814,-0.007190363656265232
A-Injury,angle,Clear,Daylight,Dry,Stop Sign/Flasher,urbana,2013,0,2,2292,POINT (-88.1955479064344 40.0983800450908),POINT,-88.1955479064344,40.09838004509079,-0.0030464421011424632,-0.007541222746394814
A-Injury,pedestrian,Clear,Darkness,Dry,Lane Use Marking,champaign,2013,0,1,2293,POINT (-88.2725709900718 40.1128020697852),POINT,-88.2725709900718,40.112802069785204,-0.0021705440054521526,-0.0071795860426511916
A-Injury,pedalcyclist,Clear,Daylight,Dry,Traffic Signal,urbana,2013,0,2,2294,POINT (-88.1904499067453 40.0838081334924),POINT,-88.1904499067453,40.0838081334924,-0.0031044159968713425,-0.007906617910343538
A-Injury,pedestrian,Clear,Daylight,Dry,Traffic Signal,urbana,2013,0,1,2295,POINT (-88.224020000866 40.1164000001846),POINT,-88.224020000866,40.116400000184605,-0.0027226605526087535,-0.007089366831582819
A-Injury,pedalcyclist,Clear,Daylight,Dry,No Controls,urbana,2013,0,1,2296,POINT (-88.1945582724899 40.1056800005887),POINT,-88.1945582724899,40.105680000588706,-0.0030576961102846845,-0.007358174117670479
A-Injury,pedalcyclist,Rain,"Darkness, lighted road",Wet,No Controls,champaign,2013,0,1,2297,POINT (-88.2654438017509 40.0981925834337),POINT,-88.2654438017509,40.09819258343371,-0.002251593612700878,-0.00754592340508753
A-Injury,rear end,Clear,Darkness,Dry,Lane Use Marking,unincorporated,2014,0,2,2298,POINT (-88.2484059824454 40.1783740243989),POINT,-88.2484059824454,40.1783740243989,-0.002445345833199576,-0.0055353491184340405
A-Injury,fixed object,Clear,Dusk,Dry,Lane Use Marking,unincorporated,2014,0,1,2299,POINT (-87.9682582999066 40.3132000048084),POINT,-87.9682582999066,40.313200004808394,-0.005631154685036424,-0.0021545462029331818
A-Injury,fixed object,Clear,Dawn,Dry,No Controls,unincorporated,2014,0,1,2300,POINT (-87.9498084133981 40.3306637775566),POINT,-87.9498084133981,40.3306637775566,-0.0058409647795603925,-0.001716636731453992
A-Injury,overturned,Clear,Dusk,Dry,Lane Use Marking,unincorporated,2014,0,5,2301,POINT (-88.1821947744908 40.1971036536476),POINT,-88.1821947744908,40.1971036536476,-0.0031982924593540922,-0.005065697905975236
A-Injury,turning,Clear,Daylight,Dry,Traffic Signal,unincorporated,2014,0,3,2302,POINT (-88.1832000195998 40.2388007074381),POINT,-88.1832000195998,40.2388007074381,-0.0031868609217540226,-0.004020131461032171
A-Injury,sideswipe opposite direction,Clear,Daylight,Dry,Lane Use Marking,unincorporated,2014,0,3,2303,POINT (-88.0736571037462 40.3125513509105),POINT,-88.0736571037462,40.3125513509105,-0.004432570998024438,-0.0021708113988730044
A-Injury,fixed object,Clear,Daylight,Wet,No Controls,unincorporated,2014,0,1,2304,POINT (-88.4250800056408 39.8860176758882),POINT,-88.4250800056408,39.886017675888205,-0.00043622813540272434,-0.012866274452024503
A-Injury,fixed object,Clear,Darkness,Ice,No Controls,unincorporated,2014,0,2,2306,POINT (-88.3466564521131 40.2952697651738),POINT,-88.3466564521131,40.2952697651738,-0.0013280522217448715,-0.0026041524750192806
A-Injury,angle,Clear,Daylight,Dry,No Controls,unincorporated,2002,0,3,149,POINT (-88.3332847957248 40.1133087720451),POINT,-88.3332847957248,40.1133087720451,-0.0014801132379186155,-0.007166880327681786
A-Injury,rear end,Clear,Daylight,Dry,Lane Use Marking,unincorporated,2014,0,1,2307,POINT (-88.4076600012214 40.1567100001834),POINT,-88.4076600012214,40.156710000183395,-0.0006343265232794435,-0.006078581186962712
A-Injury,rear end,Clear,Daylight,Dry,No Controls,unincorporated,2014,0,1,2308,POINT (-88.365320001583 40.1964855241457),POINT,-88.365320001583,40.1964855241457,-0.0011158123753571198,-0.005081197693299903
A-Injury,head on,Rain,Darkness,Wet,Lane Use Marking,unincorporated,2014,0,1,2309,POINT (-88.4075499931614 40.1348901907327),POINT,-88.4075499931614,40.134890190732705,-0.0006355775229242112,-0.00662571961816504
A-Injury,rear end,Clear,Daylight,Dry,Lane Use Marking,mahomet,2014,0,2,2310,POINT (-88.3454975337205 40.1806195293124),POINT,-88.3454975337205,40.1806195293124,-0.001341231315143798,-0.005479042392272762
A-Injury,rear end,Rain,Daylight,Wet,Lane Use Marking,unincorporated,2014,0,1,2311,POINT (-88.394829019642 40.12055900891),POINT,-88.394829019642,40.12055900891,-0.0007802390445716365,-0.006985078408967951
A-Injury,fixed object,Clear,Daylight,Dry,No Controls,unincorporated,2014,0,2,2312,POINT (-88.3653400048421 40.2094404034448),POINT,-88.3653400048421,40.209440403444795,-0.0011155849004791769,-0.004756350111466513
A-Injury,rear end,Clear,Darkness,Dry,Lane Use Marking,unincorporated,2014,0,1,2313,POINT (-88.3983373339049 40.1205504363559),POINT,-88.3983373339049,40.1205504363559,-0.0007403428779052204,-0.006985293368397957
A-Injury,head on,Clear,Darkness,Dry,No Controls,unincorporated,2014,0,2,2314,POINT (-88.3466247599823 40.2782876657311),POINT,-88.3466247599823,40.2782876657311,-0.0013284126211952224,-0.0030299838402563775
A-Injury,rear end,Clear,Darkness,Dry,No Controls,mahomet,2014,0,1,2315,POINT (-88.3968600012807 40.1998299996558),POINT,-88.3968600012807,40.1998299996558,-0.0007571429431731088,-0.004997333941513961
A-Injury,other object,Clear,Darkness,Wet,No Controls,champaign,2014,0,1,2316,POINT (-88.2543895140893 40.0981200006134),POINT,-88.2543895140893,40.0981200006134,-0.002377301764786779,-0.007547743441624775
A-Injury,angle,Clear,Daylight,Ice,Traffic Signal,champaign,2014,0,1,2317,POINT (-88.2817000355781 40.1184720656669),POINT,-88.2817000355781,40.1184720656669,-0.002066729496907149,-0.007037409152488805
A-Injury,angle,Clear,Daylight,Dry,Traffic Signal,champaign,2014,0,2,2318,POINT (-88.276810000017 40.1164623832761),POINT,-88.276810000017,40.1164623832761,-0.00212233844728354,-0.007087802556381797
A-Injury,rear end,Clear,Daylight,Dry,No Controls,champaign,2014,0,1,2319,POINT (-88.2467064322788 40.0848789935594),POINT,-88.2467064322788,40.0848789935594,-0.0024646729320920106,-0.007879765764891892
A-Injury,parked motor vehicle,Clear,Daylight,Dry,No Controls,champaign,2014,0,1,2320,POINT (-88.2630975055913 40.1163500037343),POINT,-88.2630975055913,40.1163500037343,-0.002278275436396679,-0.007090620507947358
A-Injury,parked motor vehicle,Clear,Darkness,Dry,No Controls,champaign,2014,0,1,2322,POINT (-88.2387371610022 40.1170272385878),POINT,-88.2387371610022,40.1170272385878,-0.00255529861475188,-0.007073638635757332
A-Injury,pedestrian,Clear,Daylight,Dry,Stop Sign/Flasher,champaign,2014,0,1,2323,POINT (-88.2817423097205 40.0983400228863),POINT,-88.2817423097205,40.0983400228863,-0.002066248759976374,-0.007542226315478672
A-Injury,head on,Clear,Darkness,Dry,Other Warning Sign,champaign,2014,0,2,2324,POINT (-88.2977180365101 40.1338360380242),POINT,-88.2977180365101,40.1338360380242,-0.0018845745395808466,-0.006652152821465127
A-Injury,turning,Clear,Daylight,Dry,No Controls,champaign,2014,0,3,2325,POINT (-88.2454341487765 40.0930259595468),POINT,-88.2454341487765,40.09302595954679,-0.0024791412011383566,-0.007675478087702299
A-Injury,overturned,Clear,"Darkness, lighted road",Wet,No Controls,champaign,2014,0,1,2326,POINT (-88.2317432101095 40.1163521380717),POINT,-88.2317432101095,40.116352138071704,-0.002634833060517675,-0.007090566988780599
A-Injury,sideswipe same direction,Clear,Daylight,Dry,No Controls,urbana,2014,0,2,2327,POINT (-88.2195500011928 40.1284423933127),POINT,-88.2195500011928,40.1284423933127,-0.002773492900738677,-0.00678740012106139
A-Injury,pedestrian,Clear,Daylight,Dry,Lane Use Marking,champaign,2014,0,1,2328,POINT (-88.2364062266332 40.1274013257951),POINT,-88.2364062266332,40.127401325795105,-0.002581805745842562,-0.006813505209175989
A-Injury,fixed object,Rain,"Darkness, lighted road",Wet,Stop Sign/Flasher,champaign,2014,0,1,2329,POINT (-88.2398695348516 40.1210574310982),POINT,-88.2398695348516,40.1210574310982,-0.0025424213829994225,-0.006972580319342325
A-Injury,turning,Clear,Daylight,Dry,No Controls,champaign,2014,0,2,2330,POINT (-88.2581332151795 40.1322375187771),POINT,-88.2581332151795,40.1322375187771,-0.002334728804826129,-0.006692236183103988
A-Injury,rear end,Snow,"Darkness, lighted road",Snow or Slush,No Controls,champaign,2014,0,1,2331,POINT (-88.2766323831681 40.1274074456395),POINT,-88.2766323831681,40.1274074456395,-0.002124358286692144,-0.0068133517521960845
A-Injury,angle,Clear,Daylight,Snow or Slush,Traffic Signal,champaign,2014,0,1,2332,POINT (-88.2445877380963 40.0980943599453),POINT,-88.2445877380963,40.0980943599453,-0.0024887664909598642,-0.007548386389261433
A-Injury,parked motor vehicle,Snow,Daylight,Snow or Slush,Lane Use Marking,champaign,2014,0,1,2333,POINT (-88.2289369578559 40.1142845401456),POINT,-88.2289369578559,40.114284540145604,-0.00266674545468423,-0.007142412642529319
A-Injury,other object,Clear,Daylight,Wet,No Controls,champaign,2014,0,1,2334,POINT (-88.2579800008157 40.1310759737121),POINT,-88.2579800008157,40.1310759737121,-0.0023364711418391378,-0.006721362282764601
A-Injury,fixed object,Clear,Daylight,Dry,Lane Use Marking,champaign,2014,0,1,2335,POINT (-88.2870469884152 40.127521792807),POINT,-88.2870469884152,40.127521792807,-0.00200592453316653,-0.006810484461811091
A-Injury,pedestrian,Clear,Daylight,Dry,No Controls,champaign,2014,0,1,2336,POINT (-88.2810781305 40.1032142712093),POINT,-88.2810781305,40.103214271209296,-0.002073801733539023,-0.0074200030400296876
A-Injury,rear end,Clear,Daylight,Dry,Stop Sign/Flasher,urbana,2014,0,1,2337,POINT (-88.2255807981723 40.1105590784355),POINT,-88.2255807981723,40.1105590784355,-0.0027049113360910148,-0.007235829740427312
A-Injury,angle,Clear,Daylight,Dry,Traffic Signal,champaign,2014,0,1,2338,POINT (-88.2578900011902 40.1407499996309),POINT,-88.2578900011902,40.1407499996309,-0.0023374946077517815,-0.006478783108249653
A-Injury,pedestrian,Clear,Daylight,Dry,No Controls,champaign,2014,0,1,2339,POINT (-88.2665041629917 40.1272840491356),POINT,-88.2665041629917,40.1272840491356,-0.0022395353004691404,-0.00681644595747361
A-Injury,pedestrian,Clear,"Darkness, lighted road",Wet,Lane Use Marking,champaign,2014,0,1,2340,POINT (-88.2723295936388 40.0982399951714),POINT,-88.2723295936388,40.0982399951714,-0.0021732891393261003,-0.007544734541186647
A-Injury,angle,Clear,Daylight,Dry,Stop Sign/Flasher,champaign,2014,0,1,2341,POINT (-88.2527501250677 40.1425288256459),POINT,-88.2527501250677,40.1425288256459,-0.0023959447177081005,-0.006434178498964335
A-Injury,angle,Clear,Daylight,Dry,Traffic Signal,champaign,2014,0,2,2342,POINT (-88.2772300596124 40.1392317964868),POINT,-88.2772300596124,40.1392317964868,-0.00211756157543781,-0.006516852518910057
A-Injury,turning,Clear,Daylight,Dry,No Controls,champaign,2014,0,1,2343,POINT (-88.243450000772 40.1090099994554),POINT,-88.243450000772,40.1090099994554,-0.0025017047155632957,-0.0072746733721691294
A-Injury,fixed object,Clear,"Darkness, lighted road",Dry,No Controls,champaign,2014,0,1,2344,POINT (-88.2412757736131 40.1272064269165),POINT,-88.2412757736131,40.1272064269165,-0.002526429789374245,-0.006818392358485129
A-Injury,pedalcyclist,Clear,Daylight,Dry,Traffic Signal,champaign,2014,0,1,2345,POINT (-88.2579800152708 40.1271708248376),POINT,-88.2579800152708,40.127170824837606,-0.002336470977457357,-0.00681928509156048
A-Injury,pedalcyclist,Clear,Daylight,Dry,Traffic Signal,champaign,2014,0,1,2346,POINT (-88.2772300013583 40.139230000616),POINT,-88.2772300013583,40.139230000616,-0.002117562237897096,-0.006516897550922425
A-Injury,pedestrian,Clear,Daylight,Dry,No Controls,champaign,2014,0,1,2347,POINT (-88.2591100298971 40.1380791567567),POINT,-88.2591100298971,40.1380791567567,-0.0023236205745322236,-0.006545755314559595
A-Injury,turning,Clear,"Darkness, lighted road",Dry,Traffic Signal,champaign,2014,0,1,2348,POINT (-88.2765102407828 40.0982600034427),POINT,-88.2765102407828,40.098260003442704,-0.0021257472765591054,-0.007544232827631429
A-Injury,pedalcyclist,Clear,Daylight,Dry,Stop Sign/Flasher,unincorporated,2014,0,1,2349,POINT (-88.2981100000837 40.0985200000883),POINT,-88.2981100000837,40.09852000008829,-0.0018801171726270031,-0.007537713331798669
A-Injury,rear end,Clear,Daylight,Dry,Lane Use Marking,champaign,2014,0,1,2350,POINT (-88.2580130094288 40.1358594569295),POINT,-88.2580130094288,40.135859456929495,-0.0023360957714958696,-0.006601414970247386
A-Injury,other object,Clear,Daylight,Dry,Lane Use Marking,champaign,2014,0,2,2351,POINT (-88.2966603710809 40.1572141875403),POINT,-88.2966603710809,40.1572141875403,-0.001896602195337604,-0.006065938533959201
A-Injury,fixed object,Clear,Daylight,Dry,Lane Use Marking,champaign,2014,0,1,2352,POINT (-88.2804795691339 40.143517232781),POINT,-88.2804795691339,40.143517232781,-0.0020806085080274654,-0.006409393886132952
A-Injury,fixed object,Clear,Darkness,Dry,Lane Use Marking,urbana,2014,0,1,2353,POINT (-88.2241184538674 40.1349278808158),POINT,-88.2241184538674,40.134927880815795,-0.002721540955828563,-0.006624774527742487
A-Injury,other non-collision,Clear,Daylight,Dry,No Controls,champaign,2014,0,1,2354,POINT (-88.276352940595 40.085948522484),POINT,-88.276352940595,40.085948522484,-0.0021275360771164735,-0.007852946998245224
A-Injury,turning,Clear,Daylight,Dry,No Controls,champaign,2014,0,1,2355,POINT (-88.258606811888 40.1324462245642),POINT,-88.258606811888,40.132446224564205,-0.0023293431147769555,-0.006687002821318861
A-Injury,pedestrian,Clear,Daylight,Dry,Traffic Signal,champaign,2014,0,1,2356,POINT (-88.2468700014912 40.1271923425195),POINT,-88.2468700014912,40.1271923425195,-0.0024628128408714007,-0.00681874552907066
A-Injury,angle,Rain,Daylight,Wet,Stop Sign/Flasher,champaign,2014,0,1,2357,POINT (-88.2387204200333 40.1143700070849),POINT,-88.2387204200333,40.1143700070849,-0.002555488991222016,-0.007140269532746806
A-Injury,parked motor vehicle,Rain,Daylight,Unknown,Stop Sign/Flasher,champaign,2014,0,1,2358,POINT (-88.2303709363587 40.1005874155287),POINT,-88.2303709363587,40.1005874155287,-0.0026504384077503684,-0.007485872253934795
A-Injury,overturned,Clear,Daylight,Dry,No Controls,champaign,2014,0,1,2359,POINT (-88.2860600004075 40.11290999907),POINT,-88.2860600004075,40.11290999907,-0.0020171484530043817,-0.007176879682648515
A-Injury,rear end,Clear,"Darkness, lighted road",Wet,Traffic Signal,champaign,2014,0,1,2360,POINT (-88.2435317259487 40.1211186645263),POINT,-88.2435317259487,40.12111866452629,-0.00250077534577881,-0.006971044872304673
A-Injury,turning,Clear,Daylight,Dry,Traffic Signal,champaign,2014,0,1,2361,POINT (-88.2464997090524 40.0862418343213),POINT,-88.2464997090524,40.0862418343213,-0.002467023766047057,-0.007845592113736533
A-Injury,angle,Clear,Daylight,Dry,Stop Sign/Flasher,champaign,2014,0,1,2362,POINT (-88.2627100009444 40.1272299999694),POINT,-88.2627100009444,40.127229999969394,-0.002282682096923238,-0.006817801256935522
A-Injury,fixed object,Clear,Darkness,Dry,No Controls,champaign,2014,0,1,2363,POINT (-88.2955200466705 40.1060154567915),POINT,-88.2955200466705,40.1060154567915,-0.0019095698400016482,-0.007349762450238152
A-Injury,pedestrian,Clear,Daylight,Dry,No Controls,unincorporated,2014,0,1,2364,POINT (-88.2747173122704 40.1416162683971),POINT,-88.2747173122704,40.1416162683971,-0.002146136263802386,-0.006457061152573978
A-Injury,pedalcyclist,Clear,Daylight,Dry,No Controls,urbana,2014,0,1,2365,POINT (-88.2214592818402 40.1090807738953),POINT,-88.2214592818402,40.1090807738953,-0.0027517807697226603,-0.007272898681326731
A-Injury,rear end,Clear,Dusk,Ice,Police / flagman,unincorporated,1999,0,4,459,POINT (-88.2617900169682 40.1654278506449),POINT,-88.2617900169682,40.165427850644896,-0.002293144054232077,-0.005859978406047442
A-Injury,turning,Rain,Daylight,Wet,No Controls,unincorporated,2014,0,2,2366,POINT (-88.219948779817 40.1435347799496),POINT,-88.219948779817,40.143534779949604,-0.0027689580337735345,-0.006408953885484759
A-Injury,overturned,Clear,Darkness,Wet,Lane Use Marking,champaign,2014,0,1,2367,POINT (-88.3077003069218 40.1209211632301),POINT,-88.3077003069218,40.1209211632301,-0.0017710572505894983,-0.006975997278035034
A-Injury,rear end,Clear,Daylight,Dry,Traffic Signal,champaign,2014,0,3,2368,POINT (-88.2464357983659 40.0866446799853),POINT,-88.2464357983659,40.0866446799853,-0.002467750551394537,-0.007835490634843467
A-Injury,pedestrian,Rain,"Darkness, lighted road",Wet,Traffic Signal,unincorporated,2014,0,1,2369,POINT (-88.2384395116347 40.0833209774493),POINT,-88.2384395116347,40.0833209774493,-0.002558683450853916,-0.007918833497916599
A-Injury,head on,Clear,Daylight,Dry,No Controls,urbana,2014,0,3,2370,POINT (-88.2236599955926 40.1164044736659),POINT,-88.2236599955926,40.1164044736659,-0.0027267544932629644,-0.007089254657663766
A-Injury,turning,Clear,"Darkness, lighted road",Dry,Traffic Signal,urbana,2014,0,3,2371,POINT (-88.2195399278096 40.1273684391752),POINT,-88.2195399278096,40.12736843917521,-0.0027736074541522817,-0.0068143298512820276
A-Injury,turning,Clear,"Darkness, lighted road",Dry,Traffic Signal,champaign,2014,0,2,2372,POINT (-88.2689102381468 40.0982239417524),POINT,-88.2689102381468,40.0982239417524,-0.0022121736765647036,-0.007545137085604127
A-Injury,pedestrian,Clear,Daylight,Dry,Traffic Signal,champaign,2014,0,1,2373,POINT (-88.2385191270673 40.0980400081864),POINT,-88.2385191270673,40.098040008186395,-0.002557778072848799,-0.007549749276328234
A-Injury,fixed object,Clear,Daylight,Dry,No Controls,champaign,2014,0,1,2374,POINT (-88.243052917949 40.0834795217726),POINT,-88.243052917949,40.0834795217726,-0.002506220298062355,-0.00791485795025999
A-Injury,turning,Rain,"Darkness, lighted road",Wet,No Controls,champaign,2000,0,2,318,POINT (-88.2579195445405 40.1239572177179),POINT,-88.2579195445405,40.1239572177179,-0.0023371586439985674,-0.006899867278217481
A-Injury,angle,Clear,Daylight,Wet,Stop sign / flasher,champaign,2000,0,1,319,POINT (-88.3145129624667 40.1132597945671),POINT,-88.3145129624667,40.11325979456711,-0.0016935844757203957,-0.007168108453002266
A-Injury,angle,Clear,Daylight,Dry,Stop Sign/Flasher,champaign,2014,0,1,2375,POINT (-88.262740000814 40.1310000003261),POINT,-88.262740000814,40.1310000003261,-0.002282340941682211,-0.006723267338779186