crash_severity,collision_type,weather,light,road_surface,traffic_control,city,year,fatality,injury,id,Geometry,point,x,y,norm_x,norm_y
A-Injury,turning,Clear,Daylight,Dry,Stop Sign/Flasher,champaign,2014,0,1,2376,POINT (-88.2767100013924 40.1103300001003),POINT,-88.2767100013924,40.1103300001003,-0.0021234756207218785,-0.007241573950120267
A-Injury,rear end,Clear,"Darkness, lighted road",Dry,Stop Sign/Flasher,champaign,2014,0,1,2377,POINT (-88.2812059717767 40.0983312962357),POINT,-88.2812059717767,40.098331296235706,-0.002072347936501583,-0.0075424451389255525
A-Injury,angle,Clear,Daylight,Dry,No Controls,urbana,2014,0,2,2378,POINT (-88.2209183000759 40.1164289329268),POINT,-88.2209183000759,40.116428932926794,-0.002757932755267496,-0.00708864133417608
A-Injury,rear end,Clear,Daylight,Dry,No Controls,champaign,2014,0,1,2379,POINT (-88.2336844188804 40.0980900001149),POINT,-88.2336844188804,40.0980900001149,-0.0026127578463679226,-0.00754849571334926
A-Injury,fixed object,Clear,"Darkness, lighted road",Dry,No Controls,champaign,2014,0,1,2380,POINT (-88.2579403064317 40.1253752764308),POINT,-88.2579403064317,40.125375276430795,-0.0023369225420390967,-0.006864309019962356
A-Injury,fixed object,Clear,Darkness,Ice,Lane Use Marking,unincorporated,2014,0,1,2381,POINT (-88.1232096456928 40.1206397982467),POINT,-88.1232096456928,40.12063979824671,-0.0038690649024756617,-0.006983052591508661
A-Injury,fixed object,Clear,Darkness,Dry,No Controls,urbana,2014,0,2,2382,POINT (-88.1989733586936 40.134001038768),POINT,-88.1989733586936,40.134001038768,-0.0030074882321329734,-0.006648015377079406
A-Injury,pedestrian,Clear,Daylight,Dry,Other,urbana,2014,0,1,2383,POINT (-88.2192200017682 40.1046400001537),POINT,-88.2192200017682,40.1046400001537,-0.002777245618157018,-0.00738425244836095
A-Injury,parked motor vehicle,Clear,Daylight,Snow or Slush,No Controls,urbana,2014,0,1,2384,POINT (-88.2000705943395 40.0985034304056),POINT,-88.2000705943395,40.0985034304056,-0.002995010588193399,-0.007538128821687085
A-Injury,rear end,Fog/Smoke/Haze,Daylight,Dry,Stop Sign/Flasher,urbana,2014,0,1,2385,POINT (-88.2049610798982 40.1107993793602),POINT,-88.2049610798982,40.1107993793602,-0.0029393965204934426,-0.007229804120851901
A-Injury,overturned,Clear,Darkness,Ice,No Controls,unincorporated,2014,0,3,2386,POINT (-88.1438871799962 40.1383397936252),POINT,-88.1438871799962,40.1383397936252,-0.003633922240501959,-0.006539219764940568
A-Injury,rear end,Clear,Daylight,Dry,Traffic Signal,urbana,2014,0,1,2387,POINT (-88.2049700013527 40.1163199993893),POINT,-88.2049700013527,40.1163199993893,-0.0029392950666870545,-0.007091372876124059
A-Injury,rear end,Clear,Daylight,Dry,Traffic Signal,unincorporated,2014,0,1,2388,POINT (-88.218850055919 40.0835227298157),POINT,-88.218850055919,40.083522729815705,-0.0027814526019535766,-0.007913774495293444
A-Injury,turning,Clear,Daylight,Dry,Stop Sign/Flasher,unincorporated,2014,0,1,2389,POINT (-88.1822700014631 40.1565999996202),POINT,-88.1822700014631,40.156599999620205,-0.0031974369864403896,-0.0060813394849080285
A-Injury,fixed object,Clear,Daylight,Dry,Lane Use Marking,unincorporated,2014,0,1,2390,POINT (-88.2073939139442 40.1351000006758),POINT,-88.2073939139442,40.1351000006758,-0.0029117305974039756,-0.006620458569328916
A-Injury,rear end,Clear,Daylight,Dry,No Controls,unincorporated,2014,0,2,2391,POINT (-88.1817853324329 40.1148162569237),POINT,-88.1817853324329,40.1148162569237,-0.0032029485897227383,-0.007129079680824482
A-Injury,fixed object,Clear,Daylight,Dry,Lane Use Marking,urbana,2014,0,1,2392,POINT (-88.2031738984697 40.1350579136637),POINT,-88.2031738984697,40.1350579136637,-0.002959720152526188,-0.006621513914098315
A-Injury,pedalcyclist,Rain,Daylight,Wet,Stop Sign/Flasher,urbana,2014,0,1,2393,POINT (-88.190670447744 40.094759997129),POINT,-88.190670447744,40.094759997129,-0.003101908028718707,-0.007631996562140841
A-Injury,turning,Clear,Daylight,Dry,Traffic Signal,urbana,2014,0,2,2394,POINT (-88.1994265182755 40.1273900455828),POINT,-88.1994265182755,40.12739004558279,-0.003002334950855715,-0.006813788063968206
A-Injury,sideswipe same direction,Clear,Daylight,Dry,Lane Use Marking,urbana,2014,0,1,2395,POINT (-88.2012390151713 40.1348568676421),POINT,-88.2012390151713,40.1348568676421,-0.0029817234340934794,-0.006626555204908255
A-Injury,pedestrian,Clear,Darkness,Wet,No Controls,urbana,2014,0,1,2396,POINT (-88.1673017196158 40.1112616747752),POINT,-88.1673017196158,40.11126167477521,-0.0033676546529715894,-0.007218211921172544
A-Injury,fixed object,Clear,"Darkness, lighted road",Dry,No Controls,urbana,2014,0,1,2397,POINT (-88.2049252153731 40.1164468898098),POINT,-88.2049252153731,40.1164468898098,-0.0029398043679562643,-0.007088191059813256
A-Injury,rear end,Clear,Daylight,Dry,Stop Sign/Flasher,urbana,2014,0,1,2398,POINT (-88.195770001313 40.1129700001017),POINT,-88.195770001313,40.112970000101704,-0.0030439164624373252,-0.007175375138329179
A-Injury,fixed object,Clear,Daylight,Dry,Traffic Signal,urbana,2014,0,2,2399,POINT (-88.2049995595309 40.112450032918),POINT,-88.2049995595309,40.112450032918,-0.0029389589343125325,-0.007188413475341819
A-Injury,rear end,Clear,Daylight,Dry,No Controls,urbana,2014,0,1,2400,POINT (-88.219484578119 40.1239722771288),POINT,-88.219484578119,40.1239722771288,-0.002774236884789368,-0.0068994896588586785
A-Injury,pedestrian,Clear,Daylight,Dry,No Controls,urbana,2014,0,1,2401,POINT (-88.2004125221565 40.1254302061287),POINT,-88.2004125221565,40.125430206128705,-0.0029911222223992237,-0.0068629316408972945
A-Injury,turning,Clear,Daylight,Dry,Traffic Signal,urbana,2014,0,1,2402,POINT (-88.2074118253317 40.1124599754806),POINT,-88.2074118253317,40.1124599754806,-0.002911526911061345,-0.007188164162527477
A-Injury,fixed object,Clear,Daylight,Dry,Lane Use Marking,urbana,2014,0,1,2403,POINT (-88.2154760074291 40.1351452622375),POINT,-88.2154760074291,40.1351452622375,-0.0028198219129121627,-0.006619323621752061
A-Injury,fixed object,Clear,Daylight,Dry,No Controls,urbana,2014,0,1,2404,POINT (-88.2076200014225 40.1204896527549),POINT,-88.2076200014225,40.1204896527549,-0.002909159555291051,-0.006986817535882984
A-Injury,fixed object,Clear,"Darkness, lighted road",Dry,No Controls,urbana,2014,0,1,2405,POINT (-88.2099196118563 40.1174399948),POINT,-88.2099196118563,40.1174399948,-0.002883008636570725,-0.007063288646820805
A-Injury,pedestrian,Clear,Daylight,Dry,Traffic Signal,urbana,2014,0,1,2406,POINT (-88.2128186612493 40.116489818325),POINT,-88.2128186612493,40.116489818325,-0.0028500409634689564,-0.007087114614094828
A-Injury,rear end,Clear,Dusk,Dry,Stop Sign/Flasher,urbana,2014,0,1,2407,POINT (-88.2008493839571 40.1419009755302),POINT,-88.2008493839571,40.141900975530206,-0.002986154277710927,-0.006449922033668698
A-Injury,rear end,Clear,Daylight,Dry,Traffic Signal,urbana,2014,0,2,2408,POINT (-88.1994300018366 40.1273899999242),POINT,-88.1994300018366,40.127389999924205,-0.0030022953361792935,-0.00681378920887134
A-Injury,turning,Clear,Daylight,Dry,Traffic Signal,urbana,2014,0,2,2409,POINT (-88.1836223916961 40.1159460824428),POINT,-88.1836223916961,40.1159460824428,-0.0031820577524006373,-0.007100748958530767
A-Injury,rear end,Clear,"Darkness, lighted road",Dry,Traffic Signal,urbana,2014,0,2,2410,POINT (-88.2049700013527 40.1163199993893),POINT,-88.2049700013527,40.1163199993893,-0.0029392950666870545,-0.007091372876124059
A-Injury,rear end,Clear,Daylight,Dry,No Controls,urbana,2014,0,2,2411,POINT (-88.2194705259475 40.1232335794616),POINT,-88.2194705259475,40.123233579461605,-0.0027743966845490066,-0.00691801273000077
A-Injury,pedestrian,Clear,Daylight,Dry,Traffic Signal,urbana,2014,0,1,2412,POINT (-88.2156798712409 40.1164539514851),POINT,-88.2156798712409,40.1164539514851,-0.0028175035959077635,-0.007088013986133815
A-Injury,angle,Cloudy/Overcast,Daylight,Wet,Stop Sign/Flasher,urbana,2014,0,2,2413,POINT (-88.2143801495868 40.1006802188066),POINT,-88.2143801495868,40.1006802188066,-0.002832283888619833,-0.007483545183205959
A-Injury,turning,Rain,Daylight,Wet,Traffic Signal,rantoul,2014,0,1,2414,POINT (-88.1559797877983 40.308185361749),POINT,-88.1559797877983,40.308185361749004,-0.0034964064251698313,-0.0022802899195662057
A-Injury,fixed object,Clear,Daylight,Ice,Lane Use Marking,unincorporated,2014,0,1,2415,POINT (-88.1778520093886 40.2653141977164),POINT,-88.1778520093886,40.2653141977164,-0.003247677909837346,-0.0033552975398492826
A-Injury,overturned,Clear,Darkness,Ice,Lane Use Marking,unincorporated,2014,0,2,2416,POINT (-88.1645429311743 40.3423636179193),POINT,-88.1645429311743,40.3423636179193,-0.0033990272938503666,-0.001423259636854288
A-Injury,overturned,Clear,Darkness,Ice,Lane Use Marking,unincorporated,2014,0,1,2417,POINT (-88.1292388768335 40.3991230270633),POINT,-88.1292388768335,40.3991230270633,-0.0038005011443758424,0.0
A-Injury,pedestrian,Clear,Daylight,Ice,Lane Use Marking,unincorporated,2014,0,2,2418,POINT (-88.1394980734616 40.379045388431),POINT,-88.1394980734616,40.379045388431,-0.0036838346806937726,-0.000503452962242675
A-Injury,fixed object,Clear,Darkness,Dry,No Controls,unincorporated,2014,0,1,2419,POINT (-88.193840000979 40.2936213816649),POINT,-88.193840000979,40.2936213816649,-0.0030658642154666625,-0.0026454861983553055
A-Injury,angle,Clear,Daylight,Dry,Stop sign / flasher,unincorporated,2000,0,4,320,POINT (-88.3848728197184 40.3546270023103),POINT,-88.3848728197184,40.354627002310295,-0.0008934598628194951,-0.0011157515024645295
A-Injury,angle,Clear,"Darkness, lighted road",Dry,Traffic signal,champaign,2003,0,1,83,POINT (-88.2771912125584 40.1392387502071),POINT,-88.2771912125584,40.1392387502071,-0.0021180033398935437,-0.006516678152235338
A-Injury,angle,Clear,Daylight,Dry,Stop Sign/Flasher,unincorporated,2014,0,1,2420,POINT (-88.2902400013498 40.355089999318),POINT,-88.2902400013498,40.355089999318,-0.0019696139387725313,-0.0011041417101325722
A-Injury,overturned,Clear,Darkness,Dry,Lane Use Marking,unincorporated,2014,0,1,2421,POINT (-88.1479497075098 40.36334710908),POINT,-88.1479497075098,40.36334710908,-0.0035877236212724256,-0.0008970921439271933
A-Injury,angle,Clear,Daylight,Dry,Stop Sign/Flasher,unincorporated,2014,0,2,2422,POINT (-88.1051799933334 40.164093321674),POINT,-88.1051799933334,40.164093321674,-0.004074096140148554,-0.0058934421303379276
A-Injury,fixed object,Clear,Darkness,Dry,No Controls,unincorporated,2014,0,1,2423,POINT (-87.9604242492612 40.1843479928915),POINT,-87.9604242492612,40.1843479928915,-0.005720242653445355,-0.005385550021586645
A-Injury,fixed object,Clear,Dusk,Dry,Lane Use Marking,unincorporated,2014,0,1,2424,POINT (-87.9585252277827 40.0787590391618),POINT,-87.9585252277827,40.078759039161795,-0.0057418381183129774,-0.008033225503195388
A-Injury,turning,Clear,Daylight,Dry,Stop Sign/Flasher,unincorporated,2014,0,2,2425,POINT (-87.9585200007596 40.0762199988664),POINT,-87.9585200007596,40.0762199988664,-0.005741897559448791,-0.008096892719314843
A-Injury,fixed object,Clear,Darkness,Dry,Other Warning Sign,unincorporated,2014,0,1,2426,POINT (-88.0781250399792 40.2394802744712),POINT,-88.0781250399792,40.239480274471205,-0.004381762115111198,-0.004003091108721622
A-Injury,sideswipe same direction,Clear,Darkness,Dry,Lane Use Marking,st joseph,2014,0,2,2427,POINT (-88.0421665292913 40.1202349391647),POINT,-88.0421665292913,40.1202349391647,-0.0047906783717449756,-0.0069932045574772886
A-Injury,angle,Clear,Daylight,Dry,No Controls,unincorporated,2014,0,4,2428,POINT (-88.0289200013772 40.2009499997723),POINT,-88.0289200013772,40.2009499997723,-0.004941316440574871,-0.0049692495942114095
A-Injury,pedestrian,Fog/Smoke/Haze,Darkness,Ice,Other Warning Sign,unincorporated,2014,0,1,2429,POINT (-88.033639058355 40.2395730369882),POINT,-88.033639058355,40.239573036988205,-0.00488765183997575,-0.004000765060084943
A-Injury,angle,Clear,Daylight,Ice,Stop Sign/Flasher,unincorporated,2014,0,3,2430,POINT (-88.2950310905289 40.067822550572),POINT,-88.2950310905289,40.067822550572,-0.0019151301958467584,-0.008307461317371824
A-Injury,turning,Clear,Daylight,Dry,Stop Sign/Flasher,champaign,2014,0,1,2431,POINT (-88.2809447459526 40.0692304182604),POINT,-88.2809447459526,40.069230418260396,-0.0020753185680456965,-0.008272158602189446
A-Injury,fixed object,Snow,Daylight,Ice,No Controls,sidney,2014,0,1,2432,POINT (-88.0808552426972 40.0259093412799),POINT,-88.0808552426972,40.0259093412799,-0.004350714547958457,-0.009358447927981642
A-Injury,head on,Clear,Dawn,Ice,No Controls,unincorporated,2014,0,1,2433,POINT (-88.2186218907548 40.0690988319415),POINT,-88.2186218907548,40.0690988319415,-0.0027840472712837273,-0.008275458169596291
A-Injury,fixed object,Clear,Daylight,Dry,No Controls,unincorporated,2014,0,1,2434,POINT (-88.0968864406618 40.0113176835224),POINT,-88.0968864406618,40.0113176835224,-0.004168409515418621,-0.00972433823294152
A-Injury,angle,Clear,"Darkness, lighted road",Dry,Stop Sign/Flasher,unincorporated,2014,0,2,2435,POINT (-88.1615500016007 40.0255400000525),POINT,-88.1615500016007,40.0255400000525,-0.0034330625621134155,-0.00936770927282488
A-Injury,rear end,Clear,Daylight,Dry,Lane Use Marking,unincorporated,2014,0,2,2436,POINT (-88.3037249784628 40.0718951175229),POINT,-88.3037249784628,40.0718951175229,-0.001816264251692949,-0.008205340448831745
A-Injury,overturned,Rain,Daylight,Wet,Lane Use Marking,unincorporated,2014,0,2,2437,POINT (-88.1619873319855 40.0750754690455),POINT,-88.1619873319855,40.0750754690455,-0.0034280892887368812,-0.008125592156497637
A-Injury,angle,Clear,Daylight,Wet,Stop Sign/Flasher,unincorporated,2014,0,2,2438,POINT (-88.1615499954012 40.0255391973616),POINT,-88.1615499954012,40.0255391973616,-0.003433062632613448,-0.009367729400545978
A-Injury,turning,Clear,Daylight,Dry,Lane Use Marking,unincorporated,2014,0,5,2439,POINT (-88.2583197201796 40.0103015177155),POINT,-88.2583197201796,40.010301517715504,-0.0023326078903325633,-0.009749818903003398
A-Injury,turning,Clear,Daylight,Dry,Stop Sign/Flasher,unincorporated,2014,0,2,2440,POINT (-88.2366700012777 39.9082899997267),POINT,-88.2366700012777,39.9082899997267,-0.0025788061293913183,-0.012307789083407421
A-Injury,pedalcyclist,Clear,Daylight,Dry,Traffic Signal,savoy,2014,0,1,2441,POINT (-88.2514200002071 40.054489999205),POINT,-88.2514200002071,40.054489999204996,-0.002411070752364356,-0.008641779142435788
A-Injury,turning,Clear,Daylight,Dry,Traffic Signal,savoy,2014,0,1,2442,POINT (-88.2539799991713 40.0394300005311),POINT,-88.2539799991713,40.0394300005311,-0.0023819587237124064,-0.00901941323988136
A-Injury,overturned,Clear,Darkness,Dry,No Controls,unincorporated,2014,0,1,2443,POINT (-88.1949920593456 40.0692157904665),POINT,-88.1949920593456,40.0692157904665,-0.003052763133534143,-0.008272525398619172
A-Injury,angle,Clear,Daylight,Dry,No Controls,unincorporated,2014,0,1,2444,POINT (-88.1233087263167 39.982139952418),POINT,-88.1233087263167,39.982139952417995,-0.0038679381684409648,-0.010455978812048506
A-Injury,angle,Clear,Daylight,Dry,Traffic Signal,savoy,2014,0,2,2445,POINT (-88.2514198857516 40.0544907150559),POINT,-88.2514198857516,40.0544907150559,-0.0024110720539398355,-0.008641761192254306
A-Injury,overturned,Clear,Daylight,Dry,Other,unincorporated,2000,0,1,295,POINT (-88.4077944624347 40.1132348838806),POINT,-88.4077944624347,40.1132348838806,-0.0006327974450459418,-0.007168733096126013
A-Injury,rear end,Clear,Daylight,Dry,No Controls,tolono,2014,0,3,2447,POINT (-88.2489090814714 39.9812040829735),POINT,-88.2489090814714,39.9812040829735,-0.0024396246460177727,-0.01047944602613346
A-Injury,fixed object,Snow,Darkness,Ice,Lane Use Marking,pesotum,2014,0,1,2448,POINT (-88.2797732150876 39.9054709416765),POINT,-88.2797732150876,39.905470941676505,-0.0020886410891034278,-0.01237847783082918
A-Injury,fixed object,Rain,Darkness,Wet,Lane Use Marking,unincorporated,2014,0,2,2449,POINT (-88.3036065620698 40.0609448236338),POINT,-88.3036065620698,40.0609448236338,-0.0018176108699822112,-0.00847992243513312
A-Injury,rear end,Clear,Darkness,Dry,No Controls,unincorporated,2014,0,2,2450,POINT (-88.142648531612 40.0257500160354),POINT,-88.142648531612,40.0257500160354,-0.0036480080146584454,-0.009362443057477231
A-Injury,angle,Clear,Daylight,Dry,Stop Sign/Flasher,unincorporated,2014,0,2,2451,POINT (-88.1804399980767 40.0109096777426),POINT,-88.1804399980767,40.0109096777426,-0.003218247585101987,-0.009734569103324863
A-Injury,fixed object,Sleet/Hail,Darkness,Ice,Lane Use Marking,unincorporated,2015,0,2,2452,POINT (-88.297681164553 39.9192637414928),POINT,-88.297681164553,39.9192637414928,-0.0018849938434504052,-0.012032619134380486
A-Injury,fixed object,Clear,Dawn,Dry,Lane Use Marking,unincorporated,2015,0,1,2453,POINT (-87.9568824914302 39.9090419118576),POINT,-87.9568824914302,39.9090419118576,-0.005760519136715779,-0.012288934655524665
A-Injury,turning,Clear,Darkness,Dry,Lane Use Marking,unincorporated,2015,0,1,2454,POINT (-88.2583491317776 40.0096189876922),POINT,-88.2583491317776,40.00961898769221,-0.0023322734248519723,-0.009766933553204144
A-Injury,fixed object,Snow,Darkness,Ice,No Controls,unincorporated,2015,0,1,2456,POINT (-88.1606113665321 39.9087738599462),POINT,-88.1606113665321,39.9087738599462,-0.003443736617608409,-0.012295656139624448
A-Injury,overturned,Clear,Darkness,Dry,No Controls,unincorporated,2015,0,1,2457,POINT (-88.29438000061 40.0106899998736),POINT,-88.29438000061,40.0106899998736,-0.0019225343193010117,-0.00974007759343743
A-Injury,fixed object,Clear,Daylight,Dry,No Controls,unincorporated,2015,0,1,2458,POINT (-88.208859309795 40.0106808701736),POINT,-88.208859309795,40.0106808701736,-0.002895066275819667,-0.00974030652347208
A-Injury,overturned,Clear,Daylight,Dry,No Controls,sadorus,2015,0,1,2459,POINT (-88.3508747688054 39.9656224200952),POINT,-88.3508747688054,39.96562242009521,-0.001280081984988312,-0.010870161013907174
A-Injury,angle,Clear,Daylight,Dry,Stop Sign/Flasher,ogden,2015,0,1,2460,POINT (-87.9587944133886 40.1166611882077),POINT,-87.9587944133886,40.1166611882077,-0.0057387769689995274,-0.007082817461592745
A-Injury,fixed object,Clear,Daylight,Dry,Lane Use Marking,unincorporated,2015,0,1,2461,POINT (-87.9850328889879 40.1198176461514),POINT,-87.9850328889879,40.1198176461514,-0.005440395889900742,-0.00700366830809657
A-Injury,fixed object,Clear,Darkness,Dry,Lane Use Marking,unincorporated,2015,0,1,2462,POINT (-87.9477740503853 40.1199715091988),POINT,-87.9477740503853,40.1199715091988,-0.0058640993335759145,-0.006999810144872662
A-Injury,overturned,Snow,Daylight,Ice,Lane Use Marking,unincorporated,2015,0,1,2463,POINT (-88.1978666280031 40.2373257632756),POINT,-88.1978666280031,40.2373257632756,-0.003020073852683073,-0.0040571161394275775
A-Injury,fixed object,Snow,Daylight,Ice,Lane Use Marking,unincorporated,2015,0,2,2464,POINT (-88.1975529085048 40.2372967389875),POINT,-88.1975529085048,40.237296738987496,-0.0030236414365574123,-0.004057843932376258
A-Injury,turning,Clear,Daylight,Dry,Lane Use Marking,unincorporated,2000,0,6,321,POINT (-88.4265190137861 40.1106163446657),POINT,-88.4265190137861,40.1106163446657,-0.0004198638919235244,-0.0072343937720966275
A-Injury,head on,Clear,Darkness,Dry,Lane Use Marking,st. joseph,2000,0,4,322,POINT (-88.0512302448308 40.1204289350598),POINT,-88.0512302448308,40.1204289350598,-0.00468760678844781,-0.006988340050757274
A-Injury,head on,Clear,Darkness,Dry,No Controls,savoy,2000,0,2,323,POINT (-88.2512377828237 40.0554081679694),POINT,-88.2512377828237,40.0554081679694,-0.0024131429085491574,-0.008618755778346922
A-Injury,head on,Snow,Daylight,Snow or Slush,Lane Use Marking,urbana,2015,0,2,2465,POINT (-88.2030540489858 40.1350660117234),POINT,-88.2030540489858,40.135066011723396,-0.002961083067768674,-0.00662131085276145
A-Injury,angle,Clear,Daylight,Dry,Traffic Signal,urbana,2015,0,1,2467,POINT (-88.1836223076393 40.1159452821355),POINT,-88.1836223076393,40.1159452821355,-0.003182058708285475,-0.00710076902648234
A-Injury,fixed object,Clear,Darkness,Dry,Lane Use Marking,st joseph,2015,0,2,2468,POINT (-88.0206524791896 40.1202624233349),POINT,-88.0206524791896,40.1202624233349,-0.00503533380002382,-0.006992515383458686
A-Injury,parked motor vehicle,Clear,Darkness,Dry,No Controls,urbana,2015,0,1,2469,POINT (-88.1852269301903 40.0812890522068),POINT,-88.1852269301903,40.0812890522068,-0.0031638111158709876,-0.007969784648155254
A-Injury,turning,Clear,Daylight,Dry,Traffic Signal,urbana,2015,0,2,2470,POINT (-88.1954902355846 40.1338496993026),POINT,-88.1954902355846,40.1338496993026,-0.003047097927748334,-0.006651810260708586
A-Injury,fixed object,Clear,Daylight,Dry,No Controls,urbana,2015,0,1,2471,POINT (-88.1748600757299 40.112889363551),POINT,-88.1748600757299,40.112889363551,-0.003281701852665046,-0.007177397124632522
A-Injury,turning,Clear,Daylight,Dry,Stop Sign/Flasher,urbana,2015,0,1,2472,POINT (-88.2011402525405 40.1237994343313),POINT,-88.2011402525405,40.123799434331296,-0.0029828465519453865,-0.006903823745152355
A-Injury,overturned,Clear,Daylight,Dry,Lane Use Marking,unincorporated,2015,0,1,2473,POINT (-88.1823438126097 40.2087265375553),POINT,-88.1823438126097,40.2087265375553,-0.0031965976141418518,-0.0047742505181474024
A-Injury,overturned,Clear,Daylight,Dry,Lane Use Marking,st joseph,2015,0,2,2474,POINT (-88.0502063757515 40.1203233553511),POINT,-88.0502063757515,40.1203233553511,-0.004699250115804333,-0.00699098749441697
A-Injury,parked motor vehicle,Clear,"Darkness, Lighted Road",Dry,No Controls,urbana,2015,0,1,2475,POINT (-88.2163136027533 40.1006663352),POINT,-88.2163136027533,40.1006663352,-0.0028102968703563594,-0.007483893318910396
A-Injury,angle,Clear,Daylight,Dry,Stop Sign/Flasher,urbana,2015,0,1,2476,POINT (-88.2257587008478 40.1231349263898),POINT,-88.2257587008478,40.1231349263898,-0.0027028882462933517,-0.006920486486110383
A-Injury,angle,Clear,Daylight,Dry,Stop Sign/Flasher,thomasboro,2015,0,3,2477,POINT (-88.1830100010503 40.2387999996248),POINT,-88.1830100010503,40.238799999624796,-0.0031890217919475186,-0.004020149209668476
A-Injury,turning,Rain,Daylight,Wet,Stop Sign/Flasher,urbana,2015,0,2,2478,POINT (-88.2195500007415 40.1298999995318),POINT,-88.2195500007415,40.1298999995318,-0.0027734929058707445,-0.006750850196927979
A-Injury,turning,Clear,Daylight,Dry,Lane Use Marking,unincorporated,2015,0,1,2479,POINT (-88.1436300012948 40.1133599996458),POINT,-88.1436300012948,40.113359999645795,-0.00363684684860869,-0.007165595779842779
A-Injury,angle,Clear,Daylight,Dry,Stop Sign/Flasher,urbana,2015,0,2,2480,POINT (-88.2095910266712 40.0982999818842),POINT,-88.2095910266712,40.0982999818842,-0.0028867452714118483,-0.007543230355918128
A-Injury,overturned,Clear,"Darkness, Lighted Road",Dry,Traffic Signal,urbana,2015,0,2,2481,POINT (-88.2195407540892 40.1273700335189),POINT,-88.2195407540892,40.12737003351889,-0.0027735980577910336,-0.006814289872623857
A-Injury,angle,Clear,Daylight,Dry,Traffic Signal,urbana,2015,0,1,2482,POINT (-88.2193800011326 40.1164299996097),POINT,-88.2193800011326,40.11642999960971,-0.0027754261228580667,-0.007088614586774057
A-Injury,turning,Clear,Darkness,Dry,Traffic Signal,unincorporated,2015,0,2,2483,POINT (-88.2188497779149 40.0835201472038),POINT,-88.2188497779149,40.0835201472038,-0.00278145576338594,-0.007913839255081087
A-Injury,rear end,Clear,Daylight,Dry,No Controls,urbana,2015,0,2,2484,POINT (-88.2050004236337 40.1124951420546),POINT,-88.2050004236337,40.1124951420546,-0.002938949107829837,-0.007187282349871262
A-Injury,sideswipe same direction,Clear,Daylight,Dry,Lane Use Marking,unincorporated,2015,0,1,2485,POINT (-88.1527042315163 40.1204973915955),POINT,-88.1527042315163,40.1204973915955,-0.003533655693496218,-0.006986623482075344
A-Injury,fixed object,Clear,Darkness,Dry,Lane Use Marking,unincorporated,2015,0,1,2486,POINT (-88.1820490188484 40.185733980503),POINT,-88.1820490188484,40.185733980503,-0.0031999499766018967,-0.005350795956060305
A-Injury,rear end,Clear,Daylight,Dry,Other,urbana,2015,0,1,2487,POINT (-88.2205606799246 40.1105400061373),POINT,-88.2205606799246,40.11054000613729,-0.0027619995725734767,-0.007236307984169298
A-Injury,turning,Clear,Daylight,Dry,No Controls,urbana,2015,0,1,2488,POINT (-88.1944930833819 40.1393944135853),POINT,-88.1944930833819,40.13939441358529,-0.0030584374337017718,-0.0065127748451632266
A-Injury,rear end,Clear,Daylight,Dry,No Controls,urbana,2015,0,1,2489,POINT (-88.201712038639 40.1163138963372),POINT,-88.201712038639,40.1163138963372,-0.0029763442628760483,-0.0070915259120319
A-Injury,other non-collision,Rain,Darkness,Wet,No Controls,urbana,2015,0,1,2490,POINT (-88.2158532860225 40.1272237968729),POINT,-88.2158532860225,40.1272237968729,-0.002815531541949464,-0.006817956801487531
A-Injury,sideswipe opposite direction,Clear,Daylight,Dry,No Controls,urbana,2015,0,4,2491,POINT (-88.2209881227759 40.1164285153406),POINT,-88.2209881227759,40.1164285153406,-0.0027571387391480537,-0.007088651805278274
A-Injury,pedestrian,Clear,Daylight,Dry,Stop Sign/Flasher,urbana,2015,0,2,2492,POINT (-88.2191981155866 40.1037001924017),POINT,-88.2191981155866,40.1037001924017,-0.0027774945054242117,-0.007407818416717445
A-Injury,angle,Clear,Daylight,Dry,Stop Sign/Flasher,unincorporated,2015,0,3,2493,POINT (-88.1550505300426 40.2390399926133),POINT,-88.1550505300426,40.2390399926133,-0.003506973842886516,-0.0040141313116879
A-Injury,overturned,Rain,Daylight,Wet,No Controls,unincorporated,2015,0,3,2494,POINT (-88.162712265129 40.1223582948252),POINT,-88.162712265129,40.122358294825204,-0.003419845428196509,-0.006939960761393889
A-Injury,angle,Clear,Dawn,Dry,Stop Sign/Flasher,unincorporated,2015,0,3,2495,POINT (-88.1820900135871 40.1892909083694),POINT,-88.1820900135871,40.1892909083694,-0.0031994837889103333,-0.005261604896114566
A-Injury,turning,Clear,Daylight,Dry,Traffic signal,champaign,1999,0,1,393,POINT (-88.2457633367735 40.0909263625193),POINT,-88.2457633367735,40.0909263625193,-0.0024753977111858757,-0.007728126128757695
A-Injury,rear end,Clear,Daylight,Dry,No Controls,urbana,2015,0,2,2496,POINT (-88.2192196660787 40.1046400039407),POINT,-88.2192196660787,40.1046400039407,-0.0027772494355814254,-0.0073842523534007375
A-Injury,angle,Clear,"Darkness, Lighted Road",Dry,No Controls,urbana,2015,0,2,2497,POINT (-88.2181070002561 40.1144378144913),POINT,-88.2181070002561,40.114437814491296,-0.0027899025498055443,-0.007138569241181795