crash_severity,collision_type,weather,light,road_surface,traffic_control,city,year,fatality,injury,id,Geometry,point,x,y,norm_x,norm_y
A-Injury,angle,Clear,Daylight,Dry,Stop Sign/Flasher,unincorporated,2015,0,5,2498,POINT (-88.1822901050451 40.1892899999213),POINT,-88.1822901050451,40.1892899999213,-0.0031972083707013004,-0.0052616276757300245
A-Injury,sideswipe opposite direction,Clear,Daylight,Dry,No Controls,urbana,2015,0,2,2499,POINT (-88.2015902654928 40.1227854931986),POINT,-88.2015902654928,40.1227854931986,-0.002977729053796251,-0.006929248630824675
A-Injury,pedalcyclist,Clear,Daylight,Dry,Other Warning Sign,urbana,2015,0,1,2500,POINT (-88.2238781868021 40.1078989868156),POINT,-88.2238781868021,40.1078989868156,-0.0027242732466564844,-0.007302532355730002
A-Injury,turning,Clear,Daylight,Dry,Lane Use Marking,unincorporated,2015,0,2,2501,POINT (-88.0478550880386 40.1862402501934),POINT,-88.0478550880386,40.1862402501934,-0.004725988702899115,-0.005338101087904125
A-Injury,overturned,Clear,Daylight,Dry,No Controls,unincorporated,2015,0,5,2502,POINT (-88.119367097756 40.2245888537201),POINT,-88.119367097756,40.2245888537201,-0.003912761937981086,-0.004376498062918278
A-Injury,fixed object,Clear,Daylight,Dry,No Passing,urbana,2015,0,1,2503,POINT (-88.2024936289604 40.1351956759979),POINT,-88.2024936289604,40.1351956759979,-0.002967456103096015,-0.006618059481208687
A-Injury,pedestrian,Clear,Daylight,Dry,No Controls,urbana,2015,0,1,2504,POINT (-88.224260894264 40.1273999824244),POINT,-88.224260894264,40.1273999824244,-0.0027199211391938545,-0.00681353889460949
A-Injury,turning,Clear,Daylight,Dry,Other reg. sign,unincorporated,1999,0,1,460,POINT (-88.0966924404351 40.1207217409045),POINT,-88.0966924404351,40.1207217409045,-0.004170615664810525,-0.0069809978541684956
A-Injury,overturned,Clear,Dawn,Ice,Lane Use Marking,unincorporated,1999,0,1,461,POINT (-88.1614939485197 40.02022741541),POINT,-88.1614939485197,40.02022741541,-0.0034336999916291357,-0.009500923966266527
A-Injury,pedalcyclist,Clear,Daylight,Dry,Stop Sign/Flasher,urbana,2015,0,1,2505,POINT (-88.2159898117218 40.1055501082369),POINT,-88.2159898117218,40.1055501082369,-0.0028139789866064957,-0.007361431208331785
A-Injury,pedestrian,Clear,Daylight,Dry,No Controls,urbana,2015,0,1,2506,POINT (-88.2230394116088 40.1350852322437),POINT,-88.2230394116088,40.1350852322437,-0.002733811706554866,-0.0066208288923047445
A-Injury,pedalcyclist,Rain,Daylight,Dry,No Controls,urbana,2015,0,2,2507,POINT (-88.2255807766883 40.1105586460607),POINT,-88.2255807766883,40.1105586460607,-0.002704911580404701,-0.007235840582358303
A-Injury,pedestrian,Clear,"Darkness, Lighted Road",Dry,Traffic Signal,champaign,2015,0,1,2508,POINT (-88.2302882304196 40.1041700176493),POINT,-88.2302882304196,40.104170017649295,-0.0026513789306576926,-0.007396037404170677
A-Injury,turning,Snow,"Darkness, lighted road",Snow or slush,Traffic signal,champaign,2000,0,1,324,POINT (-88.2435184667744 40.1126019034444),POINT,-88.2435184667744,40.1126019034444,-0.002500926127660907,-0.007184605275194647
A-Injury,turning,Clear,Daylight,Dry,Traffic signal,urbana,2000,0,2,325,POINT (-88.1994081291613 40.127391570635),POINT,-88.1994081291613,40.127391570635,-0.003002544069854217,-0.006813749822815227
A-Injury,fixed object,Fog/Smoke/Haze,Darkness,Dry,Stop Sign/Flasher,unincorporated,2015,0,2,2509,POINT (-88.1820501082052 40.1711099998853),POINT,-88.1820501082052,40.171109999885296,-0.0031999375885553285,-0.005717496766678613
A-Injury,pedalcyclist,Clear,Daylight,Dry,No Controls,champaign,2015,0,1,2510,POINT (-88.2296420935003 40.1273273049038),POINT,-88.2296420935003,40.1273273049038,-0.0026587267291415186,-0.006815361305785632
A-Injury,rear end,Clear,"Darkness, Lighted Road",Dry,Traffic Signal,champaign,2015,0,1,2511,POINT (-88.2570917373749 40.1126513516726),POINT,-88.2570917373749,40.1126513516726,-0.0023465723766836217,-0.0071833653456679376
A-Injury,rear end,Rain,Dusk,Wet,No Controls,champaign,2015,0,1,2512,POINT (-88.249648607456 40.0835563879771),POINT,-88.249648607456,40.0835563879771,-0.002431214837282077,-0.007912930506547212
A-Injury,pedestrian,Clear,Daylight,Dry,No Controls,champaign,2015,0,2,2513,POINT (-88.2517106451795 40.1135560700215),POINT,-88.2517106451795,40.1135560700215,-0.0024077655694786466,-0.007160679254883547
A-Injury,pedestrian,Clear,Daylight,Dry,No Controls,champaign,2015,0,1,2514,POINT (-88.2424889495578 40.1232922458676),POINT,-88.2424889495578,40.1232922458676,-0.0025126336850180317,-0.006916541651831431
A-Injury,turning,Clear,Daylight,Dry,Traffic Signal,champaign,2015,0,1,2515,POINT (-88.2335645376299 40.1163551111492),POINT,-88.2335645376299,40.116355111149204,-0.0026141211228567557,-0.007090492437948121
A-Injury,rear end,Clear,Daylight,Dry,Traffic Signal,champaign,2015,0,3,2516,POINT (-88.254570000581 40.130700000165),POINT,-88.254570000581,40.130700000165,-0.0023752492921134886,-0.006730789935063725
A-Injury,other object,Clear,Daylight,Dry,No Controls,champaign,2015,0,1,2517,POINT (-88.2435348764971 40.1223352802765),POINT,-88.2435348764971,40.1223352802765,-0.0025007395180865273,-0.006940537858279189
A-Injury,turning,Clear,Daylight,Dry,Traffic Signal,champaign,2015,0,1,2518,POINT (-88.2435601642816 40.1271999991724),POINT,-88.2435601642816,40.1271999991724,-0.002500451948162675,-0.006818553536144962
A-Injury,angle,Clear,Daylight,Dry,Stop Sign/Flasher,champaign,2015,0,1,2519,POINT (-88.2436139812692 40.1297199662297),POINT,-88.2436139812692,40.1297199662297,-0.0024998399472568353,-0.006755364587335388
A-Injury,pedestrian,Clear,Daylight,Dry,Stop Sign/Flasher,champaign,2015,0,1,2520,POINT (-88.2430802527852 40.1153193932154),POINT,-88.2430802527852,40.1153193932154,-0.0025059094492901864,-0.007116463383604163
A-Injury,turning,Clear,Daylight,Dry,Stop Sign/Flasher,champaign,2015,0,2,2521,POINT (-88.2321018588619 40.1163500059344),POINT,-88.2321018588619,40.1163500059344,-0.002630754546072261,-0.0070906204527790935
A-Injury,turning,Clear,Daylight,Dry,Traffic Signal,champaign,2015,0,3,2522,POINT (-88.2467898582353 40.1101777639288),POINT,-88.2467898582353,40.110177763928796,-0.002463724221225319,-0.00724539131893075
A-Injury,rear end,Clear,Daylight,Dry,Traffic Signal,champaign,2015,0,1,2523,POINT (-88.2577901424023 40.110160173769),POINT,-88.2577901424023,40.110160173769,-0.0023386301909825956,-0.0072458323975962335
A-Injury,angle,Clear,Daylight,Dry,Traffic Signal,champaign,2015,0,3,2524,POINT (-88.245140001463 40.1102099993335),POINT,-88.245140001463,40.1102099993335,-0.0024824862122645943,-0.007244583006245978
A-Injury,angle,Clear,Daylight,Dry,Traffic Signal,champaign,2015,0,1,2525,POINT (-88.2579100015375 40.1426299994974),POINT,-88.2579100015375,40.1426299994974,-0.002337267165986557,-0.006431641533528589
A-Injury,turning,Clear,Daylight,Dry,Lane Use Marking,champaign,2015,0,1,2526,POINT (-88.2354200009638 40.1163399994054),POINT,-88.2354200009638,40.1163399994054,-0.0025930209964526497,-0.007090871369570677
A-Injury,rear end,Clear,Daylight,Dry,Traffic Signal,champaign,2015,0,2,2527,POINT (-88.2580612490862 40.1319311363886),POINT,-88.2580612490862,40.1319311363886,-0.0023355471953799764,-0.00669991881570312
A-Injury,parked motor vehicle,Clear,"Darkness, Lighted Road",Dry,No Controls,champaign,2015,0,1,2528,POINT (-88.2451399094743 40.1091482191929),POINT,-88.2451399094743,40.1091482191929,-0.002482487258349997,-0.007271207469751039
A-Injury,sideswipe same direction,Clear,"Darkness, Lighted Road",Dry,Traffic Signal,champaign,2015,0,1,2529,POINT (-88.2579166998228 40.1321427664517),POINT,-88.2579166998228,40.1321427664517,-0.0023371909938175754,-0.006694612126798215
A-Injury,pedestrian,Clear,"Darkness, Lighted Road",Dry,No Controls,champaign,2015,0,1,2530,POINT (-88.2516999976742 40.1126296959937),POINT,-88.2516999976742,40.112629695993704,-0.0024078866517462066,-0.007183908368475112
A-Injury,angle,Snow,Daylight,Wet,Stop Sign/Flasher,champaign,2015,0,2,2531,POINT (-88.2385283876291 40.0945291885092),POINT,-88.2385283876291,40.0945291885092,-0.0025576727627513642,-0.007637784159252219
A-Injury,rear end,Clear,Daylight,Dry,Lane Use Marking,unincorporated,2015,0,2,2532,POINT (-88.237376355516 40.1888720240319),POINT,-88.237376355516,40.188872024031895,-0.0025707735461319207,-0.0052721085496774565
A-Injury,angle,Clear,Daylight,Dry,Stop Sign/Flasher,champaign,2015,0,3,2533,POINT (-88.2337699522703 40.1183500971209),POINT,-88.2337699522703,40.1183500971209,-0.0026117851699988806,-0.0070404675512829714
A-Injury,angle,Clear,Daylight,Dry,Traffic Signal,champaign,2015,0,1,2534,POINT (-88.2468597044514 40.1183101993871),POINT,-88.2468597044514,40.1183101993871,-0.002462929937683586,-0.007041467999225877
A-Injury,angle,Clear,Daylight,Dry,Traffic Signal,champaign,2015,0,3,2535,POINT (-88.2335642033152 40.1163551138809),POINT,-88.2335642033152,40.1163551138809,-0.002614124924647079,-0.007090492369450009
A-Injury,turning,Clear,Daylight,Dry,Traffic Signal,champaign,2015,0,2,2536,POINT (-88.2451800008766 40.0944799992359),POINT,-88.2451800008766,40.094479999235894,-0.0024820313433013175,-0.007639017595405226
A-Injury,fixed object,Clear,"Darkness, Lighted Road",Dry,Stop Sign/Flasher,champaign,2015,0,1,2537,POINT (-88.2576891343561 40.1034099853881),POINT,-88.2576891343561,40.103409985388105,-0.0023397788434532407,-0.007415095446817236
A-Injury,pedalcyclist,Clear,Daylight,Dry,Stop Sign/Flasher,champaign,2015,0,1,2538,POINT (-88.2575500004971 40.0896899994802),POINT,-88.2575500004971,40.08968999948021,-0.0023413610585033755,-0.007759128312123841
A-Injury,other non-collision,Cloudy/Overcast,"Darkness, Lighted Road",Wet,No Controls,savoy,2015,0,1,2539,POINT (-88.2483264439016 40.0744225889692),POINT,-88.2483264439016,40.0744225889692,-0.002446250336833542,-0.00814196332516061
A-Injury,turning,Clear,Daylight,Dry,Traffic Signal,champaign,2015,0,2,2540,POINT (-88.2579093109588 40.1182702476831),POINT,-88.2579093109588,40.1182702476831,-0.002337275019172138,-0.007042469800488252
A-Injury,rear end,Clear,Daylight,Dry,Traffic Signal,champaign,2015,0,1,2541,POINT (-88.243560001211 40.1272000001441),POINT,-88.243560001211,40.1272000001441,-0.002500453802583837,-0.006818553511779219
A-Injury,pedestrian,Rain,Darkness,Wet,Stop Sign/Flasher,champaign,2015,0,1,2543,POINT (-88.2385300018245 40.0945335614308),POINT,-88.2385300018245,40.0945335614308,-0.0025576544062975814,-0.007637674506898456
A-Injury,angle,Clear,Darkness,Dry,Other warning sign,mahomet,1999,0,1,394,POINT (-88.3589311799491 40.1852056871092),POINT,-88.3589311799491,40.1852056871092,-0.001188465357275977,-0.0053640430753511955
A-Injury,turning,Clear,Daylight,Dry,Traffic Signal,savoy,2015,0,2,2544,POINT (-88.2539887359239 40.0394298596487),POINT,-88.2539887359239,40.039429859648706,-0.002381859370316056,-0.009019416772550658
A-Injury,turning,Clear,Daylight,Dry,No Controls,savoy,2015,0,1,2545,POINT (-88.2383880208816 40.0681140736727),POINT,-88.2383880208816,40.0681140736727,-0.0025592689980749694,-0.008300151285983132
A-Injury,rear end,Clear,Darkness,Dry,Traffic Signal,champaign,2015,0,1,2546,POINT (-88.2337355444519 40.0834729027846),POINT,-88.2337355444519,40.0834729027846,-0.002612176451952049,-0.007915023923419393
A-Injury,turning,Clear,Daylight,Dry,Traffic Signal,savoy,2015,0,4,2547,POINT (-88.2514191978727 40.0544899994613),POINT,-88.2514191978727,40.054489999461296,-0.00241107987642351,-0.008641779136008991
A-Injury,turning,Rain,Daylight,Wet,Traffic signal,champaign,1999,0,1,462,POINT (-88.2444172147139 40.099341526201),POINT,-88.2444172147139,40.099341526201,-0.0024907056642421597,-0.007517113311916955
A-Injury,turning,Rain,Daylight,Wet,Lane Use Marking,unincorporated,1999,0,3,463,POINT (-88.096863792472 40.31239607198),POINT,-88.096863792472,40.31239607198,-0.004168667068159672,-0.00217470506580113
A-Injury,pedalcyclist,Clear,"Darkness, Lighted Road",Dry,No Controls,champaign,2015,0,1,2548,POINT (-88.2499931481112 40.1126099997837),POINT,-88.2499931481112,40.1126099997837,-0.0024272967585772104,-0.0071844022569972025
A-Injury,fixed object,Clear,Daylight,Dry,No Controls,champaign,2015,0,1,2550,POINT (-88.2986620601606 40.1218080021233),POINT,-88.2986620601606,40.1218080021233,-0.0018738392057211495,-0.006953759520099887
A-Injury,head on,Clear,Daylight,Dry,No Controls,champaign,2015,0,1,2551,POINT (-88.2743242914501 40.1396823660108),POINT,-88.2743242914501,40.139682366010796,-0.002150605653650314,-0.006505554349553208
A-Injury,turning,Clear,Daylight,Dry,No Controls,champaign,2015,0,1,2552,POINT (-88.2769992178709 40.1290848053608),POINT,-88.2769992178709,40.1290848053608,-0.00212018668251283,-0.0067712914414244695
A-Injury,fixed object,Clear,Daylight,Ice,Lane Use Marking,champaign,2015,0,1,2553,POINT (-88.3048837634271 40.1202963703107),POINT,-88.3048837634271,40.120296370310705,-0.001803086675625932,-0.006991664152602259
A-Injury,fixed object,Clear,Darkness,Snow or Slush,Lane Use Marking,mahomet,2015,0,1,2554,POINT (-88.363689838971 40.1866147511622),POINT,-88.363689838971,40.1866147511622,-0.0011343504065561884,-0.005328710360958604
A-Injury,turning,Clear,Daylight,Dry,No Controls,champaign,2000,0,2,326,POINT (-88.2578626440464 40.1202396340934),POINT,-88.2578626440464,40.1202396340934,-0.0023378057102035744,-0.006993086830696567
A-Injury,turning,Clear,Daylight,Wet,Stop Sign/Flasher,champaign,2015,0,1,2555,POINT (-88.2767310996898 40.1119103208639),POINT,-88.2767310996898,40.1119103208639,-0.002123235693187973,-0.007201946921050778
A-Injury,angle,Clear,Darkness,Dry,Traffic Signal,champaign,2015,0,1,2556,POINT (-88.2767700008154 40.1128499995107),POINT,-88.2767700008154,40.1128499995107,-0.0021227933138358427,-0.007178384190046768
A-Injury,angle,Clear,Daylight,Dry,Traffic Signal,champaign,2015,0,1,2557,POINT (-88.2828299064023 40.112889999384),POINT,-88.2828299064023,40.112889999383995,-0.002053880729283762,-0.007177381180924616
A-Injury,fixed object,Clear,"Darkness, Lighted Road",Snow or Slush,Stop Sign/Flasher,champaign,2015,0,1,2558,POINT (-88.262530001265 40.1144399993985),POINT,-88.262530001265,40.1144399993985,-0.0022847290336200873,-0.007138514453961864
A-Injury,fixed object,Clear,Daylight,Dry,No Controls,champaign,2015,0,1,2559,POINT (-88.2745457147161 40.0939088685836),POINT,-88.2745457147161,40.093908868583604,-0.0021480876524502808,-0.00765333887212451
A-Injury,turning,Clear,Daylight,Wet,No Controls,champaign,2015,0,1,2560,POINT (-88.2603894016005 40.1332297370957),POINT,-88.2603894016005,40.133229737095704,-0.0023090716992370287,-0.006667356003674549
A-Injury,turning,Clear,Daylight,Dry,Traffic Signal,unincorporated,2015,0,2,2561,POINT (-88.2951181050268 40.0693327787508),POINT,-88.2951181050268,40.0693327787508,-0.0019141406764791177,-0.008269591881418476
A-Injury,fixed object,Clear,Daylight,Dry,Other,champaign,2015,0,1,2562,POINT (-88.2699199732569 40.1379200512508),POINT,-88.2699199732569,40.137920051250795,-0.0022006910791624247,-0.006549744934042519
A-Injury,angle,Clear,Daylight,Dry,Stop Sign/Flasher,champaign,2015,0,2,2563,POINT (-88.2624899810063 40.1101900922243),POINT,-88.2624899810063,40.1101900922243,-0.002285184139631644,-0.007245082183130231
A-Injury,angle,Clear,Daylight,Dry,Stop Sign/Flasher,champaign,2015,0,1,2565,POINT (-88.2619706642525 40.1490691143873),POINT,-88.2619706642525,40.149069114387295,-0.002291089753042953,-0.006270178747744435
A-Injury,overturned,Clear,"Darkness, Lighted Road",Dry,No Controls,champaign,2015,0,2,2566,POINT (-88.2719038925063 40.1571002091819),POINT,-88.2719038925063,40.1571002091819,-0.0021781301661154833,-0.006068796576342505
A-Injury,rear end,Clear,Daylight,Dry,Lane Use Marking,champaign,2015,0,1,2567,POINT (-88.2826251066804 40.1184869743088),POINT,-88.2826251066804,40.118486974308794,-0.0020562096893557077,-0.007037035313709146
A-Injury,turning,Clear,Daylight,Dry,No Controls,champaign,2015,0,1,2568,POINT (-88.260320174291 40.1272000029554),POINT,-88.260320174291,40.1272000029554,-0.00230985894464069,-0.00681855344128506
A-Injury,overturned,Clear,Dusk,Dry,No Controls,champaign,2015,0,1,2569,POINT (-88.3146500009903 40.1277899994372),POINT,-88.3146500009903,40.127789999437205,-0.0016920260885954874,-0.006803759098089704
A-Injury,pedestrian,Clear,Darkness,Dry,No Controls,champaign,2015,0,1,2570,POINT (-88.278639788053 40.0950739496802),POINT,-88.278639788053,40.095073949680206,-0.0021015302975631407,-0.007624124105384281
A-Injury,angle,Clear,Daylight,Dry,Stop Sign/Flasher,champaign,2015,0,2,2571,POINT (-88.2954813442782 40.1175599955687),POINT,-88.2954813442782,40.117559995568705,-0.0019100099593803532,-0.007060279590647344
A-Injury,fixed object,Clear,Daylight,Dry,Traffic Signal,champaign,2015,0,1,2572,POINT (-88.277384786419 40.143320426968),POINT,-88.277384786419,40.143320426968,-0.0021158020390903637,-0.006414328852408359
A-Injury,turning,Clear,Daylight,Dry,Lane Use Marking,unincorporated,2015,0,1,2573,POINT (-88.4634402170894 40.203708419126),POINT,-88.4634402170894,40.203708419126,-0.0,-0.004900081380749495
A-Injury,angle,Clear,Daylight,Dry,Stop Sign/Flasher,unincorporated,2015,0,1,2574,POINT (-88.3038715027087 40.0253791193407),POINT,-88.3038715027087,40.0253791193407,-0.0018145979939699279,-0.009371743406141473
A-Injury,rear end,Clear,Daylight,Dry,Lane Use Marking,unincorporated,2015,0,2,2575,POINT (-88.3255037189923 40.1740054047281),POINT,-88.3255037189923,40.1740054047281,-0.0015685987927751437,-0.005644893599956781
A-Injury,rear end,Rain,Daylight,Wet,No Controls,mahomet,2015,0,1,2576,POINT (-88.3653100017587 40.1931987843637),POINT,-88.3653100017587,40.1931987843637,-0.0011159260922670138,-0.005163613703950996
A-Injury,parked motor vehicle,Clear,Darkness,Dry,No Controls,champaign,2015,0,1,2577,POINT (-88.2951454753953 40.0999299996801),POINT,-88.2951454753953,40.0999299996801,-0.0019138294236375664,-0.007502357158482821
A-Injury,fixed object,Clear,Darkness,Dry,No Controls,unincorporated,2015,0,1,2578,POINT (-88.3463899507965 40.2414095800124),POINT,-88.3463899507965,40.241409580012395,-0.0013310828456133913,-0.0039547131790471325
A-Injury,parked motor vehicle,Rain,"Darkness, Lighted Road",Wet,No Controls,champaign,2015,0,1,2579,POINT (-88.2873137237551 40.0943829395117),POINT,-88.2873137237551,40.0943829395117,-0.0020028912480103945,-0.007641451397833538
A-Injury,other non-collision,Rain,Daylight,Wet,Lane Use Marking,unincorporated,2015,0,1,2580,POINT (-88.3044471735884 40.0841955610712),POINT,-88.3044471735884,40.084195561071205,-0.0018080515275930998,-0.007896903044677434
A-Injury,rear end,Clear,Daylight,Dry,Lane Use Marking,mahomet,2015,0,1,2581,POINT (-88.3570585847822 40.1807342972598),POINT,-88.3570585847822,40.1807342972598,-0.0012097603050141015,-0.005476164550702621
A-Injury,rear end,Clear,Daylight,Dry,Traffic Signal,champaign,2015,0,1,2582,POINT (-88.2767716147203 40.1128499994753),POINT,-88.2767716147203,40.1128499994753,-0.0021227749606855745,-0.0071783841909344144
A-Injury,turning,Rain,Daylight,Wet,Traffic Signal,champaign,2015,0,1,2583,POINT (-88.2768100005602 40.1164599996991),POINT,-88.2768100005602,40.1164599996991,-0.0021223384411062163,-0.007087862325307933
A-Injury,fixed object,Fog/Smoke/Haze,Daylight,Wet,Lane Use Marking,champaign,2015,0,1,2584,POINT (-88.305309295943 40.1207995252054),POINT,-88.305309295943,40.1207995252054,-0.0017982475663260473,-0.006979047388906082
A-Injury,overturned,Clear,Darkness,Dry,No Controls,unincorporated,2015,0,1,2585,POINT (-88.3360220300212 40.2234515430472),POINT,-88.3360220300212,40.223451543047204,-0.0014489857084241389,-0.0044050164777451285
A-Injury,fixed object,Cloudy/Overcast,Daylight,Dry,No Controls,unincorporated,2015,0,1,2586,POINT (-88.3445905140936 40.1277804758135),POINT,-88.3445905140936,40.1277804758135,-0.0013515458432884044,-0.006803997905882412
A-Injury,pedestrian,Clear,Daylight,Dry,No Controls,champaign,2015,0,1,2587,POINT (-88.2771801939068 40.1369617840347),POINT,-88.2771801939068,40.1369617840347,-0.0021181286427962897,-0.006573773779137152
A-Injury,pedestrian,Clear,Daylight,Dry,No Controls,champaign,2015,0,1,2588,POINT (-88.2772405791414 40.1274145304489),POINT,-88.2772405791414,40.1274145304489,-0.002117441948502836,-0.006813174098421818
A-Injury,overturned,Clear,Darkness,Dry,Lane Use Marking,unincorporated,2015,0,1,2589,POINT (-88.3753395730153 40.3757036054301),POINT,-88.3753395730153,40.375703605430104,-0.0010018709032330554,-0.0005872491985325581
A-Injury,overturned,Clear,Dawn,Dry,Lane Use Marking,unincorporated,2015,0,3,2591,POINT (-88.3849989989051 40.2803168191383),POINT,-88.3849989989051,40.2803168191383,-0.0008920249668878602,-0.0029791021946401182
A-Injury,pedalcyclist,Clear,Daylight,Dry,No Controls,unincorporated,2015,0,1,2592,POINT (-88.1364879739463 40.3274306821372),POINT,-88.1364879739463,40.327430682137205,-0.003718065203658757,-0.001797707593218101
A-Injury,pedestrian,Clear,"Darkness, lighted road",Dry,Traffic signal,urbana,2003,0,1,31,POINT (-88.2019300852411 40.1220186704026),POINT,-88.2019300852411,40.1220186704026,-0.002973864660729107,-0.006948476948219437
A-Injury,rear end,Clear,Daylight,Dry,No Controls,unincorporated,2015,0,1,2593,POINT (-88.2896894279539 40.2969593225812),POINT,-88.2896894279539,40.2969593225812,-0.0019758749993044025,-0.002561786303518028
A-Injury,overturned,Clear,Daylight,Dry,No Controls,unincorporated,2015,0,1,2594,POINT (-88.1940461702663 40.3571708656686),POINT,-88.1940461702663,40.3571708656686,-0.003063519680846435,-0.0010519633465596178
A-Injury,head on,Fog / smoke / haze,Darkness,Wet,Yield,mahomet,1999,0,3,464,POINT (-88.3402676750804 40.1726413947316),POINT,-88.3402676750804,40.172641394731606,-0.0014007046964636613,-0.005679096570029094
A-Injury,turning,Clear,Darkness,Dry,Lane Use Marking,philo,1999,0,3,465,POINT (-88.1613868168925 39.9982715148381),POINT,-88.1613868168925,39.9982715148381,-0.003434918280794203,-0.010051474924178837
A-Injury,rear end,Unknown,Daylight,Dry,No Controls,champaign,1999,0,4,466,POINT (-88.2304267451287 40.1127185850452),POINT,-88.2304267451287,40.1127185850452,-0.0026498037565126182,-0.007181679448176924
A-Injury,rear end,Clear,Daylight,Dry,Traffic Signal,rantoul,2015,0,1,2595,POINT (-88.1751627421631 40.3081845183219),POINT,-88.1751627421631,40.3081845183219,-0.0032782599630398904,-0.002280311068760138
A-Injury,fixed object,Rain,"Darkness, Lighted Road",Wet,No Controls,rantoul,2015,0,2,2596,POINT (-88.1558500005596 40.3163158308489),POINT,-88.1558500005596,40.3163158308489,-0.00349788235147476,-0.0020764159069031167
A-Injury,fixed object,Clear,Darkness,Dry,No Controls,unincorporated,2015,0,2,2597,POINT (-88.3092500148309 40.3547103891263),POINT,-88.3092500148309,40.354710389126296,-0.0017534341414857384,-0.0011136605524132413
A-Injury,fixed object,Clear,Daylight,Ice,Lane Use Marking,unincorporated,2015,0,1,2598,POINT (-88.1055570004544 40.3123090010937),POINT,-88.1055570004544,40.3123090010937,-0.004069808856340202,-0.0021768883950478123
A-Injury,other object,Clear,Darkness,Dry,RR Crossing Gate,rantoul,2015,0,1,2599,POINT (-88.1707236060446 40.2827251287418),POINT,-88.1707236060446,40.282725128741795,-0.0033287413341961257,-0.0029187130908175617
A-Injury,angle,Clear,Daylight,Dry,No Controls,unincorporated,2015,0,5,2600,POINT (-88.0019000014317 40.2837099994216),POINT,-88.0019000014317,40.2837099994216,-0.005248584929191076,-0.00289401715569012
A-Injury,angle,Clear,Daylight,Dry,Stop sign / flasher,champaign,2000,0,1,327,POINT (-88.3145129624667 40.1132597945671),POINT,-88.3145129624667,40.11325979456711,-0.0016935844757203957,-0.007168108453002266
A-Injury,rear end,Clear,Daylight,Dry,Other,mahomet,1999,0,1,467,POINT (-88.3888534952148 40.1876453895257),POINT,-88.3888534952148,40.187645389525706,-0.0008481920557906491,-0.0053028667870897266
A-Injury,turning,Clear,Daylight,Dry,Traffic signal,urbana,2001,0,4,261,POINT (-88.2195613721625 40.1341663829274),POINT,-88.2195613721625,40.1341663829274,-0.0027733635913130134,-0.00664386932144192
A-Injury,fixed object,Rain,Daylight,Wet,No Controls,champaign,2003,0,1,32,POINT (-88.2906447656786 40.1129732579896),POINT,-88.2906447656786,40.1129732579896,-0.0019650110030283116,-0.00717529344578841
A-Injury,turning,Rain,Dawn,Dry,No Controls,unincorporated,2000,0,2,328,POINT (-87.958502434789 40.0762224458529),POINT,-87.958502434789,40.0762224458529,-0.005742097317748233,-0.008096831360375959
A-Injury,rear end,Clear,Daylight,Wet,Traffic Signal,savoy,2004,0,2,469,POINT (-88.2519127109396 40.0510767028603),POINT,-88.2519127109396,40.0510767028603,-0.0024054676997216436,-0.008727368597810559
A-Injury,rear end,Clear,Dawn,Dry,No Controls,unincorporated,2003,0,1,33,POINT (-88.1770750715549 40.3262745832272),POINT,-88.1770750715549,40.3262745832272,-0.003256513162035459,-0.001826697128867467
A-Injury,angle,Clear,Daylight,Dry,Stop sign / flasher,champaign,2000,0,2,329,POINT (-88.3145129624667 40.1132597945671),POINT,-88.3145129624667,40.11325979456711,-0.0016935844757203957,-0.007168108453002266
A-Injury,turning,Clear,Daylight,Dry,Traffic signal,champaign,2000,0,3,330,POINT (-88.2578328618776 40.1163193710851),POINT,-88.2578328618776,40.1163193710851,-0.002338144389774701,-0.007091388631045061
A-Injury,pedalcyclist,Clear,Daylight,Dry,Stop Sign/Flasher,urbana,2012,0,2,2711,POINT (-88.2159897681505 40.1074605183598),POINT,-88.2159897681505,40.107460518359794,-0.0028139794820946154,-0.00731352708708102
A-Injury,rear end,Severe Cross Wind,Darkness,Ice,Traffic Signal,savoy,2004,0,1,470,POINT (-88.2491725096057 40.0689961100169),POINT,-88.2491725096057,40.0689961100169,-0.002436628970042582,-0.008278033953441047
A-Injury,rear end,Clear,Daylight,Dry,No Controls,urbana,2003,0,1,34,POINT (-88.2149462555 40.1164701708931),POINT,-88.2149462555,40.1164701708931,-0.002825846193997533,-0.007087607279490935
A-Injury,angle,Clear,Daylight,Dry,Traffic signal,urbana,2000,0,1,331,POINT (-88.1627749750589 40.1133433836615),POINT,-88.1627749750589,40.1133433836615,-0.0034191322977221144,-0.007166012430758073
A-Injury,angle,Snow,Daylight,Snow or slush,No Controls,st. joseph,2000,0,1,332,POINT (-88.0201667906035 40.1201835625498),POINT,-88.0201667906035,40.1201835625498,-0.005040856997584472,-0.006994492841893493
A-Injury,rear end,Rain,"Darkness, Lighted Road",Wet,Stop Sign/Flasher,savoy,2004,0,1,471,POINT (-88.248757886681 40.0716765570111),POINT,-88.248757886681,40.0716765570111,-0.002441344016662617,-0.00821082092086876