crash_severity,collision_type,weather,light,road_surface,traffic_control,city,year,fatality,injury,id,Geometry,point,x,y,norm_x,norm_y
A-Injury,turning,Clear,Daylight,Dry,Traffic signal,urbana,2003,0,3,35,POINT (-88.2050046678331 40.1163119581311),POINT,-88.2050046678331,40.11631195813111,-0.002938900843257887,-0.007091574513145747
A-Injury,overturned,Clear,Daylight,Dry,Lane Use Marking,unincorporated,2000,0,3,333,POINT (-88.1055512266676 40.120671268753),POINT,-88.1055512266676,40.120671268753,-0.004069874515213113,-0.0069822634588867
A-Injury,fixed object,Clear,Daylight,Dry,Lane Use Marking,unincorporated,2000,0,2,334,POINT (-88.2501840298419 40.1764650737197),POINT,-88.2501840298419,40.176465073719704,-0.002425126072381218,-0.005583216643685226
A-Injury,pedalcyclist,Clear,Dusk,Dry,No Controls,champaign,2010,0,1,2803,POINT (-88.2299337896495 40.125154549452),POINT,-88.2299337896495,40.125154549452,-0.002655409592388088,-0.0068698438168255166
A-Injury,turning,Clear,Darkness,Wet,Traffic Signal,champaign,2004,0,1,472,POINT (-88.2446384669096 40.0980915312516),POINT,-88.2446384669096,40.098091531251605,-0.0024881896084348676,-0.007548457319625617
A-Injury,rear end,Clear,Daylight,Wet,Traffic Signal,champaign,2004,0,1,473,POINT (-88.2446384669096 40.0980915312516),POINT,-88.2446384669096,40.098091531251605,-0.0024881896084348676,-0.007548457319625617
A-Injury,rear end,Clear,Daylight,Dry,No Controls,champaign,2004,0,1,474,POINT (-88.2443059601382 40.1000311461071),POINT,-88.2443059601382,40.1000311461071,-0.002491970839127274,-0.007499820880724979
A-Injury,angle,Clear,Daylight,Dry,No Controls,champaign,2003,0,2,36,POINT (-88.2816950349486 40.112897959128),POINT,-88.2816950349486,40.112897959128,-0.0020667863635197184,-0.007177181587896241
A-Injury,turning,Clear,Dusk,Wet,Yield,unincorporated,2000,0,1,335,POINT (-88.2584031962917 40.0102661808612),POINT,-88.2584031962917,40.0102661808612,-0.00233165860910196,-0.009750704985490539
A-Injury,rear end,Clear,Daylight,Dry,No Controls,champaign,2004,0,3,475,POINT (-88.2435184667744 40.1126019034444),POINT,-88.2435184667744,40.1126019034444,-0.002500926127660907,-0.007184605275194647
A-Injury,turning,Rain,Daylight,Wet,Traffic Signal,champaign,2004,0,3,476,POINT (-88.2435184667744 40.1126019034444),POINT,-88.2435184667744,40.1126019034444,-0.002500926127660907,-0.007184605275194647
A-Injury,overturned,Rain,Darkness,Wet,Lane Use Marking,champaign,2003,0,1,37,POINT (-88.2701755726744 40.1376598859336),POINT,-88.2701755726744,40.1376598859336,-0.0021977844304997777,-0.006556268659367631
A-Injury,fixed object,Clear,Daylight,Dry,Lane Use Marking,unincorporated,2000,0,2,337,POINT (-88.1760798495346 40.3275406938434),POINT,-88.1760798495346,40.327540693843396,-0.003267830718165356,-0.0017949490158586038
A-Injury,angle,Snow,Darkness,Ice,Stop sign / flasher,unincorporated,2000,0,3,338,POINT (-88.0465327470314 40.1862478496605),POINT,-88.0465327470314,40.186247849660504,-0.0047410262204244935,-0.005337910528929794
A-Injury,fixed object,Clear,"Darkness, Lighted Road",Dry,No Controls,champaign,2004,0,1,477,POINT (-88.2415409932109 40.1126177620677),POINT,-88.2415409932109,40.11261776206771,-0.002523413741071729,-0.007184207615338963
A-Injury,rear end,Clear,"Darkness, Lighted Road",Dry,Traffic Signal,champaign,2004,0,1,478,POINT (-88.2387337511384 40.1126458498797),POINT,-88.2387337511384,40.112645849879705,-0.002555337391350727,-0.00718350330481658
A-Injury,sideswipe - same dir,Clear,Daylight,Dry,No Controls,champaign,2000,0,2,341,POINT (-88.2830888930562 40.1467983980933),POINT,-88.2830888930562,40.146798398093296,-0.002050935561338635,-0.006327117657023733
A-Injury,angle,Clear,Daylight,Dry,Traffic Signal,champaign,2004,0,1,479,POINT (-88.2387337511384 40.1126458498797),POINT,-88.2387337511384,40.112645849879705,-0.002555337391350727,-0.00718350330481658
A-Injury,rear end,Clear,Daylight,Dry,No Controls,champaign,2004,0,2,480,POINT (-88.2304267451287 40.1127185850452),POINT,-88.2304267451287,40.1127185850452,-0.0026498037565126182,-0.007181679448176924
A-Injury,rear end,Clear,Daylight,Dry,No Controls,champaign,2000,0,1,342,POINT (-88.2452229073556 40.0944696690598),POINT,-88.2452229073556,40.0944696690598,-0.002481543415507854,-0.007639276627747186
A-Injury,turning,Rain,"Darkness, lighted road",Wet,Traffic signal,urbana,2000,0,1,343,POINT (-88.2050046678331 40.1163119581311),POINT,-88.2050046678331,40.11631195813111,-0.002938900843257887,-0.007091574513145747
A-Injury,angle,Clear,"Darkness, Lighted Road",Dry,Traffic Signal,champaign,2004,0,1,481,POINT (-88.2289391994858 40.1127293825505),POINT,-88.2289391994858,40.112729382550505,-0.0026667199631138037,-0.007181408697411372
A-Injury,rear end,Clear,Daylight,Dry,No Controls,urbana,2004,0,1,482,POINT (-88.2271150592042 40.1164072406053),POINT,-88.2271150592042,40.1164072406053,-0.0026874638871878663,-0.007089185275807628
A-Injury,rear end,Clear,Daylight,Dry,Traffic signal,champaign,2003,0,2,38,POINT (-88.2579447238729 40.1380089461832),POINT,-88.2579447238729,40.138008946183206,-0.002336872307380301,-0.006547515866278616
A-Injury,rear end,Clear,"Darkness, Lighted Road",Dry,Traffic Signal,urbana,2004,0,3,483,POINT (-88.2193700773236 40.1164391840334),POINT,-88.2193700773236,40.116439184033396,-0.0027755389753303028,-0.007088384284525996
A-Injury,rear end,Clear,"Darkness, Lighted Road",Dry,Traffic Signal,urbana,2004,0,5,484,POINT (-88.2191501550909 40.1164406306891),POINT,-88.2191501550909,40.1164406306891,-0.002778039906943618,-0.007088348009189448
A-Injury,pedestrian,Clear,"Darkness, lighted road",Dry,No Controls,urbana,2003,0,1,39,POINT (-88.201552478683 40.1228664670112),POINT,-88.201552478683,40.12286646701121,-0.0029781587612707078,-0.006927218187575438
A-Injury,turning,Clear,Daylight,Dry,Traffic Signal,urbana,2004,0,2,485,POINT (-88.2050046678331 40.1163119581311),POINT,-88.2050046678331,40.11631195813111,-0.002938900843257887,-0.007091574513145747
A-Injury,fixed object,Clear,"Darkness, Lighted Road",Dry,Traffic Signal,urbana,2004,0,2,486,POINT (-88.1994081291613 40.127391570635),POINT,-88.1994081291613,40.127391570635,-0.003002544069854217,-0.006813749822815227
A-Injury,angle,Clear,Daylight,Dry,Stop sign / flasher,urbana,2000,0,3,344,POINT (-88.1907147565022 40.1419727195052),POINT,-88.1907147565022,40.141972719505205,-0.0031014041543592046,-0.006448123031435524
A-Injury,pedalcyclist,Clear,Daylight,Dry,Stop sign / flasher,champaign,2000,0,1,345,POINT (-88.2484692855978 40.1126263889481),POINT,-88.2484692855978,40.1126263889481,-0.0024446259566635892,-0.00718399129366046
A-Injury,turning,Clear,"Darkness, lighted road",Dry,Traffic signal,champaign,2003,0,2,40,POINT (-88.2446384669096 40.0980915312516),POINT,-88.2446384669096,40.098091531251605,-0.0024881896084348676,-0.007548457319625617
A-Injury,parked motor vehicle,Snow,Daylight,Snow or slush,No Controls,unincorporated,2000,0,1,346,POINT (-88.1621378109447 40.1203205383604),POINT,-88.1621378109447,40.1203205383604,-0.0034263780584461753,-0.0069910581313248005
A-Injury,rear end,Clear,Daylight,Dry,Lane Use Marking,urbana,2000,0,1,347,POINT (-88.2038383265606 40.118433439079),POINT,-88.2038383265606,40.118433439079,-0.0029521643488364495,-0.007038377726057465
A-Injury,overturned,Snow,Daylight,Snow or slush,No Controls,urbana,2000,0,1,348,POINT (-88.189799989904 40.1435722274013),POINT,-88.189799989904,40.14357222740129,-0.003111806780215323,-0.006408014879119196
A-Injury,pedestrian,Snow,"Darkness, lighted road",Snow or slush,No Controls,unincorporated,2000,0,1,349,POINT (-88.18077378993 40.1145126750446),POINT,-88.18077378993,40.1145126750446,-0.0032144517405984668,-0.0071366920897893114
A-Injury,pedalcyclist,Clear,Daylight,Dry,Traffic Signal,urbana,2004,0,1,487,POINT (-88.1994081291613 40.127391570635),POINT,-88.1994081291613,40.127391570635,-0.003002544069854217,-0.006813749822815227
A-Injury,rear end,Clear,Daylight,Snow or Slush,No Controls,urbana,2004,0,1,488,POINT (-88.1945929381125 40.1355032178927),POINT,-88.1945929381125,40.135503217892705,-0.0030573018966101135,-0.006610347773632447
A-Injury,rear end,Clear,"Darkness, lighted road",Dry,No Controls,champaign,2000,0,2,350,POINT (-88.2579156342044 40.1232022949806),POINT,-88.2579156342044,40.1232022949806,-0.002337203111913715,-0.0069187971979813995
A-Injury,angle,Rain,Daylight,Wet,Traffic signal,champaign,2000,0,2,351,POINT (-88.2467999536647 40.1126179344272),POINT,-88.2467999536647,40.112617934427206,-0.0024636094171046397,-0.007184203293371524
A-Injury,rear end,Clear,Daylight,Dry,Lane Use Marking,unincorporated,2004,0,1,489,POINT (-88.1818386511653 40.159502164173),POINT,-88.1818386511653,40.159502164173006,-0.003202342254920668,-0.006008566816379522
A-Injury,rear end,Clear,Daylight,Dry,No Controls,unincorporated,2004,0,1,490,POINT (-88.1819688009922 40.1711221762088),POINT,-88.1819688009922,40.1711221762088,-0.0032008622053023724,-0.005717191441622797
A-Injury,overturned,Clear,Darkness,Dry,No Controls,unincorporated,2000,0,1,352,POINT (-88.1771759607068 40.2667010134229),POINT,-88.1771759607068,40.266701013422896,-0.0032553658616177156,-0.003320522709586267
A-Injury,angle,Snow,Daylight,Ice,No Controls,champaign,2000,0,1,353,POINT (-88.2690859604027 40.1590590593922),POINT,-88.2690859604027,40.159059059392206,-0.00221017538226061,-0.006019677805005382
A-Injury,turning,Clear,Daylight,Dry,Stop Sign/Flasher,unincorporated,2004,0,1,491,POINT (-88.1822013661942 40.1892946028907),POINT,-88.1822013661942,40.189294602890705,-0.003198217499222764,-0.005261512254856865
A-Injury,fixed object,Clear,"Darkness, Lighted Road",Dry,No Controls,rantoul,2004,0,1,492,POINT (-88.1687857512704 40.2870567795549),POINT,-88.1687857512704,40.287056779554895,-0.003350778407061645,-0.0028100956147689427
A-Injury,sideswipe same direction,Clear,Daylight,Dry,No Controls,rantoul,2004,0,2,493,POINT (-88.1681801082118 40.3083376863135),POINT,-88.1681801082118,40.3083376863135,-0.003357665713783849,-0.0022764703342742117
A-Injury,fixed object,Clear,Daylight,Dry,No Controls,unincorporated,2004,0,2,494,POINT (-88.0613664956469 40.3126186065272),POINT,-88.0613664956469,40.3126186065272,-0.004572338451113408,-0.0021691249436043016
A-Injury,pedestrian,Clear,Daylight,Wet,No Controls,unincorporated,2010,0,2,3447,POINT (-88.2734519647289 40.143943179759),POINT,-88.2734519647289,40.143943179759,-0.002160525657859832,-0.0063987131346880805
A-Injury,pedestrian,Clear,"Darkness, lighted road",Wet,No Controls,champaign,2010,0,1,3450,POINT (-88.2337636039307 40.1214450558028),POINT,-88.2337636039307,40.121445055802795,-0.0026118573626234876,-0.0069628605106865265
A-Injury,pedestrian,Clear,Daylight,Dry,No Controls,champaign,2010,0,1,3453,POINT (-88.2354879465929 40.1079628421227),POINT,-88.2354879465929,40.1079628421227,-0.0025922483261786606,-0.007300931164269927
A-Injury,pedestrian,Rain,Daylight,Wet,No Controls,champaign,2010,0,1,3455,POINT (-88.2539429206728 40.1126495235437),POINT,-88.2539429206728,40.1126495235437,-0.00238238037634822,-0.0071834111865622646
A-Injury,pedestrian,Clear,Darkness,Dry,No Controls,unincorporated,2010,0,1,3459,POINT (-88.2283150119767 40.0835001766927),POINT,-88.2283150119767,40.0835001766927,-0.0026738181553017304,-0.00791434002178745
A-Injury,pedestrian,Clear,Daylight,Dry,No Controls,champaign,2010,0,1,3464,POINT (-88.2511423237451 40.1288032649433),POINT,-88.2511423237451,40.12880326494329,-0.002414228458766158,-0.006778351153962346
A-Injury,pedestrian,Clear,"Darkness, lighted road",Dry,No Controls,urbana,2010,0,1,3467,POINT (-88.2222074647494 40.1164201568227),POINT,-88.2222074647494,40.116420156822706,-0.002743272515385734,-0.007088861397684611
A-Injury,pedestrian,Clear,"Darkness, lighted road",Dry,No Controls,champaign,2010,0,1,3470,POINT (-88.2764162169815 40.1128462301025),POINT,-88.2764162169815,40.1128462301025,-0.002126816504959416,-0.007178478709116474
A-Injury,pedestrian,Clear,Daylight,Dry,No Controls,champaign,2010,0,1,3471,POINT (-88.2859157243488 40.0983813394834),POINT,-88.2859157243488,40.098381339483396,-0.002018789144588072,-0.0075411902891022705
A-Injury,head on,Snow,Daylight,Ice,Lane Use Marking,unincorporated,2004,0,2,495,POINT (-88.0604008497035 40.3126260686799),POINT,-88.0604008497035,40.3126260686799,-0.004583319671326728,-0.0021689378278309905
A-Injury,overturned,Clear,Daylight,Ice,Lane Use Marking,unincorporated,2004,0,1,496,POINT (-88.0503116539144 40.3126933506721),POINT,-88.0503116539144,40.3126933506721,-0.004698052904032847,-0.002167250711188448
A-Injury,pedestrian,Clear,Daylight,Dry,Traffic Signal,champaign,2010,0,1,3478,POINT (-88.2445883723397 40.0980934446604),POINT,-88.2445883723397,40.0980934446604,-0.002488759278413112,-0.007548409340311743
A-Injury,rear end,Clear,Darkness,Dry,No Controls,unincorporated,2002,0,2,43,POINT (-88.0650363070632 40.3126095141166),POINT,-88.0650363070632,40.3126095141166,-0.004530605756455097,-0.0021693529385958714
A-Injury,pedestrian,Clear,Daylight,Snow or Slush,Traffic Signal,champaign,2010,0,1,3485,POINT (-88.2860601406215 40.112910943994),POINT,-88.2860601406215,40.112910943994,-0.0020171468585061018,-0.007176855988388567
A-Injury,pedestrian,Snow,Darkness,Snow or Slush,No Controls,unincorporated,2010,0,1,3486,POINT (-88.1715224575134 40.1077304067223),POINT,-88.1715224575134,40.1077304067223,-0.003319656882532828,-0.0073067595534051025
A-Injury,pedestrian,Clear,Darkness,Dry,No Controls,champaign,2010,0,1,3487,POINT (-88.26845498276 40.1273118204988),POINT,-88.26845498276,40.1273118204988,-0.0022173507911064324,-0.006815749582002314
A-Injury,pedestrian,Clear,Darkness,Dry,Other,champaign,2011,0,1,3492,POINT (-88.2435091115853 40.1163595649879),POINT,-88.2435091115853,40.116359564987896,-0.002501032513849782,-0.007090380756573447
A-Injury,pedestrian,Rain,"Darkness, lighted road",Wet,Traffic Signal,urbana,2011,0,1,3493,POINT (-88.1906998147208 40.0984098714558),POINT,-88.1906998147208,40.0984098714558,-0.0031015740706655604,-0.0075404748411211295
A-Injury,pedestrian,Clear,Daylight,Dry,No Controls,urbana,2011,0,1,3498,POINT (-88.2035990490459 40.105640562549),POINT,-88.2035990490459,40.105640562549,-0.0029548853866028547,-0.007359163038642666
A-Injury,pedestrian,Rain,Darkness,Wet,No Controls,urbana,2011,0,1,3500,POINT (-88.1956617695502 40.1056896247093),POINT,-88.1956617695502,40.1056896247093,-0.003045147262224197,-0.007357932789887334
A-Injury,pedestrian,Clear,Daylight,Dry,No Controls,champaign,2011,0,1,3501,POINT (-88.235392504874 40.1126505144051),POINT,-88.235392504874,40.112650514405104,-0.002593333678983095,-0.0071833863404079405
A-Injury,pedestrian,Clear,Daylight,Dry,No Controls,champaign,2011,0,1,3502,POINT (-88.235601661912 40.1163411416249),POINT,-88.235601661912,40.1163411416249,-0.002590955167988299,-0.007090842728065427
A-Injury,pedestrian,Clear,"Darkness, lighted road",Dry,No Controls,champaign,2011,0,1,3505,POINT (-88.2452174378777 40.1212965769275),POINT,-88.2452174378777,40.1212965769275,-0.002481605613813208,-0.006966583664139346
A-Injury,pedestrian,Clear,Darkness,Dry,Stop Sign/Flasher,champaign,2011,0,1,3506,POINT (-88.2320800272746 40.1126803308579),POINT,-88.2320800272746,40.1126803308579,-0.002631002812498768,-0.007182638683686051
A-Injury,pedestrian,Clear,"Darkness, lighted road",Dry,Traffic Signal,champaign,2011,0,2,3510,POINT (-88.2335492036491 40.1126691988351),POINT,-88.2335492036491,40.1126691988351,-0.0026142954992118173,-0.0071829178225806395
A-Injury,pedestrian,Clear,Darkness,Dry,School Zone,urbana,2011,0,1,3512,POINT (-88.2049991586243 40.1036900070834),POINT,-88.2049991586243,40.103690007083394,-0.0029389634933786103,-0.007408073816705874
A-Injury,pedestrian,Rain,Darkness,Wet,No Controls,urbana,2011,0,2,3514,POINT (-88.2074239992347 40.1129908430836),POINT,-88.2074239992347,40.1129908430836,-0.0029113884707658764,-0.0071748524941492465
A-Injury,pedestrian,Rain,Darkness,Wet,Traffic Signal,champaign,2011,0,1,3516,POINT (-88.2579100794734 40.1182694965733),POINT,-88.2579100794734,40.1182694965733,-0.002337266279707918,-0.007042488634797488
A-Injury,pedestrian,Rain,"Darkness, lighted road",Wet,Traffic Signal,champaign,2011,0,1,3518,POINT (-88.2468109054203 40.1126098810458),POINT,-88.2468109054203,40.1126098810458,-0.0024634848749359797,-0.007184405234386587
A-Injury,pedestrian,Clear,Daylight,Snow or Slush,No Controls,champaign,2011,0,1,3520,POINT (-88.2484902741488 40.1126102822963),POINT,-88.2484902741488,40.112610282296295,-0.0024443872771537033,-0.0071843951729070234
A-Injury,pedestrian,Rain,"Darkness, lighted road",Wet,No Controls,champaign,2011,0,1,3523,POINT (-88.2335713617701 40.1101435427583),POINT,-88.2335713617701,40.1101435427583,-0.002614043519479637,-0.007246249425303342
A-Injury,rear end,Clear,Daylight,Dry,No Controls,urbana,2003,0,1,44,POINT (-88.1887775078619 40.1452964781826),POINT,-88.1887775078619,40.1452964781826,-0.0031234343343362627,-0.006364778760599636
A-Injury,pedestrian,Clear,Daylight,Dry,No Controls,urbana,2011,0,1,3526,POINT (-88.2194715180836 40.1211951643367),POINT,-88.2194715180836,40.121195164336704,-0.0027743854020856914,-0.006969126616036188
A-Injury,pedestrian,Rain,Darkness,Wet,Stop Sign/Flasher,champaign,2011,0,1,3532,POINT (-88.2335494232931 40.1144290680257),POINT,-88.2335494232931,40.1144290680257,-0.002614293001444308,-0.007138788561496012
A-Injury,pedestrian,Other,Dusk,Dry,No Controls,rantoul,2011,0,1,3535,POINT (-88.1412232019493 40.3215817900836),POINT,-88.1412232019493,40.321581790083606,-0.0036642167079271085,-0.0019443703598985328
A-Injury,pedestrian,Clear,Daylight,Dry,Traffic Signal,urbana,2012,0,1,3537,POINT (-88.2126408536794 40.1164908841194),POINT,-88.2126408536794,40.11649088411939,-0.002852062971736064,-0.007087087888972705
A-Injury,pedestrian,Rain,"Darkness, lighted road",Wet,Lane Use Marking,urbana,2012,0,1,3538,POINT (-88.2239400191976 40.1113730104384),POINT,-88.2239400191976,40.1113730104384,-0.002723570095407341,-0.007215420145184155
A-Injury,pedestrian,Clear,Darkness,Dry,No Controls,urbana,2012,0,1,3542,POINT (-88.1735300120003 40.1058093910238),POINT,-88.1735300120003,40.1058093910238,-0.003296827192146197,-0.007354929612725163
A-Injury,pedestrian,Clear,Daylight,Dry,Lane Use Marking,mahomet,2012,0,1,3543,POINT (-88.3888229634812 40.1876164441801),POINT,-88.3888229634812,40.1876164441801,-0.0008485392593308796,-0.005303592600530977
A-Injury,pedestrian,Clear,Daylight,Wet,Traffic Signal,champaign,2012,0,1,3551,POINT (-88.2681887109867 40.1273085314534),POINT,-88.2681887109867,40.1273085314534,-0.002220378804633734,-0.006815832055826923
A-Injury,pedestrian,Clear,Daylight,Dry,Traffic Signal,urbana,2012,0,1,3552,POINT (-88.190699842529 40.0984099066275),POINT,-88.190699842529,40.098409906627495,-0.003101573754433765,-0.007540473959180065
A-Injury,pedestrian,Clear,"Darkness, lighted road",Dry,Traffic Signal,champaign,2012,0,1,3553,POINT (-88.2387099288848 40.1102299060727),POINT,-88.2387099288848,40.1102299060727,-0.0025556082954170667,-0.007244083838639434
A-Injury,pedestrian,Clear,"Darkness, lighted road",Dry,Traffic Signal,urbana,2012,0,1,3555,POINT (-88.2193802116011 40.1128301566526),POINT,-88.2193802116011,40.112830156652606,-0.002775423729433275,-0.0071788817558148315
A-Injury,pedestrian,Clear,"Darkness, lighted road",Dry,Other Warning Sign,urbana,2012,0,1,3557,POINT (-88.2279844500816 40.1041933366927),POINT,-88.2279844500816,40.1041933366927,-0.002677577269073217,-0.007395452671987023
A-Injury,pedestrian,Rain,Daylight,Wet,Other,urbana,2012,0,3,3563,POINT (-88.2191999584708 40.1037001637469),POINT,-88.2191999584708,40.1037001637469,-0.0027774735483463153,-0.00740781913524544
A-Injury,pedalcyclist,Clear,"Darkness, lighted road",Dry,No Controls,champaign,2000,0,1,354,POINT (-88.2579473002304 40.1300628698443),POINT,-88.2579473002304,40.130062869844295,-0.0023368430093241386,-0.006746766173762306
A-Injury,fixed object,Clear,Daylight,Dry,No Controls,unincorporated,2000,0,3,355,POINT (-88.3030887947702 39.9371272928748),POINT,-88.3030887947702,39.9371272928748,-0.0018234988631696035,-0.011584685090733723
A-Injury,overturned,Clear,Daylight,Dry,Lane Use Marking,unincorporated,2000,0,1,356,POINT (-88.2580735977242 40.16868743215),POINT,-88.2580735977242,40.16868743215,-0.0023354067680170913,-0.00577824339754016
A-Injury,pedestrian,Clear,"Darkness, lighted road",Dry,No Controls,champaign,2012,0,1,3566,POINT (-88.2467002287022 40.1221500013215),POINT,-88.2467002287022,40.1221500013215,-0.002464743478487674,-0.006945183785046028
A-Injury,turning,Clear,Daylight,Dry,No Controls,champaign,2003,0,1,45,POINT (-88.2578328618776 40.1163193710851),POINT,-88.2578328618776,40.1163193710851,-0.002338144389774701,-0.007091388631045061
A-Injury,pedestrian,Clear,Daylight,Dry,No Controls,champaign,2012,0,1,3573,POINT (-88.2611211617437 40.1490807114509),POINT,-88.2611211617437,40.1490807114509,-0.0023007502028016846,-0.0062698879478086484
A-Injury,pedestrian,Clear,Darkness,Dry,No Controls,champaign,2012,0,1,3578,POINT (-88.2759080652741 40.1293906950236),POINT,-88.2759080652741,40.1293906950236,-0.0021325951506825,-0.006763621164073688
A-Injury,pedestrian,Clear,Daylight,Dry,Stop Sign/Flasher,champaign,2012,0,1,3585,POINT (-88.2386306632774 40.1026998943827),POINT,-88.2386306632774,40.1026998943827,-0.0025565096952480516,-0.007432901197118795
A-Injury,pedestrian,Clear,Daylight,Wet,No Controls,champaign,2013,0,1,3587,POINT (-88.2763309331188 40.0982563461419),POINT,-88.2763309331188,40.098256346141895,-0.0021277863437325034,-0.007544324535573771
A-Injury,pedestrian,Rain,Darkness,Wet,Traffic Signal,champaign,2013,0,1,3588,POINT (-88.2426396190591 40.1163709565319),POINT,-88.2426396190591,40.116370956531895,-0.002510920287903258,-0.007090095110104946
A-Injury,pedestrian,Rain,"Darkness, lighted road",Wet,Traffic Signal,champaign,2013,0,1,3593,POINT (-88.2420810256713 40.117780249258),POINT,-88.2420810256713,40.117780249258,-0.0025172725509072895,-0.007054756661664014
A-Injury,pedestrian,Clear,Daylight,Dry,No Controls,urbana,2013,0,1,3594,POINT (-88.2094589963622 40.1045189611262),POINT,-88.2094589963622,40.1045189611262,-0.002888246705667252,-0.007387287539192931
A-Injury,pedestrian,Clear,Daylight,Snow or Slush,Lane Use Marking,unincorporated,2013,0,1,3595,POINT (-88.138874016939 40.3803089178262),POINT,-88.138874016939,40.380308917826206,-0.0036909313833176083,-0.00047176957414381434
A-Injury,pedestrian,Clear,Darkness,Dry,No Controls,champaign,2013,0,1,3596,POINT (-88.2754900015208 40.1100463883892),POINT,-88.2754900015208,40.1100463883892,-0.0021373493260296913,-0.007248685600981888
A-Injury,pedestrian,Clear,Daylight,Dry,No Controls,champaign,2013,0,1,3605,POINT (-88.2574098269763 40.0981499995507),POINT,-88.2574098269763,40.09814999955071,-0.0023429550964740855,-0.0075469912090476154
A-Injury,angle,Clear,Daylight,Wet,Stop sign / flasher,unincorporated,2000,0,2,357,POINT (-88.3065265325992 40.0254024320214),POINT,-88.3065265325992,40.0254024320214,-0.0017844052840022297,-0.00937115883350458
A-Injury,pedestrian,Clear,"Darkness, lighted road",Dry,No passing,rantoul,2000,0,1,358,POINT (-88.1557692938791 40.3075933272871),POINT,-88.1557692938791,40.3075933272871,-0.003498800139031612,-0.002295135365739109
A-Injury,pedestrian,Clear,Daylight,Dry,Traffic Signal,champaign,2013,0,1,3607,POINT (-88.2304004486867 40.1091401141153),POINT,-88.2304004486867,40.1091401141153,-0.0026501027967793145,-0.007271410707064151
A-Injury,rear end,Clear,Daylight,Dry,No Controls,unincorporated,2003,0,2,46,POINT (-88.3035283944078 40.0397403103942),POINT,-88.3035283944078,40.0397403103942,-0.001818499784098006,-0.009011632124648963
A-Injury,pedestrian,Clear,Darkness,Dry,Lane Use Marking,champaign,2013,0,1,3620,POINT (-88.2725709900718 40.1128020697852),POINT,-88.2725709900718,40.112802069785204,-0.0021705440054521526,-0.0071795860426511916
A-Injury,pedestrian,Clear,Daylight,Dry,Traffic Signal,urbana,2013,0,1,3624,POINT (-88.224020000866 40.1164000001846),POINT,-88.224020000866,40.116400000184605,-0.0027226605526087535,-0.007089366831582819
A-Injury,pedestrian,Clear,Daylight,Dry,Stop Sign/Flasher,champaign,2014,0,1,3635,POINT (-88.2817423097205 40.0983400228863),POINT,-88.2817423097205,40.0983400228863,-0.002066248759976374,-0.007542226315478672
A-Injury,pedestrian,Clear,Daylight,Dry,Lane Use Marking,champaign,2014,0,1,3638,POINT (-88.2364062266332 40.1274013257951),POINT,-88.2364062266332,40.127401325795105,-0.002581805745842562,-0.006813505209175989
A-Injury,pedestrian,Clear,Daylight,Dry,No Controls,champaign,2014,0,1,3639,POINT (-88.2810781305 40.1032142712093),POINT,-88.2810781305,40.103214271209296,-0.002073801733539023,-0.0074200030400296876
A-Injury,pedestrian,Clear,Daylight,Dry,No Controls,champaign,2014,0,1,3642,POINT (-88.2665041629917 40.1272840491356),POINT,-88.2665041629917,40.1272840491356,-0.0022395353004691404,-0.00681644595747361
A-Injury,pedestrian,Clear,"Darkness, lighted road",Wet,Lane Use Marking,champaign,2014,0,1,3643,POINT (-88.2723295936388 40.0982399951714),POINT,-88.2723295936388,40.0982399951714,-0.0021732891393261003,-0.007544734541186647
A-Injury,pedestrian,Clear,Daylight,Dry,No Controls,champaign,2014,0,1,3644,POINT (-88.2591100298971 40.1380791567567),POINT,-88.2591100298971,40.1380791567567,-0.0023236205745322236,-0.006545755314559595
A-Injury,pedestrian,Clear,Daylight,Dry,Traffic Signal,champaign,2014,0,1,3646,POINT (-88.2468700014912 40.1271923425195),POINT,-88.2468700014912,40.1271923425195,-0.0024628128408714007,-0.00681874552907066
A-Injury,angle,Clear,Darkness,Dry,No Controls,champaign,2000,0,1,359,POINT (-88.2769584873616 40.1277172488567),POINT,-88.2769584873616,40.127717248856705,-0.002120649865416521,-0.006805583341265334
A-Injury,pedestrian,Clear,Daylight,Dry,No Controls,unincorporated,2014,0,1,3650,POINT (-88.2747173122704 40.1416162683971),POINT,-88.2747173122704,40.1416162683971,-0.002146136263802386,-0.006457061152573978
A-Injury,pedestrian,Rain,"Darkness, lighted road",Wet,Traffic Signal,unincorporated,2014,0,1,3651,POINT (-88.2384395116347 40.0833209774493),POINT,-88.2384395116347,40.0833209774493,-0.002558683450853916,-0.007918833497916599
A-Injury,pedestrian,Clear,Daylight,Dry,Traffic Signal,champaign,2014,0,1,3653,POINT (-88.2385191270673 40.0980400081864),POINT,-88.2385191270673,40.098040008186395,-0.002557778072848799,-0.007549749276328234
A-Injury,pedestrian,Clear,Daylight,Dry,Other,urbana,2014,0,1,3658,POINT (-88.2192200017682 40.1046400001537),POINT,-88.2192200017682,40.1046400001537,-0.002777245618157018,-0.00738425244836095