crash_severity,collision_type,weather,light,road_surface,traffic_control,city,year,fatality,injury,id,Geometry,point,x,y,norm_x,norm_y
A-Injury,pedestrian,Clear,Darkness,Wet,No Controls,urbana,2014,0,1,3659,POINT (-88.1673017196158 40.1112616747752),POINT,-88.1673017196158,40.11126167477521,-0.0033676546529715894,-0.007218211921172544
A-Injury,turning,Clear,Dawn,Dry,No Controls,unincorporated,2004,0,2,497,POINT (-88.4258329562566 40.195340440625),POINT,-88.4258329562566,40.195340440625,-0.00042766566322701604,-0.005109911014675406
A-Injury,pedalcyclist,Clear,Daylight,Dry,Stop Sign/Flasher,mahomet,2004,0,1,498,POINT (-88.4066175099537 40.1919068426359),POINT,-88.4066175099537,40.1919068426359,-0.0006461816201286947,-0.00519600954002604
A-Injury,fixed object,Clear,Darkness,Dry,Stop Sign/Flasher,unincorporated,2004,0,2,499,POINT (-88.3339329642852 40.1694230522497),POINT,-88.3339329642852,40.169423052249705,-0.0014727423358340409,-0.005759797497349219
A-Injury,pedestrian,Clear,Daylight,Dry,No Controls,urbana,2014,0,1,3662,POINT (-88.2004125221565 40.1254302061287),POINT,-88.2004125221565,40.125430206128705,-0.0029911222223992237,-0.0068629316408972945
A-Injury,overturned,Clear,Daylight,Dry,Lane Use Marking,unincorporated,2003,0,1,47,POINT (-88.1064878216408 40.1206652480529),POINT,-88.1064878216408,40.120665248052894,-0.004059223659460329,-0.006982414429793112
A-Injury,pedestrian,Clear,Daylight,Dry,Traffic Signal,urbana,2014,0,1,3666,POINT (-88.2128186612493 40.116489818325),POINT,-88.2128186612493,40.116489818325,-0.0028500409634689564,-0.007087114614094828
A-Injury,pedestrian,Clear,Daylight,Dry,Traffic Signal,urbana,2014,0,1,3667,POINT (-88.2156798712409 40.1164539514851),POINT,-88.2156798712409,40.1164539514851,-0.0028175035959077635,-0.007088013986133815
A-Injury,pedestrian,Clear,Daylight,Ice,Lane Use Marking,unincorporated,2014,0,2,3670,POINT (-88.1394980734616 40.379045388431),POINT,-88.1394980734616,40.379045388431,-0.0036838346806937726,-0.000503452962242675
A-Injury,pedestrian,Fog/Smoke/Haze,Darkness,Ice,Other Warning Sign,unincorporated,2014,0,1,3672,POINT (-88.033639058355 40.2395730369882),POINT,-88.033639058355,40.239573036988205,-0.00488765183997575,-0.004000765060084943
A-Injury,pedestrian,Clear,Daylight,Dry,Lane Use Marking,champaign,2005,0,1,3676,POINT (-88.2469754516474 40.1347511311834),POINT,-88.2469754516474,40.1347511311834,-0.0024616136732109758,-0.006629206579122346
A-Injury,pedestrian,Clear,"Darkness, lighted road",Dry,No Controls,champaign,2005,0,1,3678,POINT (-88.2388061320679 40.1241423297854),POINT,-88.2388061320679,40.1241423297854,-0.002554514283324986,-0.006895225536206093
A-Injury,pedestrian,Clear,Daylight,Dry,No Controls,champaign,2005,0,1,3682,POINT (-88.2387058559046 40.1109134033882),POINT,-88.2387058559046,40.1109134033882,-0.002555654612903147,-0.007226944933289299
A-Injury,pedestrian,Clear,Daylight,Dry,Traffic Signal,urbana,2005,0,1,3694,POINT (-88.2239613691299 40.1127749752943),POINT,-88.2239613691299,40.1127749752943,-0.0027233273063088175,-0.007180265445341695
A-Injury,turning,Clear,Daylight,Dry,Stop sign / flasher,st. joseph,2000,0,2,361,POINT (-88.0431137523001 40.119307737179),POINT,-88.0431137523001,40.119307737179,-0.00477990665513188,-0.007016454432367901
A-Injury,rear end,Clear,Daylight,Dry,No Controls,champaign,2000,0,1,362,POINT (-88.2534556006848 40.1126410684527),POINT,-88.2534556006848,40.1126410684527,-0.002387922126033127,-0.00718362320056886
A-Injury,pedestrian,Rain,Daylight,Wet,No Controls,urbana,2005,0,1,3696,POINT (-88.2076181225184 40.1124807618199),POINT,-88.2076181225184,40.112480761819896,-0.002909180921983296,-0.007187642938678111
A-Injury,rear end,Clear,Daylight,Dry,No Controls,champaign,2000,0,1,271,POINT (-88.2446131461347 40.0982302725513),POINT,-88.2446131461347,40.0982302725513,-0.002488477553521943,-0.007544978338875178
A-Injury,other object,Clear,Darkness,Dry,Lane Use Marking,unincorporated,2000,0,1,272,POINT (-88.1051763954933 40.1206705902442),POINT,-88.1051763954933,40.1206705902442,-0.004074137054393168,-0.00698228047270343
A-Injury,pedestrian,Clear,Daylight,Dry,No Controls,urbana,2005,0,1,3701,POINT (-88.1678601547572 40.1133309599387),POINT,-88.1678601547572,40.1133309599387,-0.0033613041895285897,-0.007166323959427389
A-Injury,pedestrian,Clear,Daylight,Dry,Traffic Signal,urbana,2005,0,1,3703,POINT (-88.20902056614 40.116525243238),POINT,-88.20902056614,40.116525243238,-0.002893232486274648,-0.007086226323508754
A-Injury,pedestrian,Clear,Daylight,Dry,No Controls,champaign,2005,0,1,3705,POINT (-88.2518038041985 40.1255399767328),POINT,-88.2518038041985,40.125539976732796,-0.002406706175288141,-0.0068601791092470915
A-Injury,turning,Clear,Daylight,Unknown,Traffic signal,unincorporated,2003,0,2,48,POINT (-88.2954350365736 40.1130326373836),POINT,-88.2954350365736,40.1130326373836,-0.0019105365655400428,-0.0071738044892258
A-Injury,pedestrian,Clear,Daylight,Dry,Other,urbana,2005,0,1,3721,POINT (-88.2221028814759 40.0981494859246),POINT,-88.2221028814759,40.0981494859246,-0.0027444618249507554,-0.007547004088380135
A-Injury,pedestrian,Clear,Daylight,Dry,No Controls,champaign,2005,0,1,3722,POINT (-88.2534293823804 40.0940785258179),POINT,-88.2534293823804,40.0940785258179,-0.0023882202777275345,-0.0076490846648078
A-Injury,pedestrian,Fog/Smoke/Haze,Darkness,Ice,Unknown,champaign,2007,0,1,3726,POINT (-88.2320601041925 40.1079798715944),POINT,-88.2320601041925,40.1079798715944,-0.0026312293756127524,-0.007300504145030785
A-Injury,pedestrian,Clear,Daylight,Dry,Unknown,urbana,2007,0,1,3728,POINT (-88.20192908635 40.1220232148876),POINT,-88.20192908635,40.1220232148876,-0.002973876020009566,-0.006948362993860846
A-Injury,pedestrian,Clear,Daylight,Dry,Unknown,urbana,2007,0,1,3729,POINT (-88.2049952037702 40.1162792649482),POINT,-88.2049952037702,40.116279264948204,-0.002939008467547632,-0.007092394304759627
A-Injury,pedestrian,Clear,Daylight,Dry,Unknown,champaign,2007,0,1,3731,POINT (-88.2689011771719 40.1273122038326),POINT,-88.2689011771719,40.1273122038326,-0.00221227671698179,-0.006815739969789269
A-Injury,pedestrian,Clear,Darkness,Dry,Unknown,champaign,2007,0,1,3735,POINT (-88.2625590073809 40.1163505727532),POINT,-88.2625590073809,40.116350572753205,-0.0022843991792377907,-0.007090606239623266
A-Injury,pedestrian,Clear,Daylight,Dry,Unknown,urbana,2007,0,1,3739,POINT (-88.2089190150263 40.1124915473748),POINT,-88.2089190150263,40.112491547374795,-0.0028943873144496,-0.007187372487572641
A-Injury,overturned,Rain,Daylight,Wet,No Controls,champaign,2000,0,1,363,POINT (-88.3041807320783 40.0805651713848),POINT,-88.3041807320783,40.0805651713848,-0.0018110814713488425,-0.007987936182348165
A-Injury,fixed object,Severe cross wind,Daylight,Ice,No Controls,unincorporated,2000,0,2,364,POINT (-88.3034989982409 39.9746998540861),POINT,-88.3034989982409,39.974699854086104,-0.001818834074097834,-0.010642541565426406
A-Injury,pedestrian,Clear,Daylight,Dry,Unknown,urbana,2007,0,1,3744,POINT (-88.2194976560578 40.1206386616805),POINT,-88.2194976560578,40.120638661680495,-0.002774088163897498,-0.006983081091255897
A-Injury,pedestrian,Clear,Daylight,Dry,Unknown,urbana,2007,0,1,3745,POINT (-88.2192508406763 40.1059790852007),POINT,-88.2192508406763,40.1059790852007,-0.0027768949214620497,-0.007350674479061174
A-Injury,turning,Clear,Daylight,Dry,Stop Sign/Flasher,champaign,2004,0,6,500,POINT (-88.2627419354162 40.1342505295401),POINT,-88.2627419354162,40.1342505295401,-0.0022823189415973116,-0.006641759319254794
A-Injury,pedestrian,Clear,Daylight,Dry,Traffic Signal,champaign,2004,0,1,501,POINT (-88.2579296297565 40.1321592484929),POINT,-88.2579296297565,40.1321592484929,-0.0023370439560235364,-0.006694198834547255
A-Injury,fixed object,Clear,Daylight,Dry,No Controls,urbana,1999,0,1,395,POINT (-88.20129892268 40.1234313451369),POINT,-88.20129892268,40.1234313451369,-0.0029810421724468473,-0.006913053694883097
A-Injury,pedestrian,Clear,Daylight,Unknown,Unknown,urbana,2007,0,1,3757,POINT (-88.2217103711647 40.1090800166519),POINT,-88.2217103711647,40.109080016651895,-0.0027489254093449908,-0.00727291766943797
A-Injury,pedestrian,Clear,Daylight,Dry,Traffic Signal,champaign,2008,0,1,3776,POINT (-88.2579034539181 40.1182694417485),POINT,-88.2579034539181,40.1182694417485,-0.0023373416247992446,-0.00704249000954609
A-Injury,pedestrian,Clear,Daylight,Dry,No Controls,champaign,2008,0,1,3778,POINT (-88.2350448087219 40.1102729055467),POINT,-88.2350448087219,40.1102729055467,-0.00259728764165409,-0.007243005613607329
A-Injury,pedestrian,Clear,Daylight,Ice,No Controls,urbana,2008,0,1,3787,POINT (-88.2284266289458 40.1103735713161),POINT,-88.2284266289458,40.1103735713161,-0.0026725488593185207,-0.007240481388486534
A-Injury,pedestrian,Clear,Daylight,Dry,Stop Sign/Flasher,champaign,2008,0,1,3791,POINT (-88.2468687766537 40.1202113312187),POINT,-88.2468687766537,40.120211331218705,-0.002462826769589739,-0.006993796533982239
A-Injury,pedestrian,Clear,Daylight,Dry,Traffic Signal,urbana,2008,0,1,3793,POINT (-88.2239889413726 40.1128111217479),POINT,-88.2239889413726,40.112811121747896,-0.002723013757775899,-0.0071793590619033554
A-Injury,pedestrian,Clear,Darkness,Dry,No Controls,urbana,2008,0,1,3795,POINT (-88.2182456893914 40.110603905649),POINT,-88.2182456893914,40.110603905649,-0.002788325392104715,-0.007234705684265175
A-Injury,rear end,Clear,Darkness,Dry,Traffic signal,rantoul,2000,0,2,365,POINT (-88.1355440970237 40.3121331328579),POINT,-88.1355440970237,40.3121331328579,-0.00372879886894497,-0.0021812983451370413
A-Injury,turning,Clear,Daylight,Dry,Stop sign / flasher,unincorporated,2000,0,1,366,POINT (-88.3149345750782 40.1605537267694),POINT,-88.3149345750782,40.1605537267694,-0.0016887899431452804,-0.005982198560937024
A-Injury,turning,Clear,Daylight,Dry,Lane Use Marking,champaign,2000,0,2,367,POINT (-88.239012114526 40.1417687000452),POINT,-88.239012114526,40.141768700045205,-0.002552171873305989,-0.006453238882127592
A-Injury,angle,Rain,Daylight,Wet,Traffic Signal,champaign,2004,0,2,502,POINT (-88.2579296297565 40.1321592484929),POINT,-88.2579296297565,40.1321592484929,-0.0023370439560235364,-0.006694198834547255
A-Injury,rear end,Clear,Daylight,Dry,No Controls,champaign,2004,0,2,503,POINT (-88.2579578754618 40.1308942995155),POINT,-88.2579578754618,40.130894299515504,-0.0023367227489475445,-0.00672591781910604
A-Injury,pedestrian,Clear,"Darkness, lighted road",Dry,No Controls,champaign,2008,0,1,3804,POINT (-88.2320504653094 40.110299991431),POINT,-88.2320504653094,40.110299991431,-0.0026313389879387317,-0.007242326426730098
A-Injury,pedestrian,Clear,Daylight,Dry,Traffic Signal,urbana,2008,0,1,3806,POINT (-88.2156192888248 40.1164501497193),POINT,-88.2156192888248,40.1164501497193,-0.0028181925325276155,-0.007088109316580228
A-Injury,pedestrian,Clear,Daylight,Wet,No Controls,champaign,2008,0,1,3809,POINT (-88.2951587696771 40.088680234933),POINT,-88.2951587696771,40.088680234933,-0.0019136782425167626,-0.007784448468630727
A-Injury,pedestrian,Clear,Darkness,Dry,No Controls,champaign,2009,0,1,3816,POINT (-88.2961372098039 40.1093545339774),POINT,-88.2961372098039,40.109354533977395,-0.0019025515282469695,-0.007266034063091555
A-Injury,pedestrian,Clear,Darkness,Dry,No Controls,champaign,2009,0,1,3822,POINT (-88.2541137366633 40.1126498233272),POINT,-88.2541137366633,40.1126498233272,-0.0023804378755584903,-0.007183403669398795
A-Injury,pedestrian,Clear,Daylight,Dry,No Controls,fisher,2009,0,1,3836,POINT (-88.3496486201198 40.3157155872327),POINT,-88.3496486201198,40.3157155872327,-0.0012940256139373826,-0.0020914672001441444
A-Injury,pedestrian,Clear,Daylight,Dry,Stop Sign/Flasher,champaign,2009,0,1,3838,POINT (-88.276599634314 40.1045673248563),POINT,-88.276599634314,40.1045673248563,-0.002124730703084693,-0.007386074803789773
A-Injury,turning,Clear,Dawn,Dry,Traffic signal,champaign,2000,0,2,368,POINT (-88.246877418792 40.0835447688794),POINT,-88.246877418792,40.0835447688794,-0.0024627284921368,-0.007913221858994672
A-Injury,turning,Clear,Darkness,Dry,Lane Use Marking,champaign,2004,0,1,504,POINT (-88.2579578754618 40.1308942995155),POINT,-88.2579578754618,40.130894299515504,-0.0023367227489475445,-0.00672591781910604
A-Injury,turning,Clear,Daylight,Dry,Other Regualtory Sign,champaign,2004,0,1,505,POINT (-88.2579522249559 40.1294349316295),POINT,-88.2579522249559,40.1294349316295,-0.0023367870058835422,-0.00676251191757886
A-Injury,pedestrian,Rain,Daylight,Wet,No Controls,urbana,2009,0,1,3848,POINT (-88.2045987190108 40.11248019111),POINT,-88.2045987190108,40.112480191109995,-0.0029435172489326593,-0.007187657249404354
A-Injury,pedestrian,Clear,Daylight,Dry,Other Warning Sign,champaign,2009,0,1,3849,POINT (-88.2386912386381 40.1079468779865),POINT,-88.2386912386381,40.1079468779865,-0.002555820838861496,-0.007301331469893927
A-Injury,pedestrian,Rain,Darkness,Wet,Traffic Signal,champaign,2009,0,1,3851,POINT (-88.2335626825195 40.1163554469249),POINT,-88.2335626825195,40.1163554469249,-0.0026141422189696084,-0.007090484018269317
A-Injury,turning,Clear,Daylight,Dry,Stop Sign/Flasher,rantoul,2005,0,2,587,POINT (-88.1365136631982 40.3125273621717),POINT,-88.1365136631982,40.3125273621717,-0.0037177730682915987,-0.002171412923874635
A-Injury,pedestrian,Clear,"Darkness, lighted road",Dry,No Controls,urbana,2009,0,2,3854,POINT (-88.2287612428903 40.1173598488223),POINT,-88.2287612428903,40.117359848822296,-0.0026687436660837076,-0.007065298331855308
A-Injury,pedestrian,Clear,Daylight,Dry,No Controls,mahomet,2006,0,1,3860,POINT (-88.4009010478584 40.1943320051464),POINT,-88.4009010478584,40.1943320051464,-0.0007111886028007615,-0.005135197844378412
A-Injury,pedestrian,Clear,"Darkness, lighted road",Dry,No Controls,champaign,2006,0,1,3876,POINT (-88.2436208197678 40.1284417108248),POINT,-88.2436208197678,40.128441710824795,-0.002499762180597653,-0.006787417234655536
A-Injury,pedestrian,Clear,Daylight,Dry,No Controls,champaign,2006,0,1,3877,POINT (-88.2435309210844 40.1212132168621),POINT,-88.2435309210844,40.1212132168621,-0.002500784498607729,-0.006968673943410981
A-Injury,pedestrian,Clear,Darkness,Dry,No Controls,champaign,2006,0,1,3878,POINT (-88.2484154609834 40.1437322537124),POINT,-88.2484154609834,40.14373225371239,-0.0024452380443006727,-0.006404002170162947
A-Injury,pedestrian,Rain,Daylight,Wet,Traffic Signal,champaign,2006,0,1,3881,POINT (-88.2468468828576 40.1163417351464),POINT,-88.2468468828576,40.1163417351464,-0.002463075743448066,-0.007090827845331351
A-Injury,pedestrian,Clear,Daylight,Dry,Stop Sign/Flasher,urbana,2006,0,2,3882,POINT (-88.2192523166444 40.1059768134269),POINT,-88.2192523166444,40.1059768134269,-0.002776878136913944,-0.00735073144448779
A-Injury,pedestrian,Clear,Dusk,Dry,No Controls,champaign,2006,0,1,3886,POINT (-88.2724605431086 40.1200340923848),POINT,-88.2724605431086,40.1200340923848,-0.00217179999625618,-0.006998240852240415
A-Injury,pedestrian,Clear,"Darkness, lighted road",Dry,No Controls,urbana,2006,0,3,3888,POINT (-88.2160501768253 40.1127805312967),POINT,-88.2160501768253,40.1127805312967,-0.0028132925212416763,-0.00718012612687315
A-Injury,pedestrian,Clear,"Darkness, lighted road",Wet,No Controls,champaign,2006,0,1,3890,POINT (-88.2368854626155 40.1193188022904),POINT,-88.2368854626155,40.119318802290394,-0.0025763559265876428,-0.007016176971297353
A-Injury,pedestrian,Clear,Daylight,Dry,No Controls,champaign,2006,0,1,3893,POINT (-88.2652437285152 40.1273192121104),POINT,-88.2652437285152,40.1273192121104,-0.002253868823687964,-0.0068155642350685545
A-Injury,pedestrian,Clear,Daylight,Dry,No Controls,champaign,2006,0,1,3894,POINT (-88.2370248123614 40.1303739513409),POINT,-88.2370248123614,40.1303739513409,-0.002574771256495264,-0.006738965709582582
A-Injury,pedestrian,Clear,Daylight,Dry,No Controls,urbana,2015,0,1,3920,POINT (-88.2230394116088 40.1350852322437),POINT,-88.2230394116088,40.1350852322437,-0.002733811706554866,-0.0066208288923047445
A-Injury,pedestrian,Clear,"Darkness, Lighted Road",Dry,Traffic Signal,champaign,2015,0,1,3921,POINT (-88.2302882304196 40.1041700176493),POINT,-88.2302882304196,40.104170017649295,-0.0026513789306576926,-0.007396037404170677
A-Injury,pedestrian,Clear,Daylight,Dry,No Controls,champaign,2015,0,2,3923,POINT (-88.2517106451795 40.1135560700215),POINT,-88.2517106451795,40.1135560700215,-0.0024077655694786466,-0.007160679254883547
A-Injury,pedestrian,Clear,Daylight,Dry,No Controls,champaign,2015,0,1,3925,POINT (-88.2424889495578 40.1232922458676),POINT,-88.2424889495578,40.1232922458676,-0.0025126336850180317,-0.006916541651831431
A-Injury,rear end,Clear,Daylight,Dry,No Controls,champaign,2004,0,3,506,POINT (-88.2579347161796 40.1258432388159),POINT,-88.2579347161796,40.1258432388159,-0.002336986113775499,-0.006852574719265325
A-Injury,angle,Clear,Daylight,Dry,Stop Sign/Flasher,champaign,2004,0,3,507,POINT (-88.2578881601207 40.1212447022993),POINT,-88.2578881601207,40.1212447022993,-0.0023375155441931338,-0.0069678844363919995
A-Injury,pedestrian,Clear,"Darkness, Lighted Road",Dry,Traffic Signal,champaign,2004,0,1,508,POINT (-88.2578465808394 40.1182575235972),POINT,-88.2578465808394,40.1182575235972,-0.0023379883792393604,-0.007042788860854605
A-Injury,pedestrian,Clear,Daylight,Dry,Stop Sign/Flasher,champaign,2015,0,1,3926,POINT (-88.2430802527852 40.1153193932154),POINT,-88.2430802527852,40.1153193932154,-0.0025059094492901864,-0.007116463383604163
A-Injury,pedestrian,Clear,"Darkness, Lighted Road",Dry,No Controls,champaign,2015,0,1,3929,POINT (-88.2516999976742 40.1126296959937),POINT,-88.2516999976742,40.112629695993704,-0.0024078866517462066,-0.007183908368475112
A-Injury,pedestrian,Rain,Darkness,Wet,Stop Sign/Flasher,champaign,2015,0,1,3932,POINT (-88.2385300018245 40.0945335614308),POINT,-88.2385300018245,40.0945335614308,-0.0025576544062975814,-0.007637674506898456
A-Injury,pedestrian,Clear,Darkness,Dry,No Controls,champaign,2015,0,1,3939,POINT (-88.278639788053 40.0950739496802),POINT,-88.278639788053,40.095073949680206,-0.0021015302975631407,-0.007624124105384281
A-Injury,rear end,Clear,Daylight,Dry,Police / flagman,champaign,2003,0,3,50,POINT (-88.3050483745466 40.1240493796338),POINT,-88.3050483745466,40.124049379633796,-0.0018012147359515924,-0.00689755628983818
A-Injury,rear end,Clear,Daylight,Dry,No Controls,champaign,2003,0,1,51,POINT (-88.2771476716101 40.1358500041829),POINT,-88.2771476716101,40.1358500041829,-0.002118498482802783,-0.006601652000774845
A-Injury,rear end,Clear,Daylight,Dry,No Controls,champaign,2005,0,2,684,POINT (-88.2457014880101 40.091332986292),POINT,-88.2457014880101,40.091332986292,-0.00247610104856906,-0.007717929912627123
A-Injury,fixed object,Snow,Darkness,Snow or slush,No Controls,ogden,2003,0,2,52,POINT (-87.9554752341689 40.1199606286742),POINT,-87.9554752341689,40.1199606286742,-0.005776522312609476,-0.007000082977372552
A-Injury,rear end,Clear,Daylight,Wet,No Controls,champaign,2003,0,1,54,POINT (-88.2767915047882 40.1128753059218),POINT,-88.2767915047882,40.1128753059218,-0.0021225487730055005,-0.007177749624007227
A-Injury,turning,Clear,Daylight,Dry,Other,urbana,2010,0,4,1694,POINT (-88.1621603328049 40.0839895476106),POINT,-88.1621603328049,40.0839895476106,-0.0034261219423114887,-0.007902068895547808
A-Injury,overturned,Clear,Daylight,Dry,No Controls,unincorporated,2003,0,2,55,POINT (-88.3147628644507 40.1384575212127),POINT,-88.3147628644507,40.1384575212127,-0.0016907426176492437,-0.006536267709484722
A-Injury,pedestrian,Clear,Daylight,Dry,Traffic signal,urbana,2003,0,1,56,POINT (-88.2156940193367 40.1164623883943),POINT,-88.2156940193367,40.1164623883943,-0.002817342705307384,-0.007087802428041468
A-Injury,fixed object,Clear,Daylight,Dry,No Controls,unincorporated,2003,0,2,57,POINT (-88.1826246695633 40.2222115188391),POINT,-88.1826246695633,40.2222115188391,-0.0031934037395370284,-0.004436110466049965
A-Injury,pedestrian,Clear,Daylight,Dry,No Controls,urbana,2006,0,1,877,POINT (-88.2049982390267 40.1135682050863),POINT,-88.2049982390267,40.113568205086295,-0.0029389739509422105,-0.007160374964402532
A-Injury,fixed object,Clear,"Darkness, lighted road",Dry,Lane Use Marking,urbana,2003,0,6,58,POINT (-88.214254284422 40.1350789722816),POINT,-88.214254284422,40.135078972281605,-0.002833715213528674,-0.006620985862779208
A-Injury,turning,Rain,Daylight,Wet,Traffic signal,champaign,2003,0,6,59,POINT (-88.2767915047882 40.1128753059218),POINT,-88.2767915047882,40.1128753059218,-0.0021225487730055005,-0.007177749624007227
A-Injury,rear end,Clear,Daylight,Dry,Lane Use Marking,mahomet,2003,0,2,60,POINT (-88.367547450232 40.1880463690074),POINT,-88.367547450232,40.188046369007395,-0.0010904820725729921,-0.005292812103291882
A-Injury,rear end,Clear,Daylight,Dry,No Controls,champaign,2003,0,2,61,POINT (-88.2838388992904 40.1461407772809),POINT,-88.2838388992904,40.1461407772809,-0.002042406572349005,-0.006343607701101993
A-Injury,fixed object,Rain,"Darkness, lighted road",Wet,Lane Use Marking,rantoul,2003,0,2,62,POINT (-88.1574327935031 40.3037817356047),POINT,-88.1574327935031,40.3037817356047,-0.003479883002972716,-0.0023907121991759406
A-Injury,rear end,Clear,Daylight,Dry,Traffic signal,champaign,2003,0,3,63,POINT (-88.2579447238729 40.1380089461832),POINT,-88.2579447238729,40.138008946183206,-0.002336872307380301,-0.006547515866278616
A-Injury,turning,Rain,Daylight,Wet,Traffic signal,champaign,2003,0,1,64,POINT (-88.2767915047882 40.1128753059218),POINT,-88.2767915047882,40.1128753059218,-0.0021225487730055005,-0.007177749624007227
A-Injury,rear end,Clear,"Darkness, lighted road",Dry,Traffic signal,champaign,2003,0,3,65,POINT (-88.2451371508181 40.112631524087),POINT,-88.2451371508181,40.112631524087,-0.0024825186294871347,-0.007183862528473599
A-Injury,turning,Clear,Dusk,Dry,No Controls,philo,2003,0,5,66,POINT (-88.1614198297287 40.0110299132795),POINT,-88.1614198297287,40.0110299132795,-0.0034345428624261804,-0.009731554160266744
A-Injury,pedalcyclist,Clear,Daylight,Dry,No Controls,champaign,2006,0,1,878,POINT (-88.2354082155845 40.1160718717565),POINT,-88.2354082155845,40.1160718717565,-0.002593155018499007,-0.007097594752811466
A-Injury,fixed object,Clear,Darkness,Dry,Stop sign / flasher,unincorporated,2003,0,2,67,POINT (-88.0781449344722 40.3125229675484),POINT,-88.0781449344722,40.3125229675484,-0.004381535877109326,-0.002171523120405243
A-Injury,pedestrian,Clear,Darkness,Wet,No Controls,champaign,2006,0,1,879,POINT (-88.2335776551185 40.1090905058447),POINT,-88.2335776551185,40.109090505844705,-0.002613971952209002,-0.007272654649703
A-Injury,fixed object,Clear,Dawn,Dry,No Controls,unincorporated,2003,0,1,68,POINT (-88.4236442667536 40.3109316209306),POINT,-88.4236442667536,40.3109316209306,-0.00045255520123565644,-0.0022114266261588694
A-Injury,rear end,Clear,Daylight,Dry,Lane Use Marking,unincorporated,2003,0,2,69,POINT (-88.4631955621515 40.1068905195069),POINT,-88.4631955621515,40.1068905195069,-2.7821892358668165e-06,-0.007327819983582495
A-Injury,overturned,Snow,Darkness,Ice,Lane Use Marking,unincorporated,2003,0,3,71,POINT (-88.3037382091342 39.9980546994595),POINT,-88.3037382091342,39.9980546994595,-0.001816113793942673,-0.010056911636464338
A-Injury,pedestrian,Clear,Darkness,Wet,No Controls,rantoul,2003,0,2,84,POINT (-88.1557803855935 40.3041497240028),POINT,-88.1557803855935,40.3041497240028,-0.0034986740052667616,-0.002381484776943397
A-Injury,turning,Clear,Daylight,Dry,Traffic signal,champaign,2003,0,1,72,POINT (-88.2768180410923 40.1164359331432),POINT,-88.2768180410923,40.1164359331432,-0.0021222470050533187,-0.007088465801597236
A-Injury,angle,Clear,"Darkness, lighted road",Dry,Stop sign / flasher,rantoul,2003,0,1,73,POINT (-88.1564790934187 40.3082075105868),POINT,-88.1564790934187,40.3082075105868,-0.0034907283761822093,-0.002279734530648145
A-Injury,angle,Rain,Dawn,Wet,Lane Use Marking,unincorporated,2003,0,2,74,POINT (-88.1848364409935 40.1520197492904),POINT,-88.1848364409935,40.152019749290396,-0.0031682517163730125,-0.006196190670278321
A-Injury,pedestrian,Snow,Dawn,Snow or slush,Traffic signal,champaign,2003,0,1,75,POINT (-88.2828720970404 40.1129002853071),POINT,-88.2828720970404,40.112900285307106,-0.0020534009419548123,-0.007177123258239869
A-Injury,turning,Clear,Daylight,Dry,Stop sign / flasher,tolono,2003,0,2,76,POINT (-88.2642800960898 39.9732210361247),POINT,-88.2642800960898,39.9732210361247,-0.002264827146394484,-0.010679623380520432
A-Injury,rear end,Rain,Daylight,Wet,No Controls,unincorporated,2003,0,1,77,POINT (-88.1822488063922 40.1936369467768),POINT,-88.1822488063922,40.1936369467768,-0.003197678014472023,-0.005152626646714975
A-Injury,sideswipe - same dir,Clear,Daylight,Dry,Lane Use Marking,champaign,2003,0,2,78,POINT (-88.2434646490604 40.1088481620834),POINT,-88.2434646490604,40.1088481620834,-0.0025015381368273114,-0.007278731494034437
A-Injury,rear end,Clear,Daylight,Dry,No Controls,champaign,2004,0,1,509,POINT (-88.2575786983135 40.1126561745481),POINT,-88.2575786983135,40.1126561745481,-0.0023410347100693823,-0.007183244410581915
A-Injury,angle,Clear,Daylight,Dry,Traffic Signal,champaign,2004,0,1,510,POINT (-88.2451371508181 40.112631524087),POINT,-88.2451371508181,40.112631524087,-0.0024825186294871347,-0.007183862528473599
A-Injury,rear end,Clear,Daylight,Dry,Lane Use Marking,champaign,2003,0,1,79,POINT (-88.2389332417143 40.1348172359883),POINT,-88.2389332417143,40.1348172359883,-0.0025530688063071898,-0.0066275489808133295
A-Injury,overturned,Clear,Daylight,Dry,No Controls,unincorporated,2003,0,1,80,POINT (-88.0189856813565 39.9085845640097),POINT,-88.0189856813565,39.90858456400971,-0.00505428844295635,-0.012300402793437361
A-Injury,head on,Clear,Daylight,Dry,Lane Use Marking,unincorporated,2003,0,2,81,POINT (-87.9835932615026 40.3130876998503),POINT,-87.9835932615026,40.3130876998503,-0.005456767176446622,-0.002157362284289284
A-Injury,angle,Clear,Daylight,Wet,Stop Sign/Flasher,champaign,2006,0,1,928,POINT (-88.2953606643355 40.1093914914317),POINT,-88.2953606643355,40.1093914914317,-0.0019113823185096458,-0.007265107343561039
A-Injury,rear end,Clear,Daylight,Dry,Traffic Signal,champaign,2006,0,1,976,POINT (-88.2439323415125 40.1102182012461),POINT,-88.2439323415125,40.1102182012461,-0.0024962195893371074,-0.007244377340765588