crash_severity,collision_type,weather,light,road_surface,traffic_control,city,year,fatality,injury,id,Geometry,point,x,y,norm_x,norm_y
A-Injury,other non collision,Clear,Daylight,Unknown,No Controls,unincorporated,2003,0,1,82,POINT (-88.2452918808407 40.1813193320107),POINT,-88.2452918808407,40.1813193320107,-0.0024807590565676684,-0.005461494624435274
A-Injury,fixed object,Clear,Daylight,Dry,Lane Use Marking,unincorporated,2003,0,1,18,POINT (-88.2930190537854 39.8940607579671),POINT,-88.2930190537854,39.8940607579671,-0.0019380108579659485,-0.012664591695783144
A-Injury,angle,Clear,Daylight,Dry,Stop sign / flasher,champaign,2003,0,3,19,POINT (-88.2578053854781 40.1143617760507),POINT,-88.2578053854781,40.1143617760507,-0.0023384568483893163,-0.007140475928460299
A-Injury,angle,Clear,Daylight,Dry,No Controls,unincorporated,2003,0,2,20,POINT (-88.2523264989013 40.1742715238404),POINT,-88.2523264989013,40.174271523840396,-0.0024007621482097026,-0.0056382205813887655
A-Injury,head on,Clear,Daylight,Dry,Other reg. sign,unincorporated,2003,0,2,21,POINT (-88.4260159992224 40.1108385820094),POINT,-88.4260159992224,40.1108385820094,-0.00042558411860943457,-0.007228821102369103
A-Injury,angle,Clear,Daylight,Dry,No Controls,unincorporated,2003,0,1,22,POINT (-88.1572400515942 40.1203630007021),POINT,-88.1572400515942,40.1203630007021,-0.0034820748429120743,-0.00698999337505031
A-Injury,rear end,Clear,Dusk,Dry,No Controls,rantoul,2003,0,1,23,POINT (-88.2120933204844 40.3117204150531),POINT,-88.2120933204844,40.3117204150531,-0.002858289459435372,-0.002191647370996206
A-Injury,angle,Severe cross wind,Daylight,Ice,Stop sign / flasher,unincorporated,2003,0,3,24,POINT (-88.2584031962917 40.0102661808612),POINT,-88.2584031962917,40.0102661808612,-0.00233165860910196,-0.009750704985490539
A-Injury,pedestrian,Clear,Daylight,Dry,Traffic signal,rantoul,2001,0,1,219,POINT (-88.1552206128093 40.308211921205),POINT,-88.1552206128093,40.308211921205,-0.003505039680237766,-0.002279623933040511
A-Injury,head on,Clear,"Darkness, lighted road",Dry,No Controls,champaign,2001,0,3,220,POINT (-88.2443057969389 40.1000312955905),POINT,-88.2443057969389,40.1000312955905,-0.002491972695011925,-0.007499817132382808
A-Injury,overturned,Clear,Daylight,Dry,Lane Use Marking,tolono,2001,0,1,221,POINT (-88.2641680056067 39.9739381585499),POINT,-88.2641680056067,39.9739381585499,-0.002266101827127267,-0.010661641315205384
A-Injury,turning,Clear,Daylight,Dry,Traffic signal,champaign,2001,0,3,222,POINT (-88.2459779979151 40.0897334391264),POINT,-88.2459779979151,40.0897334391264,-0.00247295660812605,-0.007758039049638631
A-Injury,turning,Clear,Daylight,Dry,Stop sign / flasher,champaign,2001,0,1,223,POINT (-88.2591624667499 40.1327038506365),POINT,-88.2591624667499,40.1327038506365,-0.0023230242683686627,-0.006680542768340295
A-Injury,angle,Clear,Daylight,Dry,Stop sign / flasher,champaign,2001,0,1,224,POINT (-88.251765150853 40.1126397725265),POINT,-88.251765150853,40.1126397725265,-0.0024071457369119476,-0.007183655696316894
A-Injury,angle,Clear,Dusk,Dry,Stop sign / flasher,ludlow,2001,0,6,225,POINT (-88.1206458143072 40.384973876269),POINT,-88.1206458143072,40.384973876269,-0.0038982205130052338,-0.00035479430679406413
A-Injury,angle,Clear,Daylight,Dry,Traffic signal,champaign,2001,0,1,226,POINT (-88.2768180410923 40.1164359331432),POINT,-88.2768180410923,40.1164359331432,-0.0021222470050533187,-0.007088465801597236
A-Injury,turning,Clear,Daylight,Dry,Stop sign / flasher,champaign,2001,0,2,227,POINT (-88.2767996022286 40.114648672982),POINT,-88.2767996022286,40.114648672982,-0.0021224566897975663,-0.0071332818996919485
A-Injury,turning,Rain,Daylight,Wet,Stop sign / flasher,philo,2001,0,1,228,POINT (-88.1613986067912 40.0081303246858),POINT,-88.1613986067912,40.008130324685794,-0.0034347842073538027,-0.009804262235828903
A-Injury,fixed object,Clear,Daylight,Dry,Lane Use Marking,unincorporated,2001,0,1,229,POINT (-88.1607872965434 39.9277010789095),POINT,-88.1607872965434,39.9277010789095,-0.0034417359607325296,-0.011821050304316632
A-Injury,angle,Snow,Daylight,Ice,Lane Use Marking,unincorporated,2001,0,1,230,POINT (-88.384407469978 40.3072528658672),POINT,-88.384407469978,40.307252865867206,-0.0008987517692479734,-0.002303672540529181
A-Injury,sideswipe - same dir,Clear,Daylight,Unknown,Lane Use Marking,mahomet,2001,0,2,231,POINT (-88.393744054714 40.2175260157491),POINT,-88.393744054714,40.2175260157491,-0.0007925771472474221,-0.004553600896745555
A-Injury,rear end,Clear,Daylight,Dry,No Controls,champaign,2001,0,1,232,POINT (-88.2767915047882 40.1128753059218),POINT,-88.2767915047882,40.1128753059218,-0.0021225487730055005,-0.007177749624007227
A-Injury,turning,Clear,Daylight,Dry,Traffic signal,champaign,2001,0,2,233,POINT (-88.2828720970404 40.1129002853071),POINT,-88.2828720970404,40.112900285307106,-0.0020534009419548123,-0.007177123258239869
A-Injury,angle,Clear,Daylight,Dry,Stop sign / flasher,champaign,2001,0,2,234,POINT (-88.3145129624667 40.1132597945671),POINT,-88.3145129624667,40.11325979456711,-0.0016935844757203957,-0.007168108453002266
A-Injury,overturned,Clear,"Darkness, lighted road",Dry,Lane Use Marking,unincorporated,2001,0,3,236,POINT (-87.9639779123573 40.1198876677863),POINT,-87.9639779123573,40.1198876677863,-0.005679830784800216,-0.007001912494070858
A-Injury,overturned,Clear,Daylight,Dry,Lane Use Marking,unincorporated,2001,0,2,237,POINT (-88.1330200689295 40.3917930991221),POINT,-88.1330200689295,40.3917930991221,-0.003757501840791519,-0.00018380019695576628
A-Injury,sideswipe - opp dir,Snow,Daylight,Snow or slush,Lane Use Marking,unincorporated,2003,0,1,100,POINT (-88.2008513181667 40.2296707306116),POINT,-88.2008513181667,40.2296707306116,-0.0029861322820906697,-0.004249068437271757
A-Injury,angle,Clear,Daylight,Dry,Stop sign / flasher,thomasboro,2003,0,2,101,POINT (-88.1830986618121 40.2388001328631),POINT,-88.1830986618121,40.238800132863105,-0.003188013551446789,-0.004020145868676902
A-Injury,angle,Clear,Daylight,Dry,No Controls,champaign,2003,0,2,102,POINT (-88.257954263724 40.1286715689987),POINT,-88.257954263724,40.128671568998705,-0.0023367638212353345,-0.006781653470267207
A-Injury,pedestrian,Rain,"Darkness, lighted road",Wet,No Controls,rantoul,2003,0,1,103,POINT (-88.1455409798065 40.308836829652),POINT,-88.1455409798065,40.308836829652,-0.003615115409665203,-0.002263954161583062
A-Injury,angle,Clear,Daylight,Dry,No Controls,champaign,2003,0,1,104,POINT (-88.2769705661915 40.1291861444284),POINT,-88.2769705661915,40.129186144428395,-0.002120512506282019,-0.006768750333144385
A-Injury,fixed object,Clear,Daylight,Dry,Lane Use Marking,champaign,2002,0,1,106,POINT (-88.2843384944779 40.1465716227646),POINT,-88.2843384944779,40.146571622764604,-0.0020367252304359738,-0.006332804118120292
A-Injury,pedalcyclist,Clear,Daylight,Dry,No Controls,champaign,2002,0,1,107,POINT (-88.2446673332566 40.0979411632456),POINT,-88.2446673332566,40.0979411632456,-0.0024878613434892436,-0.007552227843611813
A-Injury,fixed object,Clear,Daylight,Ice,No Controls,unincorporated,2002,0,1,108,POINT (-88.141706268871 40.3742122832618),POINT,-88.141706268871,40.3742122832618,-0.0036587233236476317,-0.0006246445604594402
A-Injury,turning,Clear,Daylight,Dry,Traffic signal,urbana,2002,0,2,109,POINT (-88.1933412252524 40.1375733137528),POINT,-88.1933412252524,40.137573313752796,-0.0030715362385599,-0.006558439483420824
A-Injury,fixed object,Clear,Daylight,Dry,No Controls,urbana,2006,0,2,909,POINT (-88.2194395137047 40.1173306555906),POINT,-88.2194395137047,40.1173306555906,-0.0027747493523873896,-0.007066030361116539
A-Injury,sideswipe opposite,Clear,"Darkness, lighted road",Dry,No Controls,champaign,2006,0,1,956,POINT (-88.262365173477 40.1272567035385),POINT,-88.262365173477,40.1272567035385,-0.0022866034372250685,-0.006817131656729307
A-Injury,overturned,Snow,Darkness,Snow or slush,Lane Use Marking,unincorporated,2007,0,2,1006,POINT (-88.0887167018409 40.1206499950795),POINT,-88.0887167018409,40.120649995079496,-0.004261314893100075,-0.0069827969027911035
A-Injury,head on,Rain,Daylight,ICE,Lane Use Marking,unincorporated,2007,0,3,1053,POINT (-88.1845602823101 40.2687288723649),POINT,-88.1845602823101,40.268728872364896,-0.0031713921627621686,-0.0032696735230829223
A-Injury,rear end,Clear,Daylight,Dry,No Controls,champaign,2007,0,1,1101,POINT (-88.2765465451233 40.1007450468939),POINT,-88.2765465451233,40.1007450468939,-0.002125334427563645,-0.007481919598983446
A-Injury,head on,Clear,Darkness,Dry,Other,mahomet,2007,0,2,1151,POINT (-88.365262504187 40.1889704074908),POINT,-88.365262504187,40.1889704074908,-0.001116466229465332,-0.0052696415541941466
A-Injury,sideswipe opposite direction,Rain,Daylight,Ice,Lane Use Marking,unincorporated,2008,0,3,1200,POINT (-88.2185411264327 40.2079256243518),POINT,-88.2185411264327,40.207925624351795,-0.0027849657143347206,-0.004794333662992713
A-Injury,angle,Clear,Daylight,Dry,Stop Sign/Flasher,champaign,2008,0,2,1249,POINT (-88.2832613517276 40.0958110598169),POINT,-88.2832613517276,40.095811059816896,-0.002048974380161105,-0.007605640842057748
A-Injury,pedalcyclist,Clear,Daylight,Dry,No Controls,champaign,2008,0,1,1296,POINT (-88.2465231903326 40.0861055426087),POINT,-88.2465231903326,40.086105542608706,-0.002466756739492993,-0.007849009670337226
A-Injury,sideswipe same direction,Clear,Darkness,Dry,Lane Use Marking,unincorporated,2008,0,2,1346,POINT (-88.1252116230049 40.1204679375711),POINT,-88.1252116230049,40.1204679375711,-0.0038462986351116726,-0.0069873620507937915
A-Injury,rear end,Clear,Daylight,Ice,Lane Use Marking,mahomet,2009,0,2,1394,POINT (-88.391786360765 40.195421653075),POINT,-88.391786360765,40.195421653075,-0.0008148398290423265,-0.005107874587520219
A-Injury,sideswipe same direction,Clear,Darkness,Dry,Lane Use Marking,mahomet,2009,0,1,1495,POINT (-88.3606041196044 40.1856098770877),POINT,-88.3606041196044,40.1856098770877,-0.0011694408702119833,-0.00535390788735874
A-Injury,angle,Clear,Daylight,Dry,Stop Sign/Flasher,champaign,2009,0,1,1543,POINT (-88.2577507153234 40.10903019856),POINT,-88.2577507153234,40.10903019856,-0.0023390785514181807,-0.0072741668734104745
A-Injury,sideswipe same direction,Clear,Daylight,Ice,Lane Use Marking,unincorporated,2010,0,2,1639,POINT (-88.1839102808231 40.2900009849817),POINT,-88.1839102808231,40.2900009849817,-0.003178783908687869,-0.002736268758397847
A-Injury,fixed object,Clear,Daylight,Dry,No Controls,unincorporated,2010,0,1,1687,POINT (-88.1795348011092 40.3557889051571),POINT,-88.1795348011092,40.355788905157105,-0.003228541386162788,-0.001086616431315077
A-Injury,pedalcyclist,Clear,Daylight,Dry,Traffic Signal,urbana,2010,0,1,1736,POINT (-88.2191305958169 40.1006490504101),POINT,-88.2191305958169,40.100649050410105,-0.002778262332871477,-0.007484326740331873
A-Injury,fixed object,Snow,Darkness,Snow or Slush,Lane Use Marking,unincorporated,2010,0,1,1784,POINT (-87.9945875815367 40.1199017886079),POINT,-87.9945875815367,40.1199017886079,-0.005331740969671869,-0.00700155841012741
A-Injury,pedalcyclist,Clear,Daylight,Dry,Traffic Signal,urbana,2011,0,1,1832,POINT (-88.2192395145701 40.105978800357),POINT,-88.2192395145701,40.105978800357,-0.0027770237207047537,-0.007350681621604552
A-Injury,sideswipe same direction,Clear,Daylight,Dry,No Controls,champaign,2011,0,1,1881,POINT (-88.2590502169576 40.1271835169811),POINT,-88.2590502169576,40.1271835169811,-0.0023243007607482154,-0.00681896683215978
A-Injury,rear end,Clear,Daylight,Dry,No Controls,urbana,2011,0,1,1930,POINT (-88.1956289779758 40.1066681126567),POINT,-88.1956289779758,40.106668112656706,-0.003045520164427193,-0.007333396903737437
A-Injury,angle,Clear,Daylight,Dry,Stop Sign/Flasher,champaign,2012,0,2,2075,POINT (-88.2393607670386 40.1143982029415),POINT,-88.2393607670386,40.1143982029415,-0.0025482070350078883,-0.007139562512972791
A-Injury,fixed object,Clear,Daylight,Dry,Other Warning Sign,unincorporated,2012,0,1,2125,POINT (-88.2111196503224 40.1858789196413),POINT,-88.2111196503224,40.1858789196413,-0.0028693619301863307,-0.005347161562601202
A-Injury,angle,Clear,Darkness,Dry,Stop Sign/Flasher,unincorporated,2013,0,1,2174,POINT (-88.2898700015381 40.3112199997893),POINT,-88.2898700015381,40.311219999789294,-0.001973821536224689,-0.00220419543760551
A-Injury,fixed object,Clear,Daylight,Dry,No Controls,unincorporated,2013,0,1,2224,POINT (-87.9490020332413 40.3044336438126),POINT,-87.9490020332413,40.3044336438126,-0.005850134846641465,-0.002374365400411996
A-Injury,fixed object,Snow,Darkness,Snow or Slush,Lane Use Marking,champaign,2013,0,2,2273,POINT (-88.3044319733739 40.0839428296746),POINT,-88.3044319733739,40.083942829674605,-0.0018082243827724942,-0.007903240362157851
A-Injury,turning,Clear,Daylight,Dry,No Controls,champaign,2014,0,1,2321,POINT (-88.2596276260463 40.1328953010133),POINT,-88.2596276260463,40.1328953010133,-0.0023177345276485357,-0.00667574209127434
A-Injury,rear end,Snow,Daylight,Snow or Slush,No Controls,urbana,2015,0,2,2466,POINT (-88.2049203670166 40.1076303339359),POINT,-88.2049203670166,40.1076303339359,-0.0029398595029368722,-0.007309268909294673
A-Injury,overturned,Clear,Daylight,Dry,Lane Use Marking,unincorporated,2015,0,1,2564,POINT (-88.3049585300494 40.0966048954245),POINT,-88.3049585300494,40.0966048954245,-0.0018022364377620944,-0.00758573517010595
A-Injury,pedestrian,Rain,"Darkness, lighted road",Wet,Stop Sign/Flasher,urbana,2008,0,1,3774,POINT (-88.2144568567194 40.1183410234458),POINT,-88.2144568567194,40.118341023445794,-0.0028314115834849225,-0.007040695076476334
A-Injury,turning,Clear,Daylight,Dry,No Controls,urbana,2004,0,1,511,POINT (-88.2024084682726 40.1163310736991),POINT,-88.2024084682726,40.1163310736991,-0.0029684245411375956,-0.007091095184400573
A-Injury,pedestrian,Clear,Darkness,Dry,Lane Use Marking,champaign,2006,0,1,3899,POINT (-88.2869533772499 40.1129274595469),POINT,-88.2869533772499,40.1129274595469,-0.002006989069115331,-0.007176441855821334
A-Injury,angle,Snow,Darkness,Ice,Stop sign / flasher,unincorporated,2003,0,4,49,POINT (-88.1823697088366 40.1566222613745),POINT,-88.1823697088366,40.1566222613745,-0.0031963031250775683,-0.0060807812645739395
A-Injury,pedestrian,Clear,Daylight,Dry,Stop Sign/Flasher,urbana,2015,0,2,3912,POINT (-88.2191981155866 40.1037001924017),POINT,-88.2191981155866,40.1037001924017,-0.0027774945054242117,-0.007407818416717445
A-Injury,pedestrian,Clear,Daylight,Dry,No Controls,urbana,2015,0,1,3915,POINT (-88.224260894264 40.1273999824244),POINT,-88.224260894264,40.1273999824244,-0.0027199211391938545,-0.00681353889460949
A-Injury,sideswipe - same dir,Clear,Daylight,Unknown,Lane Use Marking,st. joseph,2001,0,1,117,POINT (-88.0501400788738 40.120415287819),POINT,-88.0501400788738,40.120415287819,-0.004700004036657533,-0.006988682259516602
A-Injury,turning,Clear,Daylight,Dry,Traffic signal,champaign,2002,0,2,118,POINT (-88.2435184667744 40.1126019034444),POINT,-88.2435184667744,40.1126019034444,-0.002500926127660907,-0.007184605275194647
A-Injury,overturned,Clear,Darkness,Dry,No Controls,rantoul,2002,0,3,119,POINT (-88.1715373529517 40.2802883643476),POINT,-88.1715373529517,40.2802883643476,-0.003319487493235185,-0.002979815707266329
A-Injury,overturned,Clear,Darkness,Dry,Lane Use Marking,unincorporated,2002,0,3,120,POINT (-88.3031169956738 39.9387677163791),POINT,-88.3031169956738,39.938767716379104,-0.0018231781655735921,-0.011543550966960487
A-Injury,parked motor vehicle,Clear,Daylight,Dry,Lane Use Marking,ludlow,2001,0,1,121,POINT (-88.1208417626775 40.384562575234),POINT,-88.1208417626775,40.384562575234,-0.003895992209536997,-0.0003651078067149019
A-Injury,fixed object,Clear,Darkness,Dry,Other reg. sign,unincorporated,2002,0,3,122,POINT (-88.1585588102175 40.1203538619472),POINT,-88.1585588102175,40.1203538619472,-0.0034670780638651534,-0.006990222532139385
A-Injury,overturned,Clear,Daylight,Dry,No Controls,unincorporated,2002,0,4,123,POINT (-88.1839783856642 40.2711412563595),POINT,-88.1839783856642,40.2711412563595,-0.003178009427872322,-0.0032091822526505464
A-Injury,other non collision,Clear,Daylight,Dry,No Controls,unincorporated,2002,0,1,124,POINT (-88.3939561925929 40.2452170864314),POINT,-88.3939561925929,40.245217086431396,-0.000790164738455556,-0.003859238784846172
A-Injury,other object,Clear,Darkness,Dry,No Controls,urbana,2002,0,1,125,POINT (-88.2016782850117 40.1225840117907),POINT,-88.2016782850117,40.12258401179071,-0.002976728105439657,-0.006934300839079726
A-Injury,other non collision,Clear,Daylight,Other,No Controls,urbana,2002,0,2,126,POINT (-88.1933412252524 40.1375733137528),POINT,-88.1933412252524,40.137573313752796,-0.0030715362385599,-0.006558439483420824
A-Injury,fixed object,Clear,Darkness,Dry,Lane Use Marking,ogden,2002,0,1,135,POINT (-87.9642214910954 40.112003950222),POINT,-87.9642214910954,40.112003950222004,-0.00567706083399088,-0.007199599136106838
A-Injury,rear end,Clear,Darkness,Wet,Lane Use Marking,unincorporated,2002,0,2,136,POINT (-88.0897143801729 40.1207355828414),POINT,-88.0897143801729,40.1207355828414,-0.004249969404061714,-0.006980650763344614
A-Injury,turning,Clear,Daylight,Dry,Traffic signal,champaign,2002,0,2,138,POINT (-88.2437181998154 40.1348199595666),POINT,-88.2437181998154,40.134819959566606,-0.0024986547853308276,-0.006627480686249874
A-Injury,sideswipe - same dir,Rain,"Darkness, lighted road",Wet,Lane Use Marking,unincorporated,2002,0,3,139,POINT (-88.185528742155 40.1297879348433),POINT,-88.185528742155,40.1297879348433,-0.0031603789431682546,-0.006753660253450167
A-Injury,rear end,Clear,Daylight,Dry,No passing,unincorporated,2002,0,2,140,POINT (-88.0397683824157 40.3127330113267),POINT,-88.0397683824157,40.312733011326706,-0.004817949836120583,-0.002166256208079175
A-Injury,other non collision,Clear,Daylight,Dry,Lane Use Marking,unincorporated,2002,0,4,141,POINT (-88.2333445415539 40.1930788139434),POINT,-88.2333445415539,40.1930788139434,-0.0026166228942079675,-0.005166621999128923
A-Injury,turning,Clear,Daylight,Dry,Traffic signal,champaign,2002,0,1,142,POINT (-88.2530553720713 40.1347084236352),POINT,-88.2530553720713,40.1347084236352,-0.002392473482118222,-0.006630277484025231
A-Injury,other non collision,Clear,Darkness,Dry,Lane Use Marking,unincorporated,2002,0,1,143,POINT (-88.3038744252298 40.01130988026),POINT,-88.3038744252298,40.011309880259994,-0.0018145647593792408,-0.009724533902145721
A-Injury,turning,Clear,Daylight,Dry,Traffic signal,champaign,2002,0,2,144,POINT (-88.2435184667744 40.1126019034444),POINT,-88.2435184667744,40.1126019034444,-0.002500926127660907,-0.007184605275194647
A-Injury,angle,Clear,Dusk,Dry,Lane Use Marking,unincorporated,2002,0,1,145,POINT (-88.2793818257659 40.3112949040678),POINT,-88.2793818257659,40.3112949040678,-0.0020930919257275454,-0.0022023171897901602
A-Injury,rear end,Clear,Daylight,Dry,No Controls,champaign,2002,0,1,146,POINT (-88.2554150993003 40.1126479286092),POINT,-88.2554150993003,40.112647928609206,-0.00236563892176807,-0.0071834511800351565
A-Injury,turning,Clear,Daylight,Dry,Stop sign / flasher,champaign,2002,0,1,147,POINT (-88.2729210970421 40.1383290241065),POINT,-88.2729210970421,40.1383290241065,-0.002166562627219893,-0.006539489813933483
A-Injury,angle,Clear,Daylight,Dry,No Controls,urbana,2003,0,1,90,POINT (-88.2041559310787 40.1178500554209),POINT,-88.2041559310787,40.1178500554209,-0.0029485525849411226,-0.00705300625066494
A-Injury,turning,Snow,Daylight,Wet,Stop sign / flasher,mahomet,2003,0,1,27,POINT (-88.3988627750318 40.1960531688293),POINT,-88.3988627750318,40.196053168829295,-0.0007343676187918277,-0.005092039135800798
A-Injury,angle,Clear,"Darkness, lighted road",Dry,Stop sign / flasher,champaign,2002,0,4,151,POINT (-88.2353975090455 40.1126698507946),POINT,-88.2353975090455,40.1126698507946,-0.002593276772091303,-0.007182901474495628
A-Injury,angle,Clear,Daylight,Dry,Traffic signal,champaign,2002,0,1,152,POINT (-88.2783607436508 40.1128633229475),POINT,-88.2783607436508,40.112863322947504,-0.0021047035600315115,-0.007178050100772183
A-Injury,angle,Clear,Dusk,Dry,Stop sign / flasher,unincorporated,2002,0,1,153,POINT (-88.3938981027963 40.2380032599097),POINT,-88.3938981027963,40.2380032599097,-0.0007908253292786533,-0.0040401277030085395
A-Injury,rear end,Clear,Darkness,Dry,Lane Use Marking,thomasboro,2002,0,2,155,POINT (-88.181955491296 40.2548252347284),POINT,-88.181955491296,40.2548252347284,-0.0032010135617140546,-0.003618311511953956
A-Injury,overturned,Clear,Daylight,Dry,No Controls,unincorporated,2002,0,2,156,POINT (-88.1430442254782 40.371513831967),POINT,-88.1430442254782,40.371513831967,-0.0036435082272243137,-0.0006923090564051073
A-Injury,turning,Clear,Daylight,Dry,Traffic Signal,urbana,2004,0,2,512,POINT (-88.1836402000198 40.1160193594604),POINT,-88.1836402000198,40.116019359460395,-0.0031818552380884183,-0.0070989115147830255
A-Injury,overturned,Clear,Daylight,Dry,Lane Use Marking,unincorporated,2005,0,3,561,POINT (-88.3029257929425 39.9282032499688),POINT,-88.3029257929425,39.928203249968796,-0.0018253525021533358,-0.011808458210595597
A-Injury,pedestrian,Clear,Daylight,Dry,Lane Use Marking,champaign,2005,0,1,609,POINT (-88.2469754516474 40.1347511311834),POINT,-88.2469754516474,40.1347511311834,-0.0024616136732109758,-0.006629206579122346
A-Injury,other non collision,Clear,Darkness,Wet,Other Warning Sign,unincorporated,2005,0,1,655,POINT (-88.4230179011202 40.3547037628046),POINT,-88.4230179011202,40.354703762804604,-0.00045967816281531303,-0.0011138267094671572
A-Injury,rear end,Rain,Daylight,Wet,Traffic Signal,urbana,2005,0,2,703,POINT (-88.2193658937399 40.1128267858457),POINT,-88.2193658937399,40.112826785845705,-0.002775586550587243,-0.007178966279834345
A-Injury,rear end,Clear,Daylight,Dry,No Controls,champaign,2005,0,1,752,POINT (-88.280001064052 40.1128840558782),POINT,-88.280001064052,40.112884055878204,-0.002086050015562898,-0.007177530216159845
A-Injury,rear end,Clear,Daylight,Dry,Lane Use Marking,unincorporated,2006,0,1,847,POINT (-88.1617516772991 40.0548639847093),POINT,-88.1617516772991,40.05486398470929,-0.0034307691280956324,-0.008632401340921268
A-Injury,pedalcyclist,Clear,"Darkness, lighted road",Dry,Stop Sign/Flasher,champaign,2006,0,1,947,POINT (-88.2337976232451 40.1272304318773),POINT,-88.2337976232451,40.1272304318773,-0.0026114704986952854,-0.006817790426711956
A-Injury,rear end,Clear,Daylight,Dry,Traffic signal,urbana,2003,0,2,93,POINT (-88.1977061478239 40.1302365647255),POINT,-88.1977061478239,40.1302365647255,-0.0030218988157554765,-0.0067424107212078165
A-Injury,rear end,Snow,Daylight,Snow or slush,Lane Use Marking,unincorporated,2007,0,1,1042,POINT (-88.3039500232974 40.1630833220537),POINT,-88.3039500232974,40.1630833220537,-0.0018137050664101886,-0.005918768181374957
A-Injury,rear end,Clear,Daylight,Dry,Lane Use Marking,unincorporated,2007,0,2,1043,POINT (-88.0877336525064 40.1206206681014),POINT,-88.0877336525064,40.120620668101395,-0.004272494022776395,-0.006983532285784543
A-Injury,turning,Clear,Daylight,ICE,Traffic Signal,champaign,2007,0,1,1089,POINT (-88.2768301750071 40.1164605206821),POINT,-88.2768301750071,40.116460520682104,-0.0021221090194992265,-0.007087849261498995
A-Injury,turning,Clear,Daylight,Dry,Traffic Signal,champaign,2007,0,1,1090,POINT (-88.2452405250775 40.1271795019194),POINT,-88.2452405250775,40.1271795019194,-0.002481343068698279,-0.006819067511066428
A-Injury,angle,Clear,Daylight,Dry,Stop Sign/Flasher,champaign,2007,0,1,1137,POINT (-88.2603614374059 40.1253995975963),POINT,-88.2603614374059,40.1253995975963,-0.002309389705004153,-0.006863699159258975
A-Injury,unknown,Clear,Daylight,Dry,Traffic Signal,urbana,2007,0,1,1187,POINT (-88.2019290863485 40.1220232157111),POINT,-88.2019290863485,40.1220232157111,-0.002973876020026696,-0.006948362973211209
A-Injury,angle,Clear,Daylight,Dry,Stop Sign/Flasher,champaign,2008,0,4,1234,POINT (-88.2468808394632 40.1211807325691),POINT,-88.2468808394632,40.1211807325691,-0.002462689592637407,-0.006969488497046365
A-Injury,turning,Clear,Daylight,Dry,No Controls,unincorporated,2008,0,1,1283,POINT (-87.9582605312522 40.057389437627),POINT,-87.9582605312522,40.057389437627,-0.0057448482183512836,-0.008569074832475203
A-Injury,angle,Clear,Daylight,Dry,Stop Sign/Flasher,champaign,2008,0,2,1331,POINT (-88.2468109043477 40.112609881045),POINT,-88.2468109043477,40.112609881044996,-0.002463484887133548,-0.00718440523440672
A-Injury,rear end,Clear,"Darkness, lighted road",Dry,Traffic signal,urbana,2003,0,1,96,POINT (-88.2050046678331 40.1163119581311),POINT,-88.2050046678331,40.11631195813111,-0.002938900843257887,-0.007091574513145747
A-Injury,rear end,Clear,"Darkness, lighted road",Dry,No Controls,champaign,2008,0,1,1378,POINT (-88.2580194433672 40.1341892339031),POINT,-88.2580194433672,40.1341892339031,-0.0023360226054509044,-0.006643296326199859
A-Injury,overturned,Clear,Darkness,Dry,No Controls,unincorporated,2008,0,1,1379,POINT (-88.4398334476703 39.9672513919865),POINT,-88.4398334476703,39.9672513919865,-0.00026845360381745305,-0.010829314042851404
A-Injury,rear end,Clear,Daylight,Dry,Lane Use Marking,urbana,2009,0,1,1428,POINT (-88.1960212465654 40.1339987658463),POINT,-88.1960212465654,40.13399876584629,-0.0030410593288646873,-0.006648072371290046
A-Injury,overturned,Clear,Darkness,Dry,Lane Use Marking,st. joseph,2009,0,1,1475,POINT (-88.0202554688061 40.1135646824829),POINT,-88.0202554688061,40.1135646824829,-0.005039848558748739,-0.007160463294765753
A-Injury,fixed object,Clear,Darkness,Dry,No Controls,champaign,2009,0,1,1525,POINT (-88.2732561774787 40.1007641988591),POINT,-88.2732561774787,40.1007641988591,-0.0021627521290879027,-0.007481439357567026
A-Injury,rear end,Clear,Daylight,Dry,Other,champaign,2009,0,2,1568,POINT (-88.2339735666161 40.1163523544832),POINT,-88.2339735666161,40.116352354483205,-0.0026094696898944065,-0.007090561562195686
A-Injury,angle,Fog/Smoke/Haze,Daylight,Wet,Stop Sign/Flasher,urbana,2010,0,1,1623,POINT (-88.2257005470808 40.1173909184402),POINT,-88.2257005470808,40.1173909184402,-0.0027035495645808985,-0.007064519251632972
A-Injury,pedestrian,Clear,Darkness,Dry,No Controls,unincorporated,2010,0,1,1672,POINT (-88.2283150119767 40.0835001766927),POINT,-88.2283150119767,40.0835001766927,-0.0026738181553017304,-0.00791434002178745
A-Injury,angle,Clear,Darkness,Dry,No Controls,urbana,2010,0,3,1749,POINT (-88.2128186771125 40.1164907568937),POINT,-88.2128186771125,40.116490756893704,-0.0028500407830744532,-0.00708709107919599