crash_severity,collision_type,weather,light,road_surface,traffic_control,city,year,fatality,injury,id,Geometry,point,x,y,norm_x,norm_y
A-Injury,sideswipe - same dir,Clear,Darkness,Dry,No Controls,unincorporated,2003,0,3,26,POINT (-88.3036126603073 40.047412274892),POINT,-88.3036126603073,40.047412274892004,-0.0018175415214914219,-0.008819255255865861
A-Injury,pedalcyclist,Clear,Daylight,Dry,Stop Sign/Flasher,urbana,2010,0,2,1769,POINT (-88.1945610609635 40.1056791167094),POINT,-88.1945610609635,40.105679116709396,-0.0030576644000674907,-0.007358196281215938
A-Injury,rear end,Clear,Daylight,Ice,Lane Use Marking,unincorporated,2011,0,2,1814,POINT (-88.2743846915474 39.9014495603343),POINT,-88.2743846915474,39.9014495603343,-0.002149918790339945,-0.012479315204492455
A-Injury,angle,Clear,Daylight,Dry,Stop Sign/Flasher,unincorporated,2011,0,2,1861,POINT (-88.258470329336 40.1856598968428),POINT,-88.258470329336,40.1856598968428,-0.00233089517945343,-0.005352653626619356
A-Injury,turning,Clear,Daylight,Dry,Traffic Signal,champaign,2011,0,2,1909,POINT (-88.2436806954761 40.1325986891195),POINT,-88.2436806954761,40.132598689119504,-0.0024990812805816627,-0.006683179725714438
A-Injury,angle,Clear,Daylight,Dry,No Controls,unincorporated,2011,0,2,1959,POINT (-88.0977294372045 40.2687690030794),POINT,-88.0977294372045,40.2687690030794,-0.004158823050795864,-0.0032686672330772466
A-Injury,fixed object,Clear,Daylight,Dry,Other Regualtory Sig,unincorporated,2012,0,1,2008,POINT (-88.0088804013657 40.0350499996535),POINT,-88.0088804013657,40.0350499996535,-0.005169204583447743,-0.009129243108664056
A-Injury,rear end,Snow,Daylight,Ice,Lane Use Marking,mahomet,2012,0,1,2056,POINT (-88.4027875012921 40.2010228065282),POINT,-88.4027875012921,40.2010228065282,-0.0006897360603660338,-0.004967423942420298
A-Injury,pedestrian,Rain,Daylight,Wet,Other,urbana,2012,0,3,2109,POINT (-88.2191999584708 40.1037001637469),POINT,-88.2191999584708,40.1037001637469,-0.0027774735483463153,-0.00740781913524544
A-Injury,rear end,Clear,Dusk,Dry,No Controls,champaign,2013,0,2,2205,POINT (-88.2821207164939 40.1128831076748),POINT,-88.2821207164939,40.1128831076748,-0.0020619455594737273,-0.007177553992651841
A-Injury,angle,Clear,"Darkness, lighted road",Dry,No Controls,champaign,2013,0,2,2256,POINT (-88.2410900005371 40.1272099995374),POINT,-88.2410900005371,40.1272099995374,-0.0025285423805068356,-0.006818302773917596
A-Injury,rear end,Clear,Daylight,Dry,Lane Use Marking,mahomet,2014,0,2,2305,POINT (-88.3525034420639 40.1829334457966),POINT,-88.3525034420639,40.1829334457966,-0.0012615608905545285,-0.005421020224940902
A-Injury,sideswipe - same dir,Clear,Daylight,Dry,Lane Use Marking,unincorporated,2003,0,1,29,POINT (-88.2881751397074 39.9119548229979),POINT,-88.2881751397074,39.9119548229979,-0.0019930953198731964,-0.012215892513010225
A-Injury,sideswipe - same dir,Clear,Daylight,Dry,Lane Use Marking,pesotum,2003,0,3,30,POINT (-88.2770067381197 39.9035969267433),POINT,-88.2770067381197,39.9035969267433,-0.002120101163064731,-0.01242546933150759
A-Injury,turning,Clear,Daylight,Dry,Traffic Signal,unincorporated,2014,0,1,2446,POINT (-88.1617700328932 40.0548341873674),POINT,-88.1617700328932,40.0548341873674,-0.003430560390283992,-0.008633148518431475
A-Injury,fixed object,Clear,Daylight,Dry,Lane Use Marking,unincorporated,2015,0,2,2590,POINT (-88.3846416892797 40.2810924068072),POINT,-88.3846416892797,40.281092406807204,-0.0008960882529273176,-0.0029596540953621053
A-Injury,fixed object,Clear,Daylight,Dry,Lane Use Marking,champaign,2003,0,1,41,POINT (-88.3050251169414 40.1183161804161),POINT,-88.3050251169414,40.1183161804161,-0.0018014792188981216,-0.0070413180230846795
A-Injury,turning,Clear,Daylight,Dry,Traffic signal,champaign,2003,0,1,42,POINT (-88.2434791400742 40.1101911947013),POINT,-88.2434791400742,40.110191194701294,-0.002501373346600888,-0.007245054538180633
A-Injury,pedestrian,Clear,Dusk,Dry,Unknown,urbana,2007,0,1,3732,POINT (-88.2195085825512 40.1200907205493),POINT,-88.2195085825512,40.1200907205493,-0.002773963909007771,-0.006996820883603347
A-Injury,pedestrian,Rain,Daylight,Wet,Unknown,champaign,2007,0,1,3756,POINT (-88.2500885189161 40.1181050454494),POINT,-88.2500885189161,40.1181050454494,-0.0024262122121990193,-0.007046612297295268
A-Injury,pedestrian,Clear,Daylight,Dry,No Controls,urbana,2006,0,1,3865,POINT (-88.1905821197357 40.0915004303551),POINT,-88.1905821197357,40.0915004303551,-0.0031029124851831217,-0.007713731201258769
A-Injury,pedestrian,Clear,Daylight,Dry,No Controls,urbana,2006,0,1,3868,POINT (-88.2049982390267 40.1135682050863),POINT,-88.2049982390267,40.113568205086295,-0.0029389739509422105,-0.007160374964402532
A-Injury,pedestrian,Clear,Darkness,Wet,No Controls,champaign,2006,0,1,3870,POINT (-88.2335776551185 40.1090905058447),POINT,-88.2335776551185,40.109090505844705,-0.002613971952209002,-0.007272654649703
A-Injury,pedestrian,Rain,Darkness,Wet,Other Warning Sign,champaign,2006,0,1,3871,POINT (-88.233516993508 40.1054138733446),POINT,-88.233516993508,40.1054138733446,-0.0026146617894188457,-0.007364847340146039
A-Injury,turning,Clear,Daylight,Dry,Traffic signal,champaign,2002,0,4,110,POINT (-88.2769570957819 40.1274234623449),POINT,-88.2769570957819,40.1274234623449,-0.0021206656903089136,-0.006812950128383261
A-Injury,overturned,Clear,Daylight,Dry,Lane Use Marking,thomasboro,2002,0,1,111,POINT (-88.181955491296 40.2548252347284),POINT,-88.181955491296,40.2548252347284,-0.0032010135617140546,-0.003618311511953956
A-Injury,fixed object,Clear,Daylight,Dry,No Controls,unincorporated,2002,0,1,112,POINT (-88.2036749025419 40.2233468986994),POINT,-88.2036749025419,40.2233468986994,-0.0029540227889300512,-0.004407640466942786
A-Injury,turning,Clear,Daylight,Dry,No Controls,urbana,2002,0,1,113,POINT (-88.2210900052937 40.1164327065274),POINT,-88.2210900052937,40.1164327065274,-0.002755980142281922,-0.007088546709980627
A-Injury,pedestrian,Clear,Daylight,Dry,No Controls,champaign,2002,0,1,114,POINT (-88.2712736435792 40.1127988314314),POINT,-88.2712736435792,40.1127988314314,-0.002185297288087024,-0.0071796672453686055
A-Injury,pedestrian,Clear,Daylight,Dry,Lane Use Marking,unincorporated,2002,0,1,115,POINT (-88.2991353182762 40.113071373164),POINT,-88.2991353182762,40.113071373164,-0.0018684573661134323,-0.007172833177621662
A-Injury,angle,Clear,Daylight,Dry,Stop sign / flasher,champaign,2002,0,2,116,POINT (-88.276998901843 40.1309486468119),POINT,-88.276998901843,40.1309486468119,-0.002120190276347524,-0.006724555043937968
A-Injury,fixed object,Clear,Daylight,Dry,Lane Use Marking,unincorporated,2001,0,2,238,POINT (-88.3037083622921 39.9965819877878),POINT,-88.3037083622921,39.99658198778779,-0.0018164532089715202,-0.010093840334466654
A-Injury,overturned,Clear,Daylight,Dry,Lane Use Marking,unincorporated,2001,0,1,239,POINT (-88.3036197560784 39.9864353841354),POINT,-88.3036197560784,39.9864353841354,-0.0018174608291572616,-0.010348269540961273
A-Injury,angle,Clear,Daylight,Dry,No Controls,unincorporated,2001,0,1,240,POINT (-88.0959379234413 40.1207264306448),POINT,-88.0959379234413,40.1207264306448,-0.004179195949665828,-0.006980880257488432
A-Injury,turning,Clear,Darkness,Dry,School zone,champaign,2001,0,4,241,POINT (-88.2437174149009 40.1359892856108),POINT,-88.2437174149009,40.1359892856108,-0.00249866371129286,-0.006598159476143578
A-Injury,angle,Clear,Daylight,Dry,Lane Use Marking,pesotum,2000,0,1,369,POINT (-88.2826651163257 39.9036372133442),POINT,-88.2826651163257,39.903637213344204,-0.0020557547040386368,-0.012424459132602397
A-Injury,rear end,Clear,"Darkness, lighted road",Dry,No Controls,champaign,1999,0,2,468,POINT (-88.2389254670918 40.1343236259909),POINT,-88.2389254670918,40.134323625990895,-0.002553157218465255,-0.006639926403275098
A-Injury,turning,Clear,Daylight,Dry,Traffic Signal,champaign,2004,0,1,516,POINT (-88.2860458398548 40.1129354097116),POINT,-88.2860458398548,40.112935409711596,-0.0020173094852633626,-0.007176242502997097
A-Injury,rear end,Clear,Daylight,Dry,No Controls,champaign,2005,0,1,564,POINT (-88.2762267014576 40.0982483564733),POINT,-88.2762267014576,40.0982483564733,-0.002128971654800846,-0.007544524878970506
A-Injury,turning,Clear,Dawn,Dry,Traffic Signal,rantoul,2013,0,2,2246,POINT (-88.200617016421 40.3116096495647),POINT,-88.200617016421,40.3116096495647,-0.0029887967359553697,-0.002194424849676394
A-Injury,pedestrian,Clear,Daylight,Dry,Traffic Signal,urbana,2005,0,1,712,POINT (-88.2239613691299 40.1127749752943),POINT,-88.2239613691299,40.1127749752943,-0.0027233273063088175,-0.007180265445341695
A-Injury,angle,Clear,Daylight,Dry,Stop Sign/Flasher,champaign,2005,0,2,761,POINT (-88.2799591333026 40.1061469442633),POINT,-88.2799591333026,40.106146944263294,-0.002086526847466005,-0.007346465361452805
A-Injury,overturned,Clear,Daylight,Dry,No Controls,unincorporated,2006,0,1,809,POINT (-87.9605117301135 40.1891499076683),POINT,-87.9605117301135,40.189149907668295,-0.005719247830746482,-0.005265140532050155
A-Injury,turning,Clear,Daylight,Dry,Traffic Signal,urbana,2006,0,2,857,POINT (-88.1947507584393 40.1354612866267),POINT,-88.1947507584393,40.1354612866267,-0.0030555071810888764,-0.006611399213020667
A-Injury,rear end,Rain,"Darkness, lighted road",Wet,Traffic Signal,champaign,2006,0,2,908,POINT (-88.2581109861752 40.1380122506909),POINT,-88.2581109861752,40.1380122506909,-0.0023349815906354874,-0.006547433004732127
A-Injury,pedestrian,Clear,Daylight,Ice,No Controls,urbana,2008,0,1,1248,POINT (-88.2284266289458 40.1103735713161),POINT,-88.2284266289458,40.1103735713161,-0.0026725488593185207,-0.007240481388486534
A-Injury,angle,Clear,Darkness,Dry,Stop sign / flasher,unincorporated,2002,0,2,166,POINT (-88.1605868373514 39.9090642836262),POINT,-88.1605868373514,39.9090642836262,-0.0034440155607724883,-0.012288373676548045
A-Injury,sideswipe - opp dir,Clear,Daylight,Dry,Lane Use Marking,unincorporated,2002,0,2,167,POINT (-88.3938435123057 40.2307320127313),POINT,-88.3938435123057,40.230732012731295,-0.0007914461263761813,-0.004222456461793965
A-Injury,rear end,Clear,"Darkness, lighted road",Dry,No Controls,champaign,2002,0,1,168,POINT (-88.2799323023457 40.1428151744784),POINT,-88.2799323023457,40.1428151744784,-0.00208683196617773,-0.006426998213941839
A-Injury,overturned,Clear,Daylight,Dry,Lane Use Marking,unincorporated,2002,0,2,169,POINT (-88.0959379234413 40.1207264306448),POINT,-88.0959379234413,40.1207264306448,-0.004179195949665828,-0.006980880257488432
A-Injury,overturned,Clear,Darkness,Dry,Lane Use Marking,unincorporated,2002,0,1,170,POINT (-88.3062706640381 40.1652651913746),POINT,-88.3062706640381,40.1652651913746,-0.0017873149933364816,-0.005864057137265088
A-Injury,angle,Clear,Daylight,Ice,Stop sign / flasher,unincorporated,2002,0,2,171,POINT (-88.0588891577612 40.3126339380106),POINT,-88.0588891577612,40.3126339380106,-0.004600510467007703,-0.002168740501943957
A-Injury,overturned,Clear,Dawn,Dry,Lane Use Marking,unincorporated,2002,0,3,172,POINT (-88.3035368529167 39.9784667573287),POINT,-88.3035368529167,39.978466757328704,-0.0018184035948586677,-0.010548085308358511
A-Injury,overturned,Clear,Daylight,Dry,Lane Use Marking,unincorporated,2002,0,2,173,POINT (-88.2111478022795 40.1351170369319),POINT,-88.2111478022795,40.135117036931895,-0.0028690417892046145,-0.006620031379968932
A-Injury,fixed object,Clear,Daylight,Dry,Lane Use Marking,unincorporated,2002,0,1,105,POINT (-88.2895612440969 39.8989117627181),POINT,-88.2895612440969,39.8989117627181,-0.0019773326921276846,-0.012542951260048946
A-Injury,overturned,Severe cross wind,Dawn,Dry,No Controls,unincorporated,2002,0,4,174,POINT (-88.237064775049 40.1894044138365),POINT,-88.237064775049,40.1894044138365,-0.0025743168051759677,-0.005258758711626047
A-Injury,rear end,Clear,Daylight,Dry,Traffic signal,urbana,2002,0,4,176,POINT (-88.1970179461234 40.1314256587762),POINT,-88.1970179461234,40.1314256587762,-0.00302972497033733,-0.006712593822259952
A-Injury,fixed object,Clear,Darkness,Unknown,No Controls,champaign,2002,0,1,177,POINT (-88.257736334075 40.1349794005616),POINT,-88.257736334075,40.1349794005616,-0.002339242093404358,-0.00662348265427502
A-Injury,angle,Clear,"Darkness, lighted road",Dry,Traffic signal,urbana,2002,0,2,182,POINT (-88.2050046678331 40.1163119581311),POINT,-88.2050046678331,40.11631195813111,-0.002938900843257887,-0.007091574513145747
A-Injury,fixed object,Clear,Daylight,Wet,No Controls,champaign,2002,0,1,183,POINT (-88.2769675912498 40.1290392676712),POINT,-88.2769675912498,40.1290392676712,-0.002120546336994078,-0.006772433312993123
A-Injury,rear end,Clear,Daylight,Dry,No Controls,philo,2002,0,1,184,POINT (-88.1614115919341 40.0100150499497),POINT,-88.1614115919341,40.0100150499497,-0.0034346365417267824,-0.009757002170314973
A-Injury,overturned,Rain,Daylight,Wet,Lane Use Marking,unincorporated,2002,0,2,185,POINT (-88.1695051292776 40.1204956010839),POINT,-88.1695051292776,40.120495601083896,-0.0033425977189247527,-0.006986668379704364
A-Injury,angle,Clear,Daylight,Dry,Stop sign / flasher,urbana,2002,0,4,186,POINT (-88.1621494561884 40.0839948488388),POINT,-88.1621494561884,40.0839948488388,-0.0034262456300065266,-0.007901935965620666
A-Injury,turning,Clear,Daylight,Wet,Lane Use Marking,thomasboro,2002,0,5,187,POINT (-88.1830986618121 40.2388001328631),POINT,-88.1830986618121,40.238800132863105,-0.003188013551446789,-0.004020145868676902
A-Injury,rear end,Clear,"Darkness, lighted road",Wet,Traffic signal,champaign,2002,0,2,189,POINT (-88.2387337511384 40.1126458498797),POINT,-88.2387337511384,40.112645849879705,-0.002555337391350727,-0.00718350330481658
A-Injury,fixed object,Clear,Daylight,Dry,No Controls,unincorporated,2002,0,1,190,POINT (-88.4406212364587 40.3109389501612),POINT,-88.4406212364587,40.3109389501612,-0.0002594949557475478,-0.002211242843447998
A-Injury,rear end,Clear,Daylight,Dry,No Controls,rantoul,2001,0,2,191,POINT (-88.1546457027539 40.3082140327828),POINT,-88.1546457027539,40.3082140327828,-0.0035115774946038276,-0.002279570984577908
A-Injury,rear end,Clear,Daylight,Dry,No Controls,rantoul,2001,0,1,192,POINT (-88.1558326292082 40.3123063167907),POINT,-88.1558326292082,40.3123063167907,-0.0034980798965857022,-0.002176955704770879
A-Injury,angle,Rain,"Darkness, lighted road",Wet,Stop sign / flasher,champaign,2001,0,1,193,POINT (-88.251765150853 40.1126397725265),POINT,-88.251765150853,40.1126397725265,-0.0024071457369119476,-0.007183655696316894
A-Injury,angle,Clear,Daylight,Wet,Lane Use Marking,unincorporated,2001,0,2,194,POINT (-88.1451717160361 40.340479901555),POINT,-88.1451717160361,40.340479901555,-0.0036193146369360688,-0.0014704944039002966
A-Injury,fixed object,Clear,Darkness,Ice,No Controls,champaign,2009,0,1,1407,POINT (-88.2699304360718 40.0966126180852),POINT,-88.2699304360718,40.0966126180852,-0.0022005720971740033,-0.00758554152201419
A-Injury,angle,Clear,Daylight,Dry,Traffic Signal,champaign,2009,0,2,1453,POINT (-88.2435286786393 40.1211184252608),POINT,-88.2435286786393,40.121118425260796,-0.002500809999448585,-0.006971050871960563
A-Injury,angle,Clear,Daylight,Dry,Traffic Signal,champaign,2012,0,1,2123,POINT (-88.2466701746299 40.0980900009237),POINT,-88.2466701746299,40.098090000923705,-0.0024650852501157364,-0.00754849569306826
A-Injury,angle,Clear,Daylight,Dry,Stop Sign/Flasher,champaign,2013,0,2,2217,POINT (-88.2539600007749 40.1090300000623),POINT,-88.2539600007749,40.1090300000623,-0.0023821861432924327,-0.007274171850801383
A-Injury,head on,Clear,Daylight,Dry,Traffic Signal,philo,2015,0,4,2455,POINT (-88.1613820349877 39.9966866147422),POINT,-88.1613820349877,39.9966866147422,-0.003434972660093445,-0.010091216781413772
A-Injury,head on,Clear,Daylight,Ice,No Controls,champaign,2015,0,3,2549,POINT (-88.2769989238374 40.1289289438142),POINT,-88.2769989238374,40.1289289438142,-0.0021201900262296587,-0.0067751997176301645
A-Injury,pedalcyclist,Rain,Daylight,Wet,Yield,urbana,2006,0,1,2938,POINT (-88.2176793573504 40.1074309778382),POINT,-88.2176793573504,40.1074309778382,-0.0027947656582276124,-0.007314267824743233
A-Injury,pedestrian,Clear,Daylight,Dry,Unknown,champaign,2007,0,1,3740,POINT (-88.2452332527128 40.118310888601),POINT,-88.2452332527128,40.118310888600995,-0.002481425769235595,-0.007041450716975632
A-Injury,turning,Clear,"Darkness, lighted road",Dry,Stop sign / flasher,urbana,2003,0,1,1,POINT (-88.2024084682726 40.1163310736991),POINT,-88.2024084682726,40.1163310736991,-0.0029684245411375956,-0.007091095184400573
A-Injury,fixed object,Clear,Daylight,Snow or slush,Lane Use Marking,rantoul,2003,0,4,2,POINT (-88.1838912734298 40.3004963154009),POINT,-88.1838912734298,40.3004963154009,-0.003179000058688805,-0.00247309512099802
A-Injury,overturned,Snow,Daylight,Snow or slush,Lane Use Marking,unincorporated,2003,0,1,3,POINT (-87.9864257764816 40.3130709541677),POINT,-87.9864257764816,40.313070954167706,-0.005424556125435058,-0.0021577821874293325
A-Injury,fixed object,Snow,Darkness,Snow or slush,No Controls,champaign,2003,0,1,4,POINT (-88.3146325852331 40.1285288928853),POINT,-88.3146325852331,40.1285288928853,-0.001692224138684438,-0.006785231117681369
A-Injury,pedalcyclist,Clear,"Darkness, lighted road",Dry,Traffic signal,champaign,2003,0,1,5,POINT (-88.2768180410923 40.1164359331432),POINT,-88.2768180410923,40.1164359331432,-0.0021222470050533187,-0.007088465801597236
A-Injury,rear end,Clear,Daylight,Dry,No Controls,st. joseph,2003,0,2,6,POINT (-88.0544999805344 40.1204474778668),POINT,-88.0544999805344,40.1204474778668,-0.00465042371110344,-0.006987875084170189
A-Injury,pedestrian,Clear,Daylight,Dry,No Controls,champaign,2015,0,1,3946,POINT (-88.2771801939068 40.1369617840347),POINT,-88.2771801939068,40.1369617840347,-0.0021181286427962897,-0.006573773779137152
A-Injury,pedestrian,Clear,Daylight,Dry,No Controls,champaign,2015,0,1,3947,POINT (-88.2772405791414 40.1274145304489),POINT,-88.2772405791414,40.1274145304489,-0.002117441948502836,-0.006813174098421818
B-Injury,pedalcyclist,Clear,"Darkness, Lighted Road",Dry,Stop Sign/Flasher,urbana,2016,0,1,3950,POINT (-88.2024503686935 40.1163773807688),POINT,-88.2024503686935,40.116377380768796,-0.002967948054126805,-0.007089934020389317
B-Injury,pedalcyclist,Clear,Darkness,Dry,No Controls,unincorporated,2016,0,1,3952,POINT (-88.2378328805227 40.0067814226027),POINT,-88.2378328805227,40.0067814226027,-0.002565581993611331,-0.009838086370327317
C-Injury,pedalcyclist,Clear,Daylight,Dry,Stop Sign/Flasher,champaign,2016,0,1,3961,POINT (-88.2334290403349 40.1014595395309),POINT,-88.2334290403349,40.1014595395309,-0.002615661983298349,-0.007464003476416098
C-Injury,pedalcyclist,Clear,Daylight,Dry,Other,champaign,2016,0,1,3962,POINT (-88.2333988087431 40.1005400168767),POINT,-88.2333988087431,40.1005400168767,-0.0026160057736587332,-0.007487060789708003
PD,pedalcyclist,Clear,"Darkness, Lighted Road",Dry,Traffic Signal,champaign,2016,0,0,3963,POINT (-88.2289300019827 40.1163999978895),POINT,-88.2289300019827,40.1163999978895,-0.0026668245561145124,-0.007089366889133227
C-Injury,pedalcyclist,Clear,"Darkness, Lighted Road",Dry,Stop Sign/Flasher,urbana,2016,0,1,3966,POINT (-88.203729996469 40.111729745972),POINT,-88.203729996469,40.111729745972,-0.0029533962668078302,-0.007206474891988921
B-Injury,pedalcyclist,Clear,Dusk,Dry,Traffic Signal,urbana,2016,0,1,3968,POINT (-88.2075099963015 40.116409793046),POINT,-88.2075099963015,40.116409793045996,-0.0029104105215137896,-0.007089121272572295
C-Injury,pedalcyclist,Rain,Daylight,Wet,No Controls,urbana,2016,0,1,3980,POINT (-88.2095914145807 40.0990999916665),POINT,-88.2095914145807,40.0990999916665,-0.0028867408601474364,-0.00752316986463744
B-Injury,pedalcyclist,Clear,Daylight,Dry,No Controls,urbana,2016,0,1,3984,POINT (-88.2265040393546 40.1104496169048),POINT,-88.2265040393546,40.110449616904795,-0.0026944123381900803,-0.0072385745219673385
C-Injury,pedalcyclist,Clear,Daylight,Dry,No Controls,champaign,2016,0,1,3992,POINT (-88.2302989861688 40.1052694047835),POINT,-88.2302989861688,40.1052694047835,-0.0026512566174523725,-0.007368469933737371
C-Injury,pedalcyclist,Snow,"Darkness, Lighted Road",Snow or Slush,Traffic Signal,champaign,2016,0,1,3998,POINT (-88.2302901891497 40.1041699964005),POINT,-88.2302901891497,40.1041699964005,-0.0026513566561929534,-0.007396037936990739
C-Injury,pedalcyclist,Clear,"Darkness, Lighted Road",Dry,No Controls,champaign,2016,0,1,4003,POINT (-88.2320800022827 40.1126775452395),POINT,-88.2320800022827,40.1126775452395,-0.002631003096703987,-0.007182708533923939
B-Injury,pedalcyclist,Clear,Daylight,Dry,Traffic Signal,champaign,2016,0,1,4004,POINT (-88.2387331898101 40.116339896801),POINT,-88.2387331898101,40.116339896801,-0.002555343774714766,-0.007090873942407459
B-Injury,pedalcyclist,Rain,Daylight,Wet,Stop Sign/Flasher,urbana,2016,0,1,4007,POINT (-88.2175800025128 40.1006599982785),POINT,-88.2175800025128,40.1006599982785,-0.002795895510590607,-0.007484052219165539
Fatal,pedalcyclist,Cloudy/Overcast,Darkness,Wet,Lane Use Marking,champaign,2016,1,0,4010,POINT (-88.2410654197096 40.1567492158148),POINT,-88.2410654197096,40.1567492158148,-0.0025288219109927718,-0.006077597842947119
B-Injury,pedalcyclist,Clear,Daylight,Dry,Traffic Signal,unincorporated,2016,0,1,4011,POINT (-88.2289600019186 40.1103399975754),POINT,-88.2289600019186,40.110339997575394,-0.0026664834001197627,-0.007241323260358161
B-Injury,pedalcyclist,Rain,Daylight,Wet,No Controls,urbana,2016,0,1,4018,POINT (-88.2204365028409 40.1164299991411),POINT,-88.2204365028409,40.116429999141104,-0.0027634117008084103,-0.00708861459852442
B-Injury,pedalcyclist,Clear,Daylight,Dry,Traffic Signal,urbana,2016,0,1,4032,POINT (-88.2127468006345 40.1164903592039),POINT,-88.2127468006345,40.116490359203894,-0.0028508581545327537,-0.007087101051390258
B-Injury,pedalcyclist,Cloudy/Overcast,Daylight,Dry,No Controls,rantoul,2016,0,1,4064,POINT (-88.1440200014305 40.3099899989714),POINT,-88.1440200014305,40.3099899989714,-0.0036324118096560157,-0.002235038086318799
B-Injury,pedalcyclist,Clear,"Darkness, Lighted Road",Dry,No Controls,rantoul,2016,0,1,4065,POINT (-88.1284190014134 40.3081799986824),POINT,-88.1284190014134,40.3081799986824,-0.0038098246781172657,-0.002280424400110403
PD,pedalcyclist,Clear,Daylight,Dry,Traffic Signal,champaign,2016,0,0,4082,POINT (-88.2772135546489 40.139231240087),POINT,-88.2772135546489,40.139231240087,-0.0021177492680804102,-0.00651686647080606
B-Injury,pedalcyclist,Clear,Daylight,Dry,Stop Sign/Flasher,champaign,2016,0,1,4085,POINT (-88.2817400025199 40.0983399978839),POINT,-88.2817400025199,40.0983399978839,-0.0020662749972096698,-0.0075422269424215435
B-Injury,pedalcyclist,Clear,Daylight,Dry,Traffic Signal,rantoul,2016,0,1,4091,POINT (-88.1365200024162 40.3121199979756),POINT,-88.1365200024162,40.3121199979756,-0.0037177009793967434,-0.0021816277063495156
B-Injury,pedalcyclist,Clear,Daylight,Dry,No Controls,unincorporated,2016,0,1,4100,POINT (-88.3082095139606 40.2339328821723),POINT,-88.3082095139606,40.2339328821723,-0.001765266603753033,-0.0041421936763470415
C-Injury,pedalcyclist,Clear,Daylight,Dry,No Controls,unincorporated,2016,0,1,4108,POINT (-88.2949125173056 40.0551095639588),POINT,-88.2949125173056,40.055109563958794,-0.0019164785975930233,-0.008626243365728512
B-Injury,pedalcyclist,Clear,Daylight,Dry,No Controls,champaign,2016,0,1,4116,POINT (-88.2740030899939 40.1273886270874),POINT,-88.2740030899939,40.1273886270874,-0.002154258321532907,-0.006813823633176375
B-Injury,pedalcyclist,Clear,Darkness,Dry,Traffic Signal,unincorporated,2016,0,1,4130,POINT (-88.2954508450981 40.1131193446294),POINT,-88.2954508450981,40.113119344629396,-0.0019103567927257227,-0.007171630278376356
C-Injury,pedalcyclist,Clear,Daylight,Dry,Traffic Signal,champaign,2016,0,1,4135,POINT (-88.2768854735559 40.1196579647379),POINT,-88.2768854735559,40.1196579647379,-0.0021214801704413887,-0.007007672368639442
B-Injury,pedalcyclist,Clear,Darkness,Dry,Stop Sign/Flasher,tolono,2016,0,1,4142,POINT (-88.2557799424365 39.9861227313075),POINT,-88.2557799424365,39.9861227313075,-0.0023614899654663827,-0.01035610940675623
B-Injury,pedalcyclist,Clear,Daylight,Dry,No Controls,champaign,2016,0,1,4144,POINT (-88.2603735928306 40.1126636818119),POINT,-88.2603735928306,40.1126636818119,-0.0023092514748419314,-0.007183056163633707
C-Injury,pedalcyclist,Cloudy/Overcast,Daylight,Dry,Traffic Signal,champaign,2016,0,1,4146,POINT (-88.2466700022763 40.0980899980044),POINT,-88.2466700022763,40.0980899980044,-0.002465087210101991,-0.007548495766270791
PD,pedalcyclist,Clear,Daylight,Dry,Traffic Signal,champaign,2016,0,0,4148,POINT (-88.2435595375961 40.1271999986936),POINT,-88.2435595375961,40.1271999986936,-0.0025004590747618027,-0.006818553548151
B-Injury,pedalcyclist,Clear,Daylight,Dry,No Controls,champaign,2016,0,1,4150,POINT (-88.2501409994595 40.1126108649269),POINT,-88.2501409994595,40.11261086492689,-0.002425615409190671,-0.007184380563265629
PD,pedalcyclist,Clear,"Darkness, Lighted Road",Dry,Stop Sign/Flasher,champaign,2016,0,0,4151,POINT (-88.2577385899044 40.132066789215),POINT,-88.2577385899044,40.132066789215,-0.002339216440358766,-0.006696517279370137
B-Injury,pedalcyclist,Clear,Daylight,Dry,Stop Sign/Flasher,champaign,2016,0,1,4184,POINT (-88.2488600018586 40.0981033980304),POINT,-88.2488600018586,40.0981033980304,-0.0024401827740146388,-0.007548159756498404
C-Injury,pedalcyclist,Clear,Daylight,Dry,No Controls,savoy,2016,0,1,4187,POINT (-88.2495560387494 40.069007093878),POINT,-88.2495560387494,40.069007093878,-0.002432267518504317,-0.00827775852974655
B-Injury,pedalcyclist,Clear,Daylight,Dry,Traffic Signal,champaign,2016,0,1,4196,POINT (-88.2437287305277 40.1359700748984),POINT,-88.2437287305277,40.1359700748984,-0.002498535031220551,-0.006598641190663857
C-Injury,pedalcyclist,Clear,Daylight,Dry,Traffic Signal,urbana,2016,0,1,4201,POINT (-88.2240200018755 40.1163996397898),POINT,-88.2240200018755,40.1163996397898,-0.0027226605411288696,-0.007089375868593428
B-Injury,pedalcyclist,Clear,Daylight,Dry,Traffic Signal,urbana,2016,0,1,4202,POINT (-88.2193000019309 40.1090899981755),POINT,-88.2193000019309,40.1090899981755,-0.002776335865043378,-0.007272667379664446
PD,pedalcyclist,Clear,Daylight,Dry,No Controls,champaign,2016,0,0,4204,POINT (-88.2291389631984 40.1079911916239),POINT,-88.2291389631984,40.107991191623896,-0.002664448271989634,-0.007300220291810521