crash_severity,collision_type,weather,light,road_surface,traffic_control,city,year,fatality,injury,id,Geometry,point,x,y,norm_x,norm_y
C-Injury,pedalcyclist,Clear,Daylight,Dry,No Controls,urbana,2016,0,1,4205,POINT (-88.2159898084544 40.1058215263117),POINT,-88.2159898084544,40.1058215263117,-0.0028139790237630383,-0.007354625316649586
B-Injury,pedalcyclist,Clear,Daylight,Dry,Traffic Signal,urbana,2016,0,1,4206,POINT (-88.2239900023151 40.1128099977867),POINT,-88.2239900023151,40.112809997786705,-0.0027230016928535493,-0.007179387245575814
B-Injury,pedalcyclist,Clear,Daylight,Dry,Stop Sign/Flasher,urbana,2016,0,1,4210,POINT (-88.2238698502563 40.1070110588245),POINT,-88.2238698502563,40.107011058824504,-0.0027243680489447983,-0.00732479742312969
C-Injury,pedalcyclist,Clear,Daylight,Dry,Stop Sign/Flasher,urbana,2016,0,1,4211,POINT (-88.2192600017488 40.1073899977532),POINT,-88.2192600017488,40.1073899977532,-0.0027767907427460534,-0.007315295412975211
B-Injury,pedalcyclist,Clear,Daylight,Dry,Traffic Signal,urbana,2016,0,1,4212,POINT (-88.2094000021063 40.0837299977943),POINT,-88.2094000021063,40.0837299977943,-0.0028889175819027195,-0.007908577186998729
B-Injury,pedalcyclist,Clear,Daylight,Wet,No Controls,unincorporated,2013,0,1,2602,POINT (-88.3651527082481 40.2011400010816),POINT,-88.3651527082481,40.2011400010816,-0.0011177148168920218,-0.004964485252958508
B-Injury,pedalcyclist,Rain,Daylight,Wet,Stop Sign/Flasher,urbana,2013,0,1,2603,POINT (-88.1905702617457 40.0906899795286),POINT,-88.1905702617457,40.090689979528605,-0.0031030473329503056,-0.007734053504933126
B-Injury,pedalcyclist,Clear,Daylight,Dry,No Controls,urbana,2013,0,1,2604,POINT (-88.2182720013475 40.110603167003),POINT,-88.2182720013475,40.110603167003,-0.0027880261754133244,-0.007234724206040778
B-Injury,pedalcyclist,Clear,Daylight,Dry,No Controls,champaign,2013,0,1,2605,POINT (-88.2879867151725 40.1093210851764),POINT,-88.2879867151725,40.1093210851764,-0.0019952380631069974,-0.007266872802061534
B-Injury,pedalcyclist,Clear,Daylight,Dry,No Controls,rantoul,2013,0,1,2606,POINT (-88.157351538385 40.3083406294106),POINT,-88.157351538385,40.3083406294106,-0.0034808070273021964,-0.0022763965352094475
C-Injury,pedalcyclist,Clear,Daylight,Dry,Traffic Signal,champaign,2013,0,1,2607,POINT (-88.2770402533457 40.1322199964001),POINT,-88.2770402533457,40.1322199964001,-0.0021197200315746564,-0.006692675562095103
Property Damage,pedalcyclist,Clear,Daylight,Dry,Stop Sign/Flasher,urbana,2013,0,0,2608,POINT (-88.2193700481743 40.1155043477924),POINT,-88.2193700481743,40.115504347792395,-0.002775539306813018,-0.007111825590715593
C-Injury,pedalcyclist,Clear,Daylight,Dry,No Controls,champaign,2013,0,1,2609,POINT (-88.2418400006839 40.116339999128),POINT,-88.2418400006839,40.116339999128,-0.0025200134607425034,-0.007090871376526465
B-Injury,pedalcyclist,Clear,Daylight,Dry,Stop Sign/Flasher,champaign,2013,0,1,2611,POINT (-88.2847700003983 40.0983699996288),POINT,-88.2847700003983,40.098369999628794,-0.0020318181922324716,-0.007541474639443231
B-Injury,pedalcyclist,Clear,Daylight,Dry,Traffic Signal,urbana,2013,0,1,2612,POINT (-88.1994294046144 40.127390007469),POINT,-88.1994294046144,40.127390007469,-0.003002302127724897,-0.006813789019683196
B-Injury,pedalcyclist,Clear,Dawn,Dry,Stop Sign/Flasher,unincorporated,2013,0,1,2613,POINT (-88.2091900011313 40.0691199999758),POINT,-88.2091900011313,40.0691199999758,-0.00289130569005694,-0.008274927374627546
B-Injury,pedalcyclist,Clear,"Darkness, lighted road",Dry,Stop Sign/Flasher,urbana,2013,0,1,2614,POINT (-88.220739768023 40.1164299997457),POINT,-88.220739768023,40.116429999745705,-0.002759963002276179,-0.0070886145833638685
B-Injury,pedalcyclist,Clear,Daylight,Dry,Stop Sign/Flasher,urbana,2013,0,1,2615,POINT (-88.2088699997781 40.1092199997006),POINT,-88.2088699997781,40.109219999700606,-0.0028949447104992753,-0.00726940755144908
B-Injury,pedalcyclist,Clear,Daylight,Dry,Stop Sign/Flasher,urbana,2013,0,1,2617,POINT (-88.2089200020434 40.1115899988419),POINT,-88.2089200020434,40.11158999884189,-0.0028943760901988967,-0.007209979094246236
B-Injury,pedalcyclist,Fog/Smoke/Haze,Daylight,Dry,Stop Sign/Flasher,champaign,2013,0,1,2618,POINT (-88.2767300009141 40.111909999698),POINT,-88.2767300009141,40.111909999698,-0.002123248188345217,-0.007201954974384454
C-Injury,pedalcyclist,Clear,Daylight,Dry,No Controls,champaign,2013,0,1,2619,POINT (-88.2355795562068 40.1102689280388),POINT,-88.2355795562068,40.1102689280388,-0.002591206551653729,-0.007243105350840982
B-Injury,pedalcyclist,Clear,"Darkness, lighted road",Dry,Stop Sign/Flasher,champaign,2013,0,1,2620,POINT (-88.2370400199707 40.1090312055187),POINT,-88.2370400199707,40.109031205518704,-0.002574598317222977,-0.007274141623611327
C-Injury,pedalcyclist,Clear,Daylight,Dry,No Controls,urbana,2013,0,1,2621,POINT (-88.2173869475873 40.1106240155123),POINT,-88.2173869475873,40.11062401551229,-0.0027980909101205493,-0.007234201423259661
B-Injury,pedalcyclist,Clear,Daylight,Dry,No Controls,unincorporated,2013,0,1,2622,POINT (-88.3107922107709 40.1132187740745),POINT,-88.3107922107709,40.113218774074504,-0.0017358964576740861,-0.007169137054467394
B-Injury,pedalcyclist,Clear,Daylight,Dry,Stop Sign/Flasher,champaign,2013,0,1,2623,POINT (-88.2578100010974 40.114402069297),POINT,-88.2578100010974,40.114402069297,-0.0023384043600706513,-0.007139465562919818
B-Injury,pedalcyclist,Clear,Daylight,Dry,No Controls,unincorporated,2013,0,1,2624,POINT (-88.3313508068796 40.127869810029),POINT,-88.3313508068796,40.127869810029004,-0.001502106347861701,-0.006801757822959912
C-Injury,pedalcyclist,Clear,Daylight,Dry,Traffic Signal,urbana,2013,0,2,2625,POINT (-88.2156220946917 40.1164542062709),POINT,-88.2156220946917,40.1164542062709,-0.0028181606245156615,-0.0070880075973014595
C-Injury,pedalcyclist,Clear,Daylight,Dry,No Controls,champaign,2013,0,1,2626,POINT (-88.2542100012711 40.1126499992084),POINT,-88.2542100012711,40.1126499992084,-0.002379343164951268,-0.007183399259123684
C-Injury,pedalcyclist,Clear,Daylight,Dry,No Controls,urbana,2013,0,1,2627,POINT (-88.2206536645797 40.1129774099554),POINT,-88.2206536645797,40.1129774099554,-0.002760942161230253,-0.007175189333969391
B-Injury,pedalcyclist,Clear,Daylight,Dry,Stop Sign/Flasher,champaign,2013,0,1,2628,POINT (-88.2578100418272 40.115331353362),POINT,-88.2578100418272,40.115331353362,-0.002338403896895794,-0.007116163479250595
B-Injury,pedalcyclist,Clear,Daylight,Dry,Stop Sign/Flasher,champaign,2013,0,1,2629,POINT (-88.2817427400956 40.0983400274701),POINT,-88.2817427400956,40.0983400274701,-0.002066243865797787,-0.007542226200538388
B-Injury,pedalcyclist,Clear,Daylight,Dry,Traffic Signal,champaign,2013,0,1,2631,POINT (-88.2765100005749 40.0982599997562),POINT,-88.2765100005749,40.0982599997562,-0.0021257500081770693,-0.007544232920071595
B-Injury,pedalcyclist,Clear,"Darkness, lighted road",Dry,Traffic Signal,tolono,2013,0,1,2632,POINT (-88.2625391032234 39.9863850076119),POINT,-88.2625391032234,39.9863850076119,-0.0022846255271431835,-0.010349532747777892
C-Injury,pedalcyclist,Clear,"Darkness, lighted road",Dry,Stop Sign/Flasher,champaign,2013,0,1,2634,POINT (-88.2768100010656 40.1168735353814),POINT,-88.2768100010656,40.1168735353814,-0.0021223384353589213,-0.007077492790918995
C-Injury,pedalcyclist,Clear,Daylight,Dry,Stop Sign/Flasher,champaign,2013,0,1,2635,POINT (-88.2385960477227 40.1014700177572),POINT,-88.2385960477227,40.1014700177572,-0.0025569033395559716,-0.007463740731669725
Property Damage,pedalcyclist,Clear,"Darkness, lighted road",Dry,No Controls,champaign,2013,0,0,2636,POINT (-88.2387121923846 40.1103663599539),POINT,-88.2387121923846,40.1103663599539,-0.0025555825551445903,-0.007240662215611134
Property Damage,pedalcyclist,Rain,Daylight,Wet,Stop Sign/Flasher,champaign,2013,0,0,2637,POINT (-88.2579000015259 40.1212852560447),POINT,-88.2579000015259,40.1212852560447,-0.002337380885026396,-0.006966867538756496
B-Injury,pedalcyclist,Clear,Daylight,Dry,Traffic Signal,urbana,2013,0,1,2638,POINT (-88.2089300014907 40.1124400002636),POINT,-88.2089300014907,40.112440000263604,-0.002894262377576203,-0.007188665047235631
B-Injury,pedalcyclist,Clear,"Darkness, lighted road",Dry,No Controls,champaign,2013,0,1,2639,POINT (-88.2367440002443 40.1163478819405),POINT,-88.2367440002443,40.1163478819405,-0.0025779646212243375,-0.00709067371257927
B-Injury,pedalcyclist,Clear,Daylight,Dry,Other,champaign,2013,0,1,2640,POINT (-88.238714593245 40.1123490711517),POINT,-88.238714593245,40.112349071151705,-0.0025555552528221974,-0.007190945122675671
B-Injury,pedalcyclist,Clear,Daylight,Dry,Stop Sign/Flasher,champaign,2013,0,1,2641,POINT (-88.2576900019534 40.1034099996803),POINT,-88.2576900019534,40.103409999680295,-0.002339768977231404,-0.007415095088436164
C-Injury,pedalcyclist,Clear,Daylight,Other,Stop Sign/Flasher,unincorporated,2013,0,1,2642,POINT (-88.2981017055725 40.097050014578),POINT,-88.2981017055725,40.097050014578,-0.0018802114969024386,-0.007574573670465146
B-Injury,pedalcyclist,Clear,Daylight,Dry,No Controls,unincorporated,2013,0,1,2644,POINT (-88.0789400011198 40.3855100005483),POINT,-88.0789400011198,40.385510000548294,-0.004372494466019423,-0.0003413508256415492
B-Injury,pedalcyclist,Clear,Daylight,Dry,No Controls,champaign,2013,0,1,2645,POINT (-88.2435300388443 40.1199293513807),POINT,-88.2435300388443,40.1199293513807,-0.002500794531345816,-0.007000867265124355
B-Injury,pedalcyclist,Cloudy/Overcast,Dusk,Dry,No Controls,urbana,2013,0,1,2646,POINT (-88.2279030163774 40.1104080534837),POINT,-88.2279030163774,40.1104080534837,-0.0026785033242643906,-0.007239616737531287
C-Injury,pedalcyclist,Clear,Darkness,Dry,No Controls,unincorporated,2013,0,1,2647,POINT (-88.1834092042661 40.1301866615128),POINT,-88.1834092042661,40.130186661512795,-0.0031844820965731793,-0.006743662059610803
C-Injury,pedalcyclist,Clear,Daylight,Dry,Stop Sign/Flasher,champaign,2013,0,1,2649,POINT (-88.2626899928629 40.1254193078248),POINT,-88.2626899928629,40.1254193078248,-0.0022829096266409497,-0.006863204919218773
C-Injury,pedalcyclist,Clear,Daylight,Dry,Stop Sign/Flasher,champaign,2013,0,1,2650,POINT (-88.257910079326 40.1221714237813),POINT,-88.257910079326,40.122171423781296,-0.0023372662813842394,-0.0069446466102796095
B-Injury,pedalcyclist,Clear,Daylight,Dry,Traffic Signal,champaign,2013,0,1,2651,POINT (-88.2387099883208 40.1102334547257),POINT,-88.2387099883208,40.1102334547257,-0.0025556076195173134,-0.007243994855074354
B-Injury,pedalcyclist,Clear,Darkness,Dry,No Controls,champaign,2013,0,1,2652,POINT (-88.2759700256145 40.1321109148627),POINT,-88.2759700256145,40.13211091486271,-0.002131890544457916,-0.006695410815186045
B-Injury,pedalcyclist,Clear,Daylight,Dry,Stop Sign/Flasher,champaign,2013,0,1,2653,POINT (-88.2767100013924 40.1103300001003),POINT,-88.2767100013924,40.1103300001003,-0.0021234756207218785,-0.007241573950120267
C-Injury,pedalcyclist,Clear,Daylight,Dry,Traffic Signal,champaign,2013,0,1,2654,POINT (-88.2689100558356 40.0982209181796),POINT,-88.2689100558356,40.0982209181796,-0.002212175749787729,-0.007545212902621833
B-Injury,pedalcyclist,Clear,Daylight,Dry,No Controls,champaign,2013,0,1,2655,POINT (-88.2435300146987 40.119929766422),POINT,-88.2435300146987,40.119929766422,-0.0025007948059268537,-0.007000856857836162
C-Injury,pedalcyclist,Clear,Daylight,Wet,No Controls,champaign,2014,0,1,2657,POINT (-88.2769880858015 40.1272433646411),POINT,-88.2769880858015,40.1272433646411,-0.002120313275190225,-0.00681746613368301
B-Injury,pedalcyclist,Clear,Daylight,Dry,No Controls,champaign,2014,0,1,2658,POINT (-88.2466698418606 40.0978169475064),POINT,-88.2466698418606,40.0978169475064,-0.002465089034331917,-0.007555342591466477
C-Injury,pedalcyclist,Clear,Daylight,Dry,Stop Sign/Flasher,champaign,2014,0,1,2659,POINT (-88.2367996531494 40.129519999539),POINT,-88.2367996531494,40.129519999539,-0.0025773317424651644,-0.006760378813591129
B-Injury,pedalcyclist,Clear,Daylight,Dry,Traffic Signal,champaign,2014,0,1,2660,POINT (-88.2765114897224 40.0982600210751),POINT,-88.2765114897224,40.0982600210751,-0.0021257330737544,-0.007544232385493701
B-Injury,pedalcyclist,Clear,Daylight,Dry,Stop Sign/Flasher,champaign,2014,0,1,2661,POINT (-88.2767093889645 40.1103299954087),POINT,-88.2767093889645,40.110329995408705,-0.00212348258518504,-0.0072415740677634005
B-Injury,pedalcyclist,Clear,Daylight,Dry,Traffic Signal,champaign,2014,0,1,2662,POINT (-88.2768895778109 40.1196898405421),POINT,-88.2768895778109,40.1196898405421,-0.002121433497301601,-0.007006873073047746
B-Injury,pedalcyclist,Clear,Daylight,Dry,No Controls,champaign,2014,0,1,2663,POINT (-88.2620000004639 40.1464800002951),POINT,-88.2620000004639,40.1464800002951,-0.0022907561448506464,-0.006335101579715498
B-Injury,pedalcyclist,Clear,Daylight,Dry,No Controls,champaign,2014,0,2,2664,POINT (-88.2699535526395 40.1306806079626),POINT,-88.2699535526395,40.1306806079626,-0.0022003092180905614,-0.006731276200501602
C-Injury,pedalcyclist,Clear,"Darkness, lighted road",Dry,Traffic Signal,champaign,2014,0,1,2667,POINT (-88.2579800011622 40.1271699999251),POINT,-88.2579800011622,40.1271699999251,-0.002336471137898902,-0.006819305776495178
B-Injury,pedalcyclist,Clear,Daylight,Dry,No Controls,champaign,2014,0,1,2668,POINT (-88.2688998904981 40.1273281079676),POINT,-88.2688998904981,40.1273281079676,-0.0022122913488956536,-0.006815341168713954
C-Injury,pedalcyclist,Clear,Daylight,Dry,Traffic Signal,champaign,2014,0,1,2669,POINT (-88.2304501116662 40.1103199005694),POINT,-88.2304501116662,40.1103199005694,-0.002649538034799894,-0.0072418271989629435
B-Injury,pedalcyclist,Clear,Daylight,Dry,Lane Use Marking,unincorporated,2014,0,1,2671,POINT (-88.3099014507924 40.1132106880814),POINT,-88.3099014507924,40.113210688081395,-0.0017460260828726978,-0.0071693398132309065
B-Injury,pedalcyclist,Clear,Daylight,Dry,No Controls,champaign,2014,0,1,2672,POINT (-88.2452300013243 40.1191049633898),POINT,-88.2452300013243,40.119104963389795,-0.0024814627436704506,-0.007021539047481763
B-Injury,pedalcyclist,Clear,Daylight,Dry,Traffic Signal,urbana,2014,0,1,2673,POINT (-88.2239101363046 40.1105706389955),POINT,-88.2239101363046,40.1105706389955,-0.0027239099204031574,-0.007235539855830702
Property Damage,pedalcyclist,Clear,Daylight,Dry,Stop Sign/Flasher,champaign,2014,0,0,2674,POINT (-88.2320504581696 40.1102999842875),POINT,-88.2320504581696,40.1102999842875,-0.0026313390691317965,-0.007242326605855513
B-Injury,pedalcyclist,Rain,Darkness,Wet,Traffic Signal,champaign,2014,0,1,2676,POINT (-88.2335703994323 40.1102785519533),POINT,-88.2335703994323,40.1102785519533,-0.0026140544630800923,-0.0072428640282256795
B-Injury,pedalcyclist,Clear,Daylight,Dry,Traffic Signal,champaign,2014,0,1,2677,POINT (-88.2411691856378 40.1163417962186),POINT,-88.2411691856378,40.1163417962186,-0.0025276418961891903,-0.007090826313927164
C-Injury,pedalcyclist,Clear,Unknown,Dry,No Controls,urbana,2014,0,1,2678,POINT (-88.2228399566932 40.0992384241729),POINT,-88.2228399566932,40.099238424172896,-0.002736079886073128,-0.007519698626973865
B-Injury,pedalcyclist,Clear,Daylight,Dry,Stop Sign/Flasher,champaign,2014,0,1,2679,POINT (-88.2333299999426 40.0980899991059),POINT,-88.2333299999426,40.098089999105895,-0.0026167882598237113,-0.007548495738650402
B-Injury,pedalcyclist,Clear,Daylight,Dry,Traffic Signal,urbana,2014,0,1,2680,POINT (-88.2239900011094 40.1128099997242),POINT,-88.2239900011094,40.1128099997242,-0.0027230017065647035,-0.007179387196992563
B-Injury,pedalcyclist,Clear,Daylight,Dry,Traffic Signal,champaign,2014,0,2,2681,POINT (-88.2578400540231 40.1163213110743),POINT,-88.2578400540231,40.116321311074294,-0.00233806260148147,-0.007091339985219437
C-Injury,pedalcyclist,Clear,Daylight,Dry,Stop Sign/Flasher,champaign,2014,0,1,2682,POINT (-88.2414985360635 40.1027001278036),POINT,-88.2414985360635,40.1027001278036,-0.002523896559115374,-0.007432895344017989
B-Injury,pedalcyclist,Clear,Daylight,Dry,No Controls,urbana,2014,0,1,2683,POINT (-88.1955488308168 40.0983800461904),POINT,-88.1955488308168,40.0983800461904,-0.003046431589166699,-0.007541222718821817
B-Injury,pedalcyclist,Clear,Daylight,Dry,Stop Sign/Flasher,urbana,2014,0,1,2684,POINT (-88.1768001308093 40.1057399575865),POINT,-88.1768001308093,40.1057399575865,-0.003259639758169037,-0.007356670677514995
B-Injury,pedalcyclist,Clear,Daylight,Dry,No Controls,urbana,2014,0,1,2686,POINT (-88.1768000402951 40.1057390513029),POINT,-88.1768000402951,40.1057390513029,-0.0032596407874865402,-0.007356693402855003
C-Injury,pedalcyclist,Clear,Daylight,Dry,No Controls,urbana,2014,0,1,2687,POINT (-88.2001002383499 40.1016102780461),POINT,-88.2001002383499,40.1016102780461,-0.002994673479744331,-0.007460223661797826
C-Injury,pedalcyclist,Clear,Daylight,Dry,Stop Sign/Flasher,urbana,2014,0,1,2688,POINT (-88.1945467304972 40.1109502051377),POINT,-88.1945467304972,40.1109502051377,-0.00305782736456527,-0.007226022118104791
B-Injury,pedalcyclist,Clear,Daylight,Dry,No Controls,urbana,2014,0,1,2689,POINT (-88.20187906489 40.1128271695602),POINT,-88.20187906489,40.112827169560205,-0.002974444858590149,-0.007178956658075267
C-Injury,pedalcyclist,Clear,Daylight,Dry,Stop Sign/Flasher,urbana,2014,0,1,2690,POINT (-88.2193699862805 40.1154985873974),POINT,-88.2193699862805,40.1154985873974,-0.002775540010662556,-0.007111970034391402
Property Damage,pedalcyclist,Clear,Dusk,Wet,No Controls,urbana,2014,0,0,2691,POINT (-88.1906523960545 40.0938600356814),POINT,-88.1906523960545,40.0938600356814,-0.0031021133105602716,-0.007654563372162523
B-Injury,pedalcyclist,Clear,Daylight,Dry,Stop Sign/Flasher,rantoul,2014,0,1,2692,POINT (-88.1364999963322 40.3160598354011),POINT,-88.1364999963322,40.3160598354011,-0.003717928486399195,-0.002082835071471059
B-Injury,pedalcyclist,Clear,Daylight,Dry,No Controls,rantoul,2014,0,1,2693,POINT (-88.1611867615321 40.2879947964574),POINT,-88.1611867615321,40.2879947964574,-0.0034371932885053965,-0.0027865745525142
C-Injury,pedalcyclist,Clear,Daylight,Dry,No Controls,rantoul,2014,0,2,2694,POINT (-88.1506380260902 40.309564337334),POINT,-88.1506380260902,40.309564337333995,-0.0035571523559583024,-0.002245711682760632
B-Injury,pedalcyclist,Clear,Daylight,Dry,No Controls,st joseph,2014,0,1,2695,POINT (-88.031308853649 40.1138928630157),POINT,-88.031308853649,40.11389286301571,-0.004914150673418639,-0.007152234066995662
B-Injury,pedalcyclist,Clear,Dusk,Dry,Traffic Signal,savoy,2014,0,1,2697,POINT (-88.2480596548735 40.0760921843796),POINT,-88.2480596548735,40.076092184379604,-0.002449284232525991,-0.008100097706872053
B-Injury,pedalcyclist,Clear,Darkness,Dry,Other Regualtory Sig,rantoul,2012,0,1,2698,POINT (-88.1557400011812 40.3036099999333),POINT,-88.1557400011812,40.30360999993329,-0.0034991332523932055,-0.0023950185239423453
B-Injury,pedalcyclist,Clear,Daylight,Dry,No Controls,urbana,2012,0,1,2699,POINT (-88.2001571478328 40.1419630142613),POINT,-88.2001571478328,40.1419630142613,-0.0029940263113197633,-0.006448366393410631
C-Injury,pedalcyclist,Clear,Daylight,Dry,No Controls,urbana,2012,0,1,2701,POINT (-88.2192600012576 40.1070799991612),POINT,-88.2192600012576,40.10707999916121,-0.0027767907483319055,-0.007323068722988854
B-Injury,pedalcyclist,Clear,Daylight,Dry,Stop Sign/Flasher,rantoul,2012,0,1,2702,POINT (-88.1472089867743 40.3106600008055),POINT,-88.1472089867743,40.310660000805505,-0.00359614701658481,-0.0022182375843143357
B-Injury,pedalcyclist,Clear,Daylight,Dry,Lane Use Marking,champaign,2012,0,1,2703,POINT (-88.2401100009623 40.1145999996138),POINT,-88.2401100009623,40.114599999613795,-0.0025396868286489227,-0.007134502399365941
B-Injury,pedalcyclist,Clear,"Darkness, lighted road",Wet,No Controls,urbana,2012,0,1,2704,POINT (-88.2194699924307 40.1231913507263),POINT,-88.2194699924307,40.123191350726295,-0.002774402751643758,-0.006919071628523307
C-Injury,pedalcyclist,Clear,Daylight,Dry,Traffic Signal,champaign,2012,0,1,2705,POINT (-88.2289290633882 40.11639999916),POINT,-88.2289290633882,40.11639999916,-0.0026668352297087856,-0.007089366857275045
C-Injury,pedalcyclist,Rain,"Darkness, lighted road",Wet,Lane Use Marking,champaign,2012,0,1,2706,POINT (-88.2486664568641 40.1418331972631),POINT,-88.2486664568641,40.141833197263104,-0.002442383746555715,-0.006451621594556962
C-Injury,pedalcyclist,Snow,Daylight,Wet,No Controls,urbana,2012,0,1,2707,POINT (-88.2238359304847 40.1045871874872),POINT,-88.2238359304847,40.104587187487205,-0.0027247537808832837,-0.007385576742212349
B-Injury,pedalcyclist,Clear,Daylight,Dry,Stop Sign/Flasher,champaign,2012,0,1,2709,POINT (-88.250090001164 40.1182700002636),POINT,-88.250090001164,40.1182700002636,-0.002426195356237818,-0.007042476004608292
C-Injury,pedalcyclist,Clear,Daylight,Dry,Stop Sign/Flasher,tolono,2012,0,1,2710,POINT (-88.2616327687697 39.9902088719418),POINT,-88.2616327687697,39.990208871941796,-0.002294932263572925,-0.010253648173931474
B-Injury,pedalcyclist,Clear,Daylight,Wet,No Controls,unincorporated,2012,0,1,2712,POINT (-88.1771875757766 40.1343999996072),POINT,-88.1771875757766,40.134399999607204,-0.0032552337763124516,-0.006638011311362531
B-Injury,pedalcyclist,Clear,Daylight,Dry,No Controls,champaign,2012,0,1,2713,POINT (-88.230372440783 40.1231100006877),POINT,-88.230372440783,40.1231100006877,-0.0026504212996014734,-0.0069211115057547686
B-Injury,pedalcyclist,Clear,Daylight,Dry,Stop Sign/Flasher,unincorporated,2012,0,1,2715,POINT (-88.2732299660131 40.1416030836141),POINT,-88.2732299660131,40.1416030836141,-0.002163050203012186,-0.006457391765061815
B-Injury,pedalcyclist,Clear,Daylight,Dry,Traffic Signal,urbana,2012,0,1,2717,POINT (-88.212820016904 40.1164907322092),POINT,-88.212820016904,40.1164907322092,-0.0028500255471117187,-0.007087091698167501
B-Injury,pedalcyclist,Clear,Daylight,Dry,Stop Sign/Flasher,urbana,2012,0,1,2718,POINT (-88.203600000262 40.118899999048),POINT,-88.203600000262,40.118899999048,-0.002954874569477309,-0.007026678591375443
B-Injury,pedalcyclist,Clear,Daylight,Dry,Stop Sign/Flasher,champaign,2012,0,1,2719,POINT (-88.2813208961514 40.1092600112363),POINT,-88.2813208961514,40.109260011236294,-0.002071041029063009,-0.007268404249888821
B-Injury,pedalcyclist,Clear,"Darkness, lighted road",Dry,Traffic Signal,champaign,2012,0,1,2720,POINT (-88.2445877629711 40.0980941980025),POINT,-88.2445877629711,40.0980941980025,-0.002488766208086426,-0.00754839045002695
Fatal,pedalcyclist,Clear,"Darkness, lighted road",Dry,No Controls,champaign,2012,1,0,2721,POINT (-88.2828291545506 40.1128159897989),POINT,-88.2828291545506,40.1128159897989,-0.0020538892792591975,-0.007179236994027673
C-Injury,pedalcyclist,Clear,Daylight,Dry,Traffic Signal,champaign,2012,0,1,2722,POINT (-88.243560001211 40.1272000001441),POINT,-88.243560001211,40.1272000001441,-0.002500453802583837,-0.006818553511779219
C-Injury,pedalcyclist,Clear,Daylight,Dry,Traffic Signal,champaign,2012,0,1,2723,POINT (-88.2335703878845 40.1102800935974),POINT,-88.2335703878845,40.110280093597396,-0.002614054594400383,-0.007242825371025944
B-Injury,pedalcyclist,Rain,Daylight,Wet,Traffic Signal,champaign,2012,0,1,2724,POINT (-88.2302900003686 40.1041699994591),POINT,-88.2302900003686,40.1041699994591,-0.002651358802991018,-0.0073960378602953465
Property Damage,pedalcyclist,Clear,Daylight,Dry,No Controls,mahomet,2012,0,0,2725,POINT (-88.4078276903185 40.1880096704169),POINT,-88.4078276903185,40.188009670416896,-0.0006324195811800241,-0.005293732331732845
B-Injury,pedalcyclist,Clear,Darkness,Dry,No Controls,champaign,2012,0,1,2726,POINT (-88.238940034532 40.1380118988571),POINT,-88.238940034532,40.1380118988571,-0.0025529915591261227,-0.006547441827072786
B-Injury,pedalcyclist,Clear,Daylight,Dry,No Controls,urbana,2012,0,1,2727,POINT (-88.20666926695 40.11247346864),POINT,-88.20666926695,40.112473468640005,-0.00291997120388574,-0.007187825817406412
B-Injury,pedalcyclist,Clear,Daylight,Dry,Traffic Signal,urbana,2012,0,1,2730,POINT (-88.212820016904 40.1164907322092),POINT,-88.212820016904,40.1164907322092,-0.0028500255471117187,-0.007087091698167501
B-Injury,pedalcyclist,Clear,Darkness,Dry,Stop Sign/Flasher,urbana,2012,0,1,2731,POINT (-88.2176301012774 40.1046602259416),POINT,-88.2176301012774,40.1046602259416,-0.002795325792910817,-0.007383745280510276
C-Injury,pedalcyclist,Clear,Daylight,Dry,No Controls,champaign,2012,0,1,2732,POINT (-88.2558480473334 40.0981258067158),POINT,-88.2558480473334,40.0981258067158,-0.0023607154840163775,-0.007547597851821799
C-Injury,pedalcyclist,Clear,Daylight,Dry,Traffic Signal,urbana,2012,0,1,2733,POINT (-88.2193000242912 40.109091722821),POINT,-88.2193000242912,40.109091722821,-0.0027763356107645258,-0.007272624133648229
B-Injury,pedalcyclist,Clear,"Darkness, lighted road",Dry,Traffic Signal,champaign,2012,0,1,2734,POINT (-88.2435601671057 40.1272030174149),POINT,-88.2435601671057,40.1272030174149,-0.002500451916047378,-0.006818477852786162
B-Injury,pedalcyclist,Rain,"Darkness, lighted road",Wet,Traffic Signal,urbana,2012,0,1,2735,POINT (-88.2019300004382 40.1220199997604),POINT,-88.2019300004382,40.1220199997604,-0.0029738656250984934,-0.0069484436141640064
C-Injury,pedalcyclist,Rain,Daylight,Wet,No Controls,champaign,2012,0,1,2736,POINT (-88.2375286237845 40.1014750881869),POINT,-88.2375286237845,40.101475088186895,-0.0025690419680113215,-0.0074636135890860785
C-Injury,pedalcyclist,Clear,"Darkness, lighted road",Wet,No Controls,champaign,2011,0,1,2737,POINT (-88.2420231149755 40.1179099637252),POINT,-88.2420231149755,40.117909963725204,-0.002517931105015709,-0.007051504031513782
Fatal,pedalcyclist,Clear,Daylight,Dry,No Controls,unincorporated,2011,1,1,2740,POINT (-88.3698391356001 40.1477644951671),POINT,-88.3698391356001,40.1477644951671,-0.0010644212768342017,-0.0063028924758393445
C-Injury,pedalcyclist,Clear,Daylight,Dry,No Controls,champaign,2011,0,1,2743,POINT (-88.2813090549498 40.108429350229),POINT,-88.2813090549498,40.108429350229,-0.0020711756859144426,-0.00728923333006103
B-Injury,pedalcyclist,Clear,Daylight,Dry,Stop Sign/Flasher,champaign,2011,0,1,2744,POINT (-88.2485019425828 40.1221491150599),POINT,-88.2485019425828,40.1221491150599,-0.0024442545849965424,-0.006945206008328228
B-Injury,pedalcyclist,Clear,Daylight,Dry,No Controls,unincorporated,2011,0,1,2745,POINT (-88.2944877471019 40.0548360766153),POINT,-88.2944877471019,40.054836076615295,-0.0019213090379618491,-0.008633101144959528