crash_severity,collision_type,weather,light,road_surface,traffic_control,city,year,fatality,injury,id,Geometry,point,x,y,norm_x,norm_y
B-Injury,pedalcyclist,Clear,Daylight,Dry,No Controls,urbana,2011,0,1,2746,POINT (-88.2237126808465 40.109079003542),POINT,-88.2237126808465,40.109079003542,-0.0027261553623091337,-0.007272943073480092
B-Injury,pedalcyclist,Clear,Daylight,Dry,Traffic Signal,champaign,2011,0,1,2747,POINT (-88.2333293245917 40.0980898346394),POINT,-88.2333293245917,40.098089834639396,-0.0026167959398404397,-0.007548499862698437
C-Injury,pedalcyclist,Clear,Daylight,Dry,Stop Sign/Flasher,champaign,2011,0,1,2748,POINT (-88.2402887647171 40.1102013331694),POINT,-88.2402887647171,40.1102013331694,-0.0025376539467514923,-0.007244800312975467
C-Injury,pedalcyclist,Clear,Daylight,Dry,Traffic Signal,champaign,2011,0,1,2749,POINT (-88.2763515477156 40.0836994746131),POINT,-88.2763515477156,40.083699474613105,-0.0021275519167888715,-0.007909342565152562
B-Injury,pedalcyclist,Clear,"Darkness, lighted road",Dry,No Controls,champaign,2011,0,1,2750,POINT (-88.2769375481417 40.1222511605),POINT,-88.2769375481417,40.1222511605,-0.002120887983938453,-0.006942647187540418
B-Injury,pedalcyclist,Clear,Daylight,Dry,No Controls,unincorporated,2011,0,1,2752,POINT (-88.270456659633 40.141583073666),POINT,-88.270456659633,40.141583073666,-0.002194587940303213,-0.006457893520663198
B-Injury,pedalcyclist,Clear,Daylight,Dry,No Controls,champaign,2011,0,1,2753,POINT (-88.2768415000781 40.1184291454859),POINT,-88.2768415000781,40.1184291454859,-0.0021219802320285863,-0.007038485389224671
B-Injury,pedalcyclist,Clear,Daylight,Dry,Traffic Signal,champaign,2011,0,1,2755,POINT (-88.2434693608159 40.1125810085619),POINT,-88.2434693608159,40.1125810085619,-0.0025014845552583866,-0.0071851292207982444
B-Injury,pedalcyclist,Clear,Daylight,Dry,Traffic Signal,urbana,2011,0,1,2756,POINT (-88.2049686952829 40.1163195845287),POINT,-88.2049686952829,40.1163195845287,-0.0029393099191702475,-0.0070913832788810135
B-Injury,pedalcyclist,Clear,Daylight,Dry,Stop Sign/Flasher,champaign,2011,0,1,2758,POINT (-88.2386321630873 40.1026992480365),POINT,-88.2386321630873,40.1026992480365,-0.0025564926395736853,-0.007432917404448537
C-Injury,pedalcyclist,Clear,"Darkness, lighted road",Dry,Traffic Signal,champaign,2011,0,1,2759,POINT (-88.2333293259122 40.0980899093077),POINT,-88.2333293259122,40.0980899093077,-0.002616795924823846,-0.007548497990367677
B-Injury,pedalcyclist,Clear,Daylight,Dry,Stop Sign/Flasher,champaign,2011,0,1,2760,POINT (-88.2322600497075 40.1273000646645),POINT,-88.2322600497075,40.1273000646645,-0.0026289556170514755,-0.006816044363161947
B-Injury,pedalcyclist,Clear,Daylight,Dry,Traffic Signal,urbana,2011,0,1,2761,POINT (-88.212820007025 40.1164902520797),POINT,-88.212820007025,40.1164902520797,-0.002850025659454656,-0.00708710373756236
B-Injury,pedalcyclist,Clear,Daylight,Dry,Stop Sign/Flasher,champaign,2011,0,1,2762,POINT (-88.2854658330229 40.0692894907608),POINT,-88.2854658330229,40.069289490760795,-0.0020239052596150737,-0.00827067734107814
B-Injury,pedalcyclist,Clear,Dawn,Wet,Stop Sign/Flasher,champaign,2011,0,1,2763,POINT (-88.2504896022705 40.1023148050956),POINT,-88.2504896022705,40.1023148050956,-0.002421651136093709,-0.007442557429401339
B-Injury,pedalcyclist,Clear,Daylight,Dry,No Controls,champaign,2011,0,1,2764,POINT (-88.27668651083 40.0982683638359),POINT,-88.27668651083,40.0982683638359,-0.002123742752832147,-0.007544023188201371
B-Injury,pedalcyclist,Clear,Daylight,Dry,Traffic Signal,champaign,2011,0,1,2765,POINT (-88.2335492036491 40.1126691988351),POINT,-88.2335492036491,40.1126691988351,-0.0026142954992118173,-0.0071829178225806395
Property Damage,pedalcyclist,Clear,Daylight,Dry,No Controls,champaign,2011,0,0,2766,POINT (-88.2320788799469 40.1126803353451),POINT,-88.2320788799469,40.112680335345104,-0.002631015859784172,-0.007182638571168
B-Injury,pedalcyclist,Clear,Daylight,Dry,Stop Sign/Flasher,champaign,2011,0,1,2768,POINT (-88.2859106259705 40.1023990610225),POINT,-88.2859106259705,40.1023990610225,-0.002018847122789272,-0.007440444686127027
Fatal,pedalcyclist,Clear,Darkness,Dry,Stop Sign/Flasher,champaign,2011,1,0,2769,POINT (-88.2389207435103 40.1352585336411),POINT,-88.2389207435103,40.1352585336411,-0.002553210934518198,-0.006616483306477757
Property Damage,pedalcyclist,Clear,Dawn,Wet,Stop Sign/Flasher,champaign,2011,0,0,2770,POINT (-88.2504872686089 40.1023086529975),POINT,-88.2504872686089,40.1023086529975,-0.002421677674238714,-0.0074427116951529156
B-Injury,pedalcyclist,Rain,Daylight,Wet,Stop Sign/Flasher,urbana,2011,0,1,2771,POINT (-88.2238300737954 40.104202076347),POINT,-88.2238300737954,40.104202076347,-0.002724820382514401,-0.007395233522468202
B-Injury,pedalcyclist,Clear,Daylight,Dry,Stop Sign/Flasher,champaign,2011,0,1,2773,POINT (-88.2558093318651 40.1090421592176),POINT,-88.2558093318651,40.1090421592176,-0.0023611557520939754,-0.007273866956243399
B-Injury,pedalcyclist,Clear,Daylight,Dry,Traffic Signal,champaign,2011,0,1,2775,POINT (-88.257974745177 40.1271698729756),POINT,-88.257974745177,40.1271698729756,-0.0023365309083886172,-0.006819308959792965
B-Injury,pedalcyclist,Clear,Daylight,Dry,Traffic Signal,champaign,2011,0,1,2777,POINT (-88.2772307654633 40.1392311607897),POINT,-88.2772307654633,40.139231160789706,-0.002117553548578525,-0.006516868459210091
B-Injury,pedalcyclist,Clear,Daylight,Dry,No Controls,champaign,2011,0,1,2778,POINT (-88.2583376836432 40.1271743217515),POINT,-88.2583376836432,40.1271743217515,-0.002332403611786172,-0.006819197405369424
C-Injury,pedalcyclist,Clear,Daylight,Dry,Stop Sign/Flasher,rantoul,2011,0,1,2779,POINT (-88.1541015194244 40.3036788156807),POINT,-88.1541015194244,40.303678815680705,-0.0035177658879984,-0.0023932929479163092
B-Injury,pedalcyclist,Clear,Daylight,Dry,Stop Sign/Flasher,champaign,2011,0,1,2780,POINT (-88.2355401114839 40.1272697460614),POINT,-88.2355401114839,40.127269746061394,-0.002591655112734936,-0.006816804611457368
Property Damage,pedalcyclist,Clear,Daylight,Dry,No Controls,champaign,2011,0,0,2781,POINT (-88.2768114463501 40.1174487105356),POINT,-88.2768114463501,40.117448710535605,-0.0021223219997414614,-0.007063070097070605
B-Injury,pedalcyclist,Rain,Daylight,Wet,Other Regualtory Sig,champaign,2011,0,1,2782,POINT (-88.2334746401103 40.1034844765586),POINT,-88.2334746401103,40.1034844765586,-0.002615143427632248,-0.0074132275578123056
B-Injury,pedalcyclist,Rain,Daylight,Wet,No Controls,champaign,2011,0,1,2783,POINT (-88.2775287975569 40.1274200017734),POINT,-88.2775287975569,40.1274200017734,-0.0021141643601572412,-0.006813036903277659
B-Injury,pedalcyclist,Clear,Daylight,Dry,Stop Sign/Flasher,champaign,2011,0,1,2784,POINT (-88.2353912846054 40.1126505224321),POINT,-88.2353912846054,40.112650522432105,-0.0025933475557443626,-0.007183386139128415
B-Injury,pedalcyclist,Clear,Daylight,Dry,No Controls,champaign,2011,0,1,2785,POINT (-88.2451298638109 40.1084699972061),POINT,-88.2451298638109,40.1084699972061,-0.002482601496537146,-0.007288214094612034
B-Injury,pedalcyclist,Clear,"Darkness, lighted road",Dry,Lane Use Marking,urbana,2011,0,1,2786,POINT (-88.2274372878953 40.1041997392328),POINT,-88.2274372878953,40.1041997392328,-0.002683799537702153,-0.007395292126325477
Property Damage,pedalcyclist,Clear,Daylight,Dry,No Controls,mahomet,2011,0,0,2788,POINT (-88.4077701201898 40.1922989155287),POINT,-88.4077701201898,40.1922989155287,-0.0006330742623965965,-0.005186178191683205
B-Injury,pedalcyclist,Snow,Daylight,Wet,No Controls,champaign,2011,0,1,2789,POINT (-88.2765975389406 40.1128482914263),POINT,-88.2765975389406,40.112848291426296,-0.002124754531442049,-0.00717842702078842
B-Injury,pedalcyclist,Clear,Daylight,Dry,No Controls,champaign,2011,0,1,2790,POINT (-88.2421324672409 40.1210992181735),POINT,-88.2421324672409,40.1210992181735,-0.002516687562995444,-0.006971532495580429
B-Injury,pedalcyclist,Rain,"Darkness, lighted road",Wet,Traffic Signal,rantoul,2011,0,1,2791,POINT (-88.1365218068296 40.3121193046817),POINT,-88.1365218068296,40.3121193046817,-0.003717680459804602,-0.0021816450909072026
B-Injury,pedalcyclist,Fog/Smoke/Haze,Darkness,Wet,No Controls,urbana,2010,0,1,2792,POINT (-88.2238716539837 40.1070091109749),POINT,-88.2238716539837,40.1070091109749,-0.0027243475371539426,-0.007324846266057448
C-Injury,pedalcyclist,Rain,"Darkness, lighted road",Wet,Stop Sign/Flasher,champaign,2010,0,1,2793,POINT (-88.246880834317 40.1211802785248),POINT,-88.246880834317,40.1211802785248,-0.002462689651159491,-0.006969499882346909
C-Injury,pedalcyclist,Clear,Daylight,Dry,Stop Sign/Flasher,champaign,2010,0,1,2795,POINT (-88.2443010592385 40.0999195520227),POINT,-88.2443010592385,40.099919552022705,-0.002492026571623576,-0.007502619136704486
Property Damage,pedalcyclist,Clear,Dawn,Dry,Stop Sign/Flasher,champaign,2010,0,0,2796,POINT (-88.3070907063154 40.0840607036957),POINT,-88.3070907063154,40.084060703695705,-0.001777989562112979,-0.007900284634834472
B-Injury,pedalcyclist,Clear,Daylight,Dry,No Controls,urbana,2010,0,1,2797,POINT (-88.2239323404314 40.1111294551185),POINT,-88.2239323404314,40.1111294551185,-0.002723657417497942,-0.007221527369719778
B-Injury,pedalcyclist,Clear,"Darkness, lighted road",Dry,No Controls,champaign,2010,0,1,2799,POINT (-88.2517384878314 40.1182692163714),POINT,-88.2517384878314,40.118269216371395,-0.0024074489458818073,-0.0070424956609463525
Property Damage,pedalcyclist,Clear,Daylight,Dry,No Controls,urbana,2010,0,0,2800,POINT (-88.2241628126953 40.1070077329356),POINT,-88.2241628126953,40.1070077329356,-0.002721036512082048,-0.0073248808208166314
C-Injury,pedalcyclist,Snow,Daylight,Dry,Traffic Signal,champaign,2010,0,1,2801,POINT (-88.2333293259122 40.0980899093077),POINT,-88.2333293259122,40.0980899093077,-0.002616795924823846,-0.007548497990367677
C-Injury,pedalcyclist,Clear,Daylight,Dry,Lane Use Marking,urbana,2010,0,1,2802,POINT (-88.2255784421369 40.1105595132652),POINT,-88.2255784421369,40.1105595132652,-0.0027049381286683963,-0.007235818836938854
B-Injury,pedalcyclist,Clear,Darkness,Dry,Stop Sign/Flasher,urbana,2010,0,1,2804,POINT (-88.220648973634 40.1128401241373),POINT,-88.220648973634,40.1128401241373,-0.0027609955061524845,-0.007178631818071305
B-Injury,pedalcyclist,Clear,Darkness,Dry,No Controls,champaign,2010,0,1,2805,POINT (-88.2488594867079 40.0981014970707),POINT,-88.2488594867079,40.0981014970707,-0.00244018863225217,-0.007548207423647459
B-Injury,pedalcyclist,Clear,Daylight,Dry,Traffic Signal,champaign,2010,0,1,2806,POINT (-88.2335492036491 40.1126691988351),POINT,-88.2335492036491,40.1126691988351,-0.0026142954992118173,-0.0071829178225806395
B-Injury,pedalcyclist,Clear,Daylight,Dry,No Controls,unincorporated,2010,0,2,2807,POINT (-88.423585428203 40.040196981665),POINT,-88.423585428203,40.040196981665,-0.0004532243068075248,-0.009000180952114955
B-Injury,pedalcyclist,Clear,Daylight,Dry,Stop Sign/Flasher,champaign,2010,0,1,2808,POINT (-88.2750369173955 40.1354155567111),POINT,-88.2750369173955,40.1354155567111,-0.0021425017492227643,-0.006612545904715476
B-Injury,pedalcyclist,Clear,"Darkness, lighted road",Dry,Stop Sign/Flasher,urbana,2010,0,1,2809,POINT (-88.1957493804543 40.1109501430664),POINT,-88.1957493804543,40.1109501430664,-0.003044150960590432,-0.007226023674561749
C-Injury,pedalcyclist,Clear,"Darkness, lighted road",Dry,Stop Sign/Flasher,champaign,2010,0,1,2810,POINT (-88.2402900575361 40.110201311698),POINT,-88.2402900575361,40.110201311698,-0.002537639244955086,-0.007244800851377441
B-Injury,pedalcyclist,Clear,Daylight,Dry,Traffic Signal,champaign,2010,0,1,2811,POINT (-88.2574894074614 40.0835994364498),POINT,-88.2574894074614,40.083599436449795,-0.002342050115888173,-0.007911851052857632
B-Injury,pedalcyclist,Clear,Daylight,Dry,No Controls,champaign,2010,0,1,2812,POINT (-88.2402899835312 40.1102013105405),POINT,-88.2402899835312,40.110201310540496,-0.002537640086530747,-0.007244800880402172
B-Injury,pedalcyclist,Clear,Daylight,Dry,Other,champaign,2010,0,1,2813,POINT (-88.2816982407808 40.1187932912495),POINT,-88.2816982407808,40.118793291249496,-0.0020667499071460316,-0.007029354322233726
C-Injury,pedalcyclist,Clear,Dusk,Dry,Traffic Signal,champaign,2010,0,1,2814,POINT (-88.2579798328102 40.1271692784025),POINT,-88.2579798328102,40.1271692784025,-0.00233647305237949,-0.0068193238688963155
B-Injury,pedalcyclist,Clear,Daylight,Dry,Traffic Signal,urbana,2010,0,1,2815,POINT (-88.2239132988055 40.110569828607),POINT,-88.2239132988055,40.110569828607,-0.0027238739567882553,-0.007235560176571506
B-Injury,pedalcyclist,Clear,"Darkness, lighted road",Dry,Traffic Signal,champaign,2010,0,1,2816,POINT (-88.2289311531276 40.1164012665383),POINT,-88.2289311531276,40.1164012665383,-0.002666811465420419,-0.007089335077374606
B-Injury,pedalcyclist,Clear,Daylight,Dry,No Controls,champaign,2010,0,1,2818,POINT (-88.2877129280474 40.0838412205775),POINT,-88.2877129280474,40.083841220577504,-0.001998351540394207,-0.007905788241510748
B-Injury,pedalcyclist,Clear,Daylight,Dry,Stop Sign/Flasher,champaign,2010,0,1,2819,POINT (-88.2531108282894 40.1221512715086),POINT,-88.2531108282894,40.122151271508606,-0.002391842840062265,-0.006945151934713791
C-Injury,pedalcyclist,Clear,Daylight,Dry,Traffic Signal,champaign,2010,0,1,2820,POINT (-88.2578894483318 40.1407502199765),POINT,-88.2578894483318,40.1407502199765,-0.0023375008947972412,-0.0064787775830158585
B-Injury,pedalcyclist,Clear,Daylight,Dry,Traffic Signal,urbana,2010,0,1,2824,POINT (-88.2193194650557 40.1105696712672),POINT,-88.2193194650557,40.11056967126721,-0.0027761145325136474,-0.007235564121915144
B-Injury,pedalcyclist,Clear,Daylight,Dry,No Controls,urbana,2010,0,1,2825,POINT (-88.2049250852805 40.1094738520919),POINT,-88.2049250852805,40.1094738520919,-0.0029398058473551225,-0.0072630421246819695
C-Injury,pedalcyclist,Clear,Daylight,Dry,Lane Use Marking,urbana,2010,0,1,2826,POINT (-88.2266493570216 40.1104894902643),POINT,-88.2266493570216,40.1104894902643,-0.002692759801550553,-0.007237574685217364
C-Injury,pedalcyclist,Clear,Daylight,Dry,No Controls,champaign,2010,0,1,2827,POINT (-88.2962000021287 40.0839500002026),POINT,-88.2962000021287,40.083950000202606,-0.0019018374607867121,-0.007903060558963417
C-Injury,pedalcyclist,Clear,Daylight,Dry,Stop Sign/Flasher,urbana,2010,0,1,2828,POINT (-88.2049100886999 40.0983310739398),POINT,-88.2049100886999,40.0983310739398,-0.002939976386831853,-0.00754245071306384
C-Injury,pedalcyclist,Clear,Daylight,Dry,Traffic Signal,champaign,2010,0,1,2829,POINT (-88.2387094344258 40.1126207405397),POINT,-88.2387094344258,40.112620740539704,-0.0025556139183508363,-0.007184132929237807
C-Injury,pedalcyclist,Clear,Daylight,Dry,Stop Sign/Flasher,urbana,2010,0,1,2830,POINT (-88.1906696577784 40.0947593252494),POINT,-88.1906696577784,40.0947593252494,-0.003101917012121206,-0.007632013409728513
B-Injury,pedalcyclist,Clear,Daylight,Dry,No Controls,champaign,2010,0,1,2831,POINT (-88.2765633931357 40.1025083809037),POINT,-88.2765633931357,40.1025083809037,-0.002125142833806463,-0.007437703456491972
B-Injury,pedalcyclist,Clear,Daylight,Dry,Traffic Signal,champaign,2010,0,1,2833,POINT (-88.244587325001 40.0980934391913),POINT,-88.244587325001,40.098093439191295,-0.0024887711886344244,-0.007548409477451215
B-Injury,pedalcyclist,Clear,Daylight,Dry,No Controls,urbana,2010,0,1,2835,POINT (-88.2050034479456 40.1127165894957),POINT,-88.2050034479456,40.112716589495705,-0.00293891471568525,-0.007181729487194142
C-Injury,pedalcyclist,Clear,Dusk,Dry,No Controls,urbana,2010,0,1,2838,POINT (-88.1763160301714 40.1039134344801),POINT,-88.1763160301714,40.1039134344801,-0.0032651448977561175,-0.007402471306033317
Property Damage,pedalcyclist,Clear,Daylight,Dry,No Controls,urbana,2010,0,0,2839,POINT (-88.2013172070143 40.1233983761479),POINT,-88.2013172070143,40.1233983761479,-0.002980834244993929,-0.006913880402419778
Property Damage,pedalcyclist,Rain,"Darkness, lighted road",Wet,No Controls,urbana,2010,0,0,2840,POINT (-88.2129958633545 40.1164874026829),POINT,-88.2129958633545,40.1164874026829,-0.0028480258404803642,-0.00708717518706327
C-Injury,pedalcyclist,Clear,Dusk,Dry,No Controls,champaign,2010,0,1,2842,POINT (-88.2289407656534 40.1115408520182),POINT,-88.2289407656534,40.1115408520182,-0.0026667021528267608,-0.007211211465962129
B-Injury,pedalcyclist,Clear,Daylight,Dry,No Controls,champaign,2010,0,1,2843,POINT (-88.2305635867562 40.1014981101747),POINT,-88.2305635867562,40.1014981101747,-0.0026482476084686095,-0.007463036305662925
B-Injury,pedalcyclist,Clear,Daylight,Dry,No Controls,unincorporated,2005,0,1,2844,POINT (-88.4076016502466 40.1494425784445),POINT,-88.4076016502466,40.1494425784445,-0.0006349900841925184,-0.006260814021676076
C-Injury,pedalcyclist,Clear,Daylight,Dry,No Controls,urbana,2005,0,1,2846,POINT (-88.2255099696115 40.1059660652504),POINT,-88.2255099696115,40.1059660652504,-0.0027057167907495773,-0.007351000958318411
C-Injury,pedalcyclist,Clear,Daylight,Dry,Yield,champaign,2005,0,1,2847,POINT (-88.2334792705186 40.1054186557579),POINT,-88.2334792705186,40.1054186557579,-0.002615090771134748,-0.0073647274196620505
B-Injury,pedalcyclist,Clear,Dawn,Unknown,No Controls,thomasboro,2005,0,1,2848,POINT (-88.1903078388056 40.2387914072745),POINT,-88.1903078388056,40.2387914072745,-0.00310603157796691,-0.0040203646654942
C-Injury,pedalcyclist,Clear,Daylight,Dry,No Controls,rantoul,2005,0,1,2849,POINT (-88.1364851714829 40.3189669941749),POINT,-88.1364851714829,40.3189669941749,-0.003718097072966484,-0.0020099371713153086
C-Injury,pedalcyclist,Clear,Daylight,Dry,Traffic Signal,champaign,2005,0,1,2850,POINT (-88.2579581466968 40.1358384865631),POINT,-88.2579581466968,40.1358384865631,-0.002336719664492798,-0.0066019408086327195
B-Injury,pedalcyclist,Clear,Daylight,Dry,No Controls,champaign,2005,0,1,2851,POINT (-88.2399271172527 40.1102203396634),POINT,-88.2399271172527,40.1102203396634,-0.0025417665622223568,-0.007244323719294238
B-Injury,pedalcyclist,Clear,Daylight,Dry,Yield,champaign,2005,0,1,2852,POINT (-88.2817374927142 40.0983280748165),POINT,-88.2817374927142,40.0983280748165,-0.0020663035384459643,-0.0075425259170026765
B-Injury,pedalcyclist,Clear,Daylight,Dry,Stop Sign/Flasher,rantoul,2005,0,1,2853,POINT (-88.158879005872 40.3036081465493),POINT,-88.158879005872,40.303608146549294,-0.0034634368338497296,-0.002395064998116009
B-Injury,pedalcyclist,Rain,Daylight,Wet,Traffic Signal,rantoul,2005,0,1,2854,POINT (-88.1533438558287 40.3082176082557),POINT,-88.1533438558287,40.3082176082557,-0.003526381955666859,-0.0022794813284954763
B-Injury,pedalcyclist,Clear,Daylight,Dry,No Controls,rantoul,2005,0,1,2855,POINT (-88.1434566641898 40.3050229147889),POINT,-88.1434566641898,40.3050229147889,-0.0036388180192371434,-0.0023595892494903364
B-Injury,pedalcyclist,Clear,Dusk,Dry,No Controls,unincorporated,2005,0,1,2857,POINT (-88.1536799866207 40.1859214104549),POINT,-88.1536799866207,40.185921410454895,-0.0035225595130078747,-0.005346096092385011
B-Injury,pedalcyclist,Clear,Daylight,Dry,No Controls,champaign,2005,0,1,2859,POINT (-88.2418785499684 40.1163574404194),POINT,-88.2418785499684,40.1163574404194,-0.0025195750824888808,-0.00709043403078176
B-Injury,pedalcyclist,Clear,Daylight,Ice,Traffic Signal,urbana,2005,0,1,2860,POINT (-88.2019300070184 40.122021411026),POINT,-88.2019300070184,40.122021411026005,-0.0029738655502690825,-0.006948408226244958
B-Injury,pedalcyclist,Clear,Daylight,Dry,Stop Sign/Flasher,champaign,2005,0,1,2861,POINT (-88.281465682926 40.1024083526773),POINT,-88.281465682926,40.102408352677294,-0.002069394529673961,-0.007440211695026105
C-Injury,pedalcyclist,Clear,Daylight,Dry,No Controls,champaign,2005,0,1,2862,POINT (-88.2413725066234 40.1038483531503),POINT,-88.2413725066234,40.1038483531503,-0.0025253297521448956,-0.0074041032403894935
B-Injury,pedalcyclist,Rain,Darkness,Dry,No Controls,champaign,2005,0,1,2864,POINT (-88.238675717834 40.109027792163),POINT,-88.238675717834,40.109027792163,-0.0025559973397507227,-0.007274227214555218
C-Injury,pedalcyclist,Clear,Daylight,Dry,No Controls,champaign,2005,0,1,2865,POINT (-88.2386607698389 40.1063154061101),POINT,-88.2386607698389,40.1063154061101,-0.002556167326718553,-0.0073422411288449774
B-Injury,pedalcyclist,Clear,Daylight,Dry,Traffic Signal,unincorporated,2005,0,3,2866,POINT (-88.238385419215 40.0833340589336),POINT,-88.238385419215,40.0833340589336,-0.0025592985839433587,-0.007918505475675321
C-Injury,pedalcyclist,Clear,"Darkness, lighted road",Dry,No Controls,champaign,2005,0,1,2867,POINT (-88.2386491654897 40.105389642528),POINT,-88.2386491654897,40.105389642528,-0.0025562992901103504,-0.00736545493532284
B-Injury,pedalcyclist,Clear,Daylight,Dry,Stop Sign/Flasher,urbana,2005,0,1,2868,POINT (-88.204940341452 40.1020072537487),POINT,-88.204940341452,40.1020072537487,-0.0029396323558388057,-0.007450269373991749
B-Injury,pedalcyclist,Clear,Daylight,Dry,Traffic Signal,champaign,2005,0,1,2869,POINT (-88.2435603436002 40.1272276081802),POINT,-88.2435603436002,40.127227608180206,-0.00250044990897125,-0.006817861231784848
B-Injury,pedalcyclist,Clear,Daylight,Dry,No Controls,champaign,2005,0,1,2870,POINT (-88.2452017847364 40.094607848824),POINT,-88.2452017847364,40.094607848824,-0.0024817836196266902,-0.0076358117276719125
C-Injury,pedalcyclist,Clear,Daylight,Dry,Stop Sign/Flasher,urbana,2005,0,1,2871,POINT (-88.2095261861744 40.0909155171137),POINT,-88.2095261861744,40.09091551711371,-0.0028874826304604966,-0.007728398080637656
B-Injury,pedalcyclist,Snow,Daylight,Dry,Yield,champaign,2005,0,1,2874,POINT (-88.2508399296572 40.1372380728598),POINT,-88.2508399296572,40.137238072859795,-0.0024176672513102626,-0.006566845751893796
B-Injury,pedalcyclist,Clear,Darkness,Dry,Stop Sign/Flasher,urbana,2005,0,1,2875,POINT (-88.2131668675867 40.1106915165713),POINT,-88.2131668675867,40.1106915165713,-0.0028460811990265846,-0.007232508813449609
B-Injury,pedalcyclist,Clear,Daylight,Dry,Traffic Signal,urbana,2005,0,1,2876,POINT (-88.2156904460654 40.1164623282156),POINT,-88.2156904460654,40.116462328215604,-0.002817383340158385,-0.0070878039370406805
Property Damage,pedalcyclist,Clear,Daylight,Dry,Traffic Signal,urbana,2005,0,0,2878,POINT (-88.2193700773236 40.1164391840334),POINT,-88.2193700773236,40.116439184033396,-0.0027755389753303028,-0.007088384284525996
C-Injury,pedalcyclist,Clear,Daylight,Dry,Traffic Signal,urbana,2005,0,1,2879,POINT (-88.2191277277582 40.1006242984507),POINT,-88.2191277277582,40.100624298450704,-0.002778294948121811,-0.007484947403324672
B-Injury,pedalcyclist,Clear,Daylight,Dry,No Controls,urbana,2005,0,1,2880,POINT (-88.2191763627947 40.103759969965),POINT,-88.2191763627947,40.103759969965,-0.0027777418757980905,-0.007406319475937248
C-Injury,pedalcyclist,Snow,"Darkness, lighted road",Wet,No Controls,champaign,2005,0,1,2881,POINT (-88.2579236849834 40.1245505535316),POINT,-88.2579236849834,40.124550553531606,-0.002337111559334107,-0.006884989200248014
B-Injury,pedalcyclist,Clear,Daylight,Dry,No Controls,urbana,2005,0,1,2882,POINT (-88.2194476723342 40.1224214716961),POINT,-88.2194476723342,40.1224214716961,-0.0027746565733437127,-0.006938376581930351
B-Injury,pedalcyclist,Clear,Daylight,Dry,Stop Sign/Flasher,urbana,2005,0,1,2883,POINT (-88.2192328082642 40.1064645407987),POINT,-88.2192328082642,40.106464540798704,-0.002777099984083196,-0.007338501530671772
B-Injury,pedalcyclist,Clear,"Darkness, lighted road",Dry,Stop Sign/Flasher,urbana,2005,0,1,2884,POINT (-88.2192879009825 40.1082938992783),POINT,-88.2192879009825,40.108293899278294,-0.0027764734757071974,-0.007292629804298936
C-Injury,pedalcyclist,Clear,Daylight,Dry,Stop Sign/Flasher,urbana,2005,0,1,2886,POINT (-88.2255091488259 40.1059658212693),POINT,-88.2255091488259,40.1059658212693,-0.002705726124633638,-0.007351007076219474
B-Injury,pedalcyclist,Clear,Daylight,Dry,No Controls,urbana,2005,0,1,2887,POINT (-88.2256229392537 40.1126478186264),POINT,-88.2256229392537,40.1126478186264,-0.002704432112315487,-0.007183453937887857
B-Injury,pedalcyclist,Clear,Daylight,Dry,No Controls,urbana,2005,0,1,2888,POINT (-88.1757397510289 40.1129829803541),POINT,-88.1757397510289,40.1129829803541,-0.0032716982812311833,-0.007175049654509215
B-Injury,pedalcyclist,Clear,Daylight,Dry,Other Warning Sign,urbana,2005,0,1,2889,POINT (-88.2282241718718 40.1127403927023),POINT,-88.2282241718718,40.1127403927023,-0.0026748511790543436,-0.0071811326144696815
B-Injury,pedalcyclist,Clear,"Darkness, lighted road",Dry,No Controls,urbana,2005,0,1,2890,POINT (-88.2196940314048 40.1164366724091),POINT,-88.2196940314048,40.1164366724091,-0.0027718550048968856,-0.00708844726427748
B-Injury,pedalcyclist,Clear,Daylight,Dry,Stop Sign/Flasher,champaign,2005,0,1,2891,POINT (-88.2501874869362 40.1271984436117),POINT,-88.2501874869362,40.127198443611704,-0.00242508675868244,-0.006818592542307663
C-Injury,pedalcyclist,Clear,Unknown,Dry,No Passing,champaign,2005,0,1,2892,POINT (-88.2604353058371 40.1309460744117),POINT,-88.2604353058371,40.1309460744117,-0.002308549681271458,-0.006724619547663918
C-Injury,pedalcyclist,Clear,Daylight,Dry,Traffic Signal,champaign,2005,0,1,2893,POINT (-88.2860457003968 40.1129354384783),POINT,-88.2860457003968,40.112935438478296,-0.002017311071164456,-0.007176241781663269
B-Injury,pedalcyclist,Rain,"Darkness, lighted road",Wet,Stop Sign/Flasher,champaign,2005,0,1,2894,POINT (-88.2304362563524 40.1135175193298),POINT,-88.2304362563524,40.1135175193298,-0.0026496955959152877,-0.007161645925331757
B-Injury,pedalcyclist,Clear,Daylight,Dry,No Controls,champaign,2005,0,1,2895,POINT (-88.2483528278687 40.1125723056086),POINT,-88.2483528278687,40.1125723056086,-0.0024459503012410266,-0.0071853474500281275
B-Injury,pedalcyclist,Clear,Daylight,Dry,Traffic Signal,champaign,2005,0,1,2896,POINT (-88.2451371508181 40.112631524087),POINT,-88.2451371508181,40.112631524087,-0.0024825186294871347,-0.007183862528473599
B-Injury,pedalcyclist,Clear,Daylight,Dry,Traffic Signal,champaign,2005,0,1,2897,POINT (-88.233598529755 40.1126947291111),POINT,-88.233598529755,40.1126947291111,-0.00261373456812232,-0.007182277643059853
B-Injury,pedalcyclist,Rain,"Darkness, lighted road",Wet,Stop Sign/Flasher,champaign,2005,0,1,2898,POINT (-88.2767496691821 40.1119204484132),POINT,-88.2767496691821,40.11192044841321,-0.002123024522949477,-0.007201692969637793