crash_severity,collision_type,weather,light,road_surface,traffic_control,city,year,fatality,injury,id,Geometry,point,x,y,norm_x,norm_y
B-Injury,pedalcyclist,Clear,Daylight,Dry,Traffic Signal,urbana,2005,0,1,2899,POINT (-88.2192975701454 40.1090815505928),POINT,-88.2192975701454,40.1090815505928,-0.002776363519042558,-0.0072728792053981615
B-Injury,pedalcyclist,Clear,Daylight,Dry,Traffic Signal,champaign,2005,0,1,2900,POINT (-88.2386878465894 40.1102299835603),POINT,-88.2386878465894,40.110229983560295,-0.0025558594128688443,-0.007244081895614252
B-Injury,pedalcyclist,Clear,Daylight,Dry,Stop Sign/Flasher,urbana,2005,0,1,2901,POINT (-88.1957025647103 40.1077435258105),POINT,-88.1957025647103,40.1077435258105,-0.003044683344118605,-0.007306430588234548
C-Injury,pedalcyclist,Clear,Daylight,Dry,Stop Sign/Flasher,urbana,2005,0,1,2902,POINT (-88.2096558490404 40.1055976150296),POINT,-88.2096558490404,40.1055976150296,-0.0028860081185083774,-0.007360239960897184
B-Injury,pedalcyclist,Clear,Daylight,Dry,Other Regualtory Sig,champaign,2005,0,1,2903,POINT (-88.2300647139041 40.1068720201975),POINT,-88.2300647139041,40.1068720201975,-0.002653920736062513,-0.007328283859453881
C-Injury,pedalcyclist,Clear,Daylight,Unknown,Other,champaign,2005,0,1,2904,POINT (-88.2332996474712 40.1054179693135),POINT,-88.2332996474712,40.1054179693135,-0.0026171334248137625,-0.007364744632466495
B-Injury,pedalcyclist,Clear,Daylight,Dry,No Controls,champaign,2005,0,1,2905,POINT (-88.2327599098289 40.1041497601197),POINT,-88.2327599098289,40.104149760119704,-0.002623271262339039,-0.007396545367954037
B-Injury,pedalcyclist,Clear,Daylight,Dry,Stop Sign/Flasher,champaign,2005,0,1,2906,POINT (-88.2824567400415 40.0973045195306),POINT,-88.2824567400415,40.0973045195306,-0.0020581243363865507,-0.007568191880522672
B-Injury,pedalcyclist,Clear,Daylight,Dry,No Controls,champaign,2005,0,1,2908,POINT (-88.2906630238582 40.0773594923907),POINT,-88.2906630238582,40.077359492390705,-0.001964803373003883,-0.00806831956881768
B-Injury,pedalcyclist,Clear,"Darkness, lighted road",Dry,No Controls,urbana,2005,0,1,2909,POINT (-88.2175590773702 40.0982262735974),POINT,-88.2175590773702,40.0982262735974,-0.00279613346902717,-0.0075450786138738435
C-Injury,pedalcyclist,Other,Daylight,Wet,No Controls,rantoul,2006,0,1,2911,POINT (-88.1558158279455 40.3097027058176),POINT,-88.1558158279455,40.3097027058176,-0.0034982709587103493,-0.0022422420504882618
B-Injury,pedalcyclist,Clear,Daylight,Dry,Traffic Signal,savoy,2006,0,1,2912,POINT (-88.2483722267825 40.0741220434174),POINT,-88.2483722267825,40.0741220434174,-0.0024457296989118674,-0.008149499597284776
C-Injury,pedalcyclist,Clear,Daylight,Dry,Traffic Signal,savoy,2006,0,1,2913,POINT (-88.2491690221417 40.0690017715107),POINT,-88.2491690221417,40.0690017715107,-0.0024366686291023283,-0.008277891989743153
C-Injury,pedalcyclist,Clear,Daylight,Dry,No Controls,rantoul,2006,0,1,2914,POINT (-88.1405813324882 40.3120341259084),POINT,-88.1405813324882,40.3120341259084,-0.0036715159773423782,-0.002183780974838849
B-Injury,pedalcyclist,Clear,Daylight,Dry,No Controls,thomasboro,2006,0,1,2915,POINT (-88.1886574873231 40.2414184512593),POINT,-88.1886574873231,40.2414184512593,-0.0031247991947964725,-0.003954490729803227
B-Injury,pedalcyclist,Clear,Daylight,Dry,Traffic Signal,rantoul,2006,0,1,2916,POINT (-88.1523653136136 40.308210018821),POINT,-88.1523653136136,40.308210018821,-0.0035375098308735755,-0.0022796716359042538
B-Injury,pedalcyclist,Clear,Daylight,Dry,No Controls,unincorporated,2006,0,1,2917,POINT (-88.2383863781942 40.0702993042714),POINT,-88.2383863781942,40.070299304271394,-0.0025592876785366227,-0.00824535595679911
B-Injury,pedalcyclist,Clear,Daylight,Dry,Stop Sign/Flasher,unincorporated,2006,0,1,2918,POINT (-88.1048478918572 40.128022430872),POINT,-88.1048478918572,40.128022430872,-0.004077872761868086,-0.00679793080839342
Fatal,pedalcyclist,Clear,Daylight,Dry,Lane Use Marking,unincorporated,2006,1,0,2919,POINT (-88.1620729026061 40.0798615792923),POINT,-88.1620729026061,40.0798615792923,-0.003427116188984321,-0.008005578970410376
B-Injury,pedalcyclist,Clear,Daylight,Dry,Lane Use Marking,unincorporated,2006,0,1,2920,POINT (-88.1604949850494 39.8836262486983),POINT,-88.1604949850494,39.8836262486983,-0.0034450600951200184,-0.012926240224135237
C-Injury,pedalcyclist,Clear,Daylight,Dry,No Controls,urbana,2006,0,1,2921,POINT (-88.2037493276406 40.1186313390941),POINT,-88.2037493276406,40.1186313390941,-0.0029531764348354837,-0.007033415322327829
B-Injury,pedalcyclist,Clear,Daylight,Dry,Stop Sign/Flasher,urbana,2006,0,1,2922,POINT (-88.1904464690897 40.0837402698292),POINT,-88.1904464690897,40.0837402698292,-0.003104455089515494,-0.007908319612565155
B-Injury,pedalcyclist,Clear,Daylight,Dry,Stop Sign/Flasher,champaign,2006,0,1,2923,POINT (-88.3084472115432 40.0995399944151),POINT,-88.3084472115432,40.0995399944151,-0.0017625635328019679,-0.007512136660422708
C-Injury,pedalcyclist,Clear,Daylight,Dry,No Controls,champaign,2006,0,1,2924,POINT (-88.2386899367371 40.109010588367),POINT,-88.2386899367371,40.109010588367,-0.002555835643937425,-0.007274658605029759
B-Injury,pedalcyclist,Clear,Daylight,Dry,No Controls,champaign,2006,0,1,2927,POINT (-88.2335284384328 40.1058225791496),POINT,-88.2335284384328,40.1058225791496,-0.002614531638983944,-0.007354598916415458
B-Injury,pedalcyclist,Clear,Daylight,Dry,Traffic Signal,champaign,2006,0,1,2929,POINT (-88.2446019306359 40.0981116134431),POINT,-88.2446019306359,40.0981116134431,-0.0024886050949495084,-0.007547953752498885
B-Injury,pedalcyclist,Clear,Daylight,Dry,No Controls,champaign,2006,0,1,2931,POINT (-88.2436165470843 40.1298933213651),POINT,-88.2436165470843,40.1298933213651,-0.0024998107690877834,-0.006751017654011375
C-Injury,pedalcyclist,Clear,Daylight,Dry,Stop Sign/Flasher,champaign,2006,0,1,2932,POINT (-88.2435194420392 40.1143618641728),POINT,-88.2435194420392,40.1143618641728,-0.002500915037056142,-0.00714047371877155
B-Injury,pedalcyclist,Clear,Daylight,Dry,Traffic Signal,champaign,2006,0,2,2933,POINT (-88.2438210709038 40.1027702484826),POINT,-88.2438210709038,40.1027702484826,-0.0024974849465477346,-0.00743113704643117
C-Injury,pedalcyclist,Clear,"Darkness, lighted road",Dry,Traffic Signal,champaign,2006,0,1,2934,POINT (-88.2436152350724 40.1272082944496),POINT,-88.2436152350724,40.1272082944496,-0.0024998256891438702,-0.006818345529518396
B-Injury,pedalcyclist,Clear,Daylight,Dry,Stop Sign/Flasher,champaign,2006,0,1,2935,POINT (-88.245139392038 40.1116409746349),POINT,-88.245139392038,40.1116409746349,-0.002482493142579154,-0.007208700860562333
B-Injury,pedalcyclist,Clear,Daylight,Dry,No Controls,champaign,2006,0,1,2936,POINT (-88.2468386029274 40.1151356328062),POINT,-88.2468386029274,40.1151356328062,-0.002463169901910068,-0.007121071232368111
C-Injury,pedalcyclist,Clear,"Darkness, lighted road",Dry,Traffic Signal,champaign,2006,0,1,2937,POINT (-88.2468635183287 40.1183086905043),POINT,-88.2468635183287,40.1183086905043,-0.0024628865666874392,-0.007041505834926134
B-Injury,pedalcyclist,Clear,Daylight,Dry,Stop Sign/Flasher,champaign,2006,0,1,2939,POINT (-88.2579317394677 40.1212621920213),POINT,-88.2579317394677,40.1212621920213,-0.002337019964618281,-0.006967445876235108
B-Injury,pedalcyclist,Clear,Daylight,Dry,Traffic Signal,champaign,2006,0,1,2940,POINT (-88.2579510659314 40.1271694235645),POINT,-88.2579510659314,40.1271694235645,-0.002336800186183658,-0.006819320228914403
C-Injury,pedalcyclist,Clear,Unknown,Dry,Stop Sign/Flasher,urbana,2006,0,1,2941,POINT (-88.2194386139409 40.1173307463923),POINT,-88.2194386139409,40.1173307463923,-0.0027747595844031174,-0.0070660280842360255
C-Injury,pedalcyclist,Clear,Daylight,Dry,Traffic Signal,champaign,2006,0,1,2942,POINT (-88.2580180051909 40.1399603714048),POINT,-88.2580180051909,40.1399603714048,-0.0023360389602347076,-0.006498583278816614
C-Injury,pedalcyclist,Clear,Daylight,Dry,Traffic Signal,champaign,2006,0,1,2943,POINT (-88.2581094432226 40.1380109402771),POINT,-88.2581094432226,40.1380109402771,-0.002334999136923988,-0.006547465863761107
B-Injury,pedalcyclist,Clear,Daylight,Dry,Traffic Signal,urbana,2006,0,1,2944,POINT (-88.219553400739 40.1274154093055),POINT,-88.219553400739,40.1274154093055,-0.0027734542414705222,-0.00681315206082243
B-Injury,pedalcyclist,Clear,Daylight,Dry,Stop Sign/Flasher,urbana,2006,0,1,2945,POINT (-88.2238802234854 40.1090791828511),POINT,-88.2238802234854,40.1090791828511,-0.0027242500857164336,-0.007272938577249342
B-Injury,pedalcyclist,Clear,Daylight,Dry,No Controls,urbana,2006,0,1,2946,POINT (-88.2238493764341 40.1055521100858),POINT,-88.2238493764341,40.105552110085796,-0.0027246008750150224,-0.007361381011355127
B-Injury,pedalcyclist,Clear,Daylight,Dry,No Controls,urbana,2006,0,1,2947,POINT (-88.2254902383238 40.1060029365245),POINT,-88.2254902383238,40.106002936524504,-0.0027059411727984395,-0.007350076399782928
B-Injury,pedalcyclist,Clear,Daylight,Dry,Traffic Signal,champaign,2006,0,1,2948,POINT (-88.2769894893843 40.1274149221728),POINT,-88.2769894893843,40.1274149221728,-0.0021202973137999016,-0.0068131642758247225
B-Injury,pedalcyclist,Clear,Darkness,Dry,Traffic Signal,champaign,2006,0,1,2950,POINT (-88.2769918222689 40.1274116505962),POINT,-88.2769918222689,40.1274116505962,-0.0021202707844910963,-0.006813246311613807
C-Injury,pedalcyclist,Clear,Daylight,Dry,Stop Sign/Flasher,champaign,2006,0,1,2951,POINT (-88.2787026678152 40.1092369172089),POINT,-88.2787026678152,40.109236917208904,-0.0021008152357743243,-0.007268983339726674
C-Injury,pedalcyclist,Clear,Daylight,Dry,Stop Sign/Flasher,champaign,2006,0,1,2952,POINT (-88.2786112701583 40.1274628304957),POINT,-88.2786112701583,40.1274628304957,-0.0021018545999473845,-0.0068119629598968655
B-Injury,pedalcyclist,Clear,"Darkness, lighted road",Dry,No Controls,champaign,2006,0,1,2954,POINT (-88.2320774515802 40.1164079324464),POINT,-88.2320774515802,40.1164079324464,-0.0026310321030143125,-0.007089167927679272
B-Injury,pedalcyclist,Clear,"Darkness, lighted road",Dry,No Controls,champaign,2006,0,1,2956,POINT (-88.2388908350877 40.1163905407916),POINT,-88.2388908350877,40.1163905407916,-0.0025535510498338547,-0.007089604028771044
B-Injury,pedalcyclist,Clear,Daylight,Dry,Stop Sign/Flasher,urbana,2006,0,1,2957,POINT (-88.2173795495612 40.1164396975797),POINT,-88.2173795495612,40.1164396975797,-0.0027981750396654363,-0.007088371407194513
B-Injury,pedalcyclist,Clear,Daylight,Dry,Stop Sign/Flasher,urbana,2006,0,1,2958,POINT (-88.2090489676502 40.1174420106683),POINT,-88.2090489676502,40.1174420106683,-0.002892909507402211,-0.007063238098303407
B-Injury,pedalcyclist,Clear,Daylight,Dry,No Controls,champaign,2006,0,1,2961,POINT (-88.2718902632294 40.1273609226611),POINT,-88.2718902632294,40.1273609226611,-0.0021782851567640625,-0.006814518330184533
B-Injury,pedalcyclist,Clear,Darkness,Wet,No Controls,urbana,2006,0,1,2962,POINT (-88.207717745722 40.1274793142183),POINT,-88.207717745722,40.1274793142183,-0.002908048017791521,-0.006811549625484285
B-Injury,pedalcyclist,Clear,Daylight,Dry,No Controls,urbana,2006,0,1,2963,POINT (-88.2208850562763 40.1105054695945),POINT,-88.2208850562763,40.1105054695945,-0.0027583108001260144,-0.007237173998599212
C-Injury,pedalcyclist,Clear,"Darkness, lighted road",Dry,No Controls,champaign,2006,0,1,2964,POINT (-88.256963501715 40.112630541337),POINT,-88.256963501715,40.112630541337,-0.0023480306586038226,-0.007183887171232085
B-Injury,pedalcyclist,Clear,Daylight,Dry,Traffic Signal,champaign,2006,0,1,2965,POINT (-88.2767799154103 40.1128514858879),POINT,-88.2767799154103,40.1128514858879,-0.0021226805661454027,-0.0071783469186814195
B-Injury,pedalcyclist,Clear,Dawn,Dry,No Controls,champaign,2006,0,1,2966,POINT (-88.2856606022994 40.1129144671898),POINT,-88.2856606022994,40.112914467189796,-0.00202169036467277,-0.007176767643170715
B-Injury,pedalcyclist,Clear,Daylight,Dry,Stop Sign/Flasher,champaign,2006,0,1,2967,POINT (-88.2484910535452 40.1126108763599),POINT,-88.2484910535452,40.112610876359895,-0.002444378413943101,-0.007184380276579586
B-Injury,pedalcyclist,Clear,Daylight,Dry,Traffic Signal,champaign,2006,0,1,2968,POINT (-88.2387470180682 40.1126218572036),POINT,-88.2387470180682,40.1126218572036,-0.002555186521273898,-0.00718410492854727
B-Injury,pedalcyclist,Clear,Daylight,Dry,Traffic Signal,urbana,2006,0,1,2969,POINT (-88.20495040223 40.1093016445178),POINT,-88.20495040223,40.1093016445178,-0.0029395179457701436,-0.007267360282553546
B-Injury,pedalcyclist,Rain,Daylight,Wet,No Controls,urbana,2006,0,1,2970,POINT (-88.2196862399273 40.1090883188311),POINT,-88.2196862399273,40.1090883188311,-0.00277194360872814,-0.0072727094897416565
C-Injury,pedalcyclist,Clear,Daylight,Dry,Stop Sign/Flasher,champaign,2006,0,1,2971,POINT (-88.2320503025876 40.1102997843074),POINT,-88.2320503025876,40.1102997843074,-0.002631340838393317,-0.0072423316204180115
C-Injury,pedalcyclist,Clear,"Darkness, lighted road",Dry,No Controls,champaign,2006,0,1,2972,POINT (-88.2439534509828 40.1102184011857),POINT,-88.2439534509828,40.110218401185705,-0.0024959795347461937,-0.007244372327218485
C-Injury,pedalcyclist,Clear,Daylight,Dry,Stop Sign/Flasher,urbana,2006,0,1,2974,POINT (-88.2193203176796 40.108269546644),POINT,-88.2193203176796,40.108269546644,-0.002776104836567785,-0.007293240454091819
C-Injury,pedalcyclist,Clear,Daylight,Dry,No Controls,champaign,2006,0,1,2975,POINT (-88.2447861429864 40.1102123067359),POINT,-88.2447861429864,40.110212306735896,-0.002486510252216791,-0.007244525147421382
B-Injury,pedalcyclist,Clear,Darkness,Dry,No Controls,champaign,2006,0,2,2978,POINT (-88.2714755514848 40.108969335006),POINT,-88.2714755514848,40.108969335006,-0.002183001213434329,-0.0072756930457414885
B-Injury,pedalcyclist,Clear,Daylight,Dry,Stop Sign/Flasher,urbana,2006,0,1,2979,POINT (-88.2192194701732 40.1046387206819),POINT,-88.2192194701732,40.1046387206819,-0.002777251663397375,-0.007384284531509831
B-Injury,pedalcyclist,Clear,Daylight,Dry,No Controls,champaign,2006,0,1,2980,POINT (-88.2782955579024 40.0982866080974),POINT,-88.2782955579024,40.0982866080974,-0.002105444845243567,-0.007543565707734348
B-Injury,pedalcyclist,Clear,Daylight,Dry,Stop Sign/Flasher,champaign,2006,0,1,2981,POINT (-88.2817411248467 40.0983327947409),POINT,-88.2817411248467,40.0983327947409,-0.0020662622342317804,-0.007542407563447099
C-Injury,pedalcyclist,Clear,Daylight,Dry,Lane Use Marking,champaign,2006,0,1,2982,POINT (-88.2927364019534 40.0984561125454),POINT,-88.2927364019534,40.0984561125454,-0.0019412251437319306,-0.0075393153315810695
C-Injury,pedalcyclist,Clear,"Darkness, lighted road",Dry,Traffic Signal,urbana,2006,0,1,2983,POINT (-88.1906998651565 40.0984103686583),POINT,-88.1906998651565,40.09841036865829,-0.003101573497116267,-0.007540462373615748
B-Injury,pedalcyclist,Clear,Daylight,Wet,Unknown,champaign,2007,0,1,2985,POINT (-88.2370996220854 40.1053743525026),POINT,-88.2370996220854,40.1053743525026,-0.0025739205284836817,-0.007365838337411228
C-Injury,pedalcyclist,Clear,Daylight,Dry,Unknown,champaign,2007,0,1,2986,POINT (-88.2304504921992 40.1126402022523),POINT,-88.2304504921992,40.112640202252294,-0.002649533707420228,-0.007183644920810463
B-Injury,pedalcyclist,Clear,"Darkness, lighted road",Dry,Unknown,urbana,2007,0,1,2987,POINT (-88.1888201949068 40.0983112798236),POINT,-88.1888201949068,40.098311279823605,-0.0031229489019234135,-0.0075429470566137
B-Injury,pedalcyclist,Fog/Smoke/Haze,"Darkness, lighted road",Wet,Unknown,urbana,2007,0,1,2988,POINT (-88.2176287861648 40.1046576381825),POINT,-88.2176287861648,40.1046576381825,-0.0027953407482276668,-0.007383810169365365
B-Injury,pedalcyclist,Clear,Daylight,Dry,Unknown,champaign,2007,0,1,2990,POINT (-88.2416992757009 40.1163804062139),POINT,-88.2416992757009,40.1163804062139,-0.0025216137698810515,-0.007089858156423077
B-Injury,pedalcyclist,Clear,Daylight,Dry,Unknown,urbana,2007,0,1,2992,POINT (-88.2042469047165 40.1177102162679),POINT,-88.2042469047165,40.1177102162679,-0.0029475180426670306,-0.007056512760424622
C-Injury,pedalcyclist,Rain,Darkness,Dry,Unknown,champaign,2007,0,1,2993,POINT (-88.2951986176454 40.0984713647621),POINT,-88.2951986176454,40.0984713647621,-0.0019132250957729676,-0.007538932877557553
B-Injury,pedalcyclist,Clear,Daylight,Dry,Unknown,champaign,2007,0,1,2994,POINT (-88.2500719193022 40.1163095801152),POINT,-88.2500719193022,40.11630958011521,-0.0024264009811955055,-0.007091634142625634
B-Injury,pedalcyclist,Clear,Daylight,Dry,Unknown,champaign,2007,0,1,2995,POINT (-88.2626494228959 40.0872700854042),POINT,-88.2626494228959,40.08727008540421,-0.0022833709838751435,-0.007819808401662635
B-Injury,pedalcyclist,Clear,Daylight,Dry,Unknown,urbana,2007,0,1,2996,POINT (-88.2240190415343 40.1163821489437),POINT,-88.2240190415343,40.1163821489437,-0.002722671462024084,-0.00708981445693747
B-Injury,pedalcyclist,Fog/Smoke/Haze,Daylight,Dry,Unknown,champaign,2007,0,1,2997,POINT (-88.242321287702 40.1249036236975),POINT,-88.242321287702,40.1249036236975,-0.002514540317332374,-0.006876135857275075
B-Injury,pedalcyclist,Clear,Daylight,Dry,Unknown,urbana,2007,0,1,2998,POINT (-88.2194228544194 40.1154987006214),POINT,-88.2194228544194,40.1154987006214,-0.002774938799960442,-0.007111967195264677
B-Injury,pedalcyclist,Clear,Daylight,Dry,Unknown,urbana,2007,0,1,2999,POINT (-88.2193314832511 40.1090919835547),POINT,-88.2193314832511,40.1090919835547,-0.0027759778629081193,-0.007272617595670542
B-Injury,pedalcyclist,Clear,Daylight,Dry,Unknown,urbana,2007,0,1,3000,POINT (-88.2191849101375 40.1027694736099),POINT,-88.2191849101375,40.102769473609904,-0.002777644676349178,-0.007431156476602277
C-Injury,pedalcyclist,Clear,Daylight,Dry,Unknown,urbana,2007,0,1,3002,POINT (-88.2193996882871 40.1136104471964),POINT,-88.2193996882871,40.1136104471964,-0.0027752022426871577,-0.007159315730502909
B-Injury,pedalcyclist,Clear,Darkness,Dry,Unknown,urbana,2007,0,1,3003,POINT (-88.1978096914353 40.1109128528611),POINT,-88.1978096914353,40.1109128528611,-0.0030207213291142624,-0.0072269587379257295
B-Injury,pedalcyclist,Clear,Daylight,Dry,Unknown,champaign,2007,0,1,3004,POINT (-88.27647165112 40.0935303280318),POINT,-88.27647165112,40.0935303280318,-0.0021261861139901415,-0.007662830892855963
B-Injury,pedalcyclist,Clear,Daylight,Dry,Unknown,champaign,2007,0,1,3005,POINT (-88.2768946466232 40.1196916748218),POINT,-88.2768946466232,40.119691674821794,-0.002121375855321677,-0.007006827077920422
B-Injury,pedalcyclist,Clear,Daylight,Dry,Unknown,champaign,2007,0,1,3006,POINT (-88.2766919245779 40.1090135454468),POINT,-88.2766919245779,40.1090135454468,-0.0021236811882822484,-0.007274584455344507
C-Injury,pedalcyclist,Clear,Daylight,Dry,Unknown,champaign,2007,0,1,3007,POINT (-88.2437290111783 40.1359601117176),POINT,-88.2437290111783,40.1359601117176,-0.0024985318396926214,-0.00659889102048596
B-Injury,pedalcyclist,Clear,Daylight,Wet,Unknown,champaign,2007,0,1,3008,POINT (-88.2434682883775 40.1125597007389),POINT,-88.2434682883775,40.1125597007389,-0.0025014967509106867,-0.007185663521011708
B-Injury,pedalcyclist,Clear,Unknown,Unknown,Unknown,champaign,2007,0,1,3009,POINT (-88.272879057055 40.1346520097805),POINT,-88.272879057055,40.1346520097805,-0.002167040701362233,-0.006631692078778164
C-Injury,pedalcyclist,Rain,Daylight,Wet,Unknown,urbana,2007,0,1,3012,POINT (-88.2093984377135 40.08374115344),POINT,-88.2093984377135,40.08374115344,-0.0028889353720068416,-0.007908297455752592
B-Injury,pedalcyclist,Clear,Daylight,Dry,Unknown,urbana,2007,0,1,3014,POINT (-88.1784422705228 40.1129941058709),POINT,-88.1784422705228,40.112994105870904,-0.0032409655246797616,-0.007174770678754383
B-Injury,pedalcyclist,Clear,Daylight,Dry,Unknown,urbana,2007,0,1,3015,POINT (-88.205002218461 40.1135672278448),POINT,-88.205002218461,40.1135672278448,-0.0029389286972498073,-0.00716039946903359
B-Injury,pedalcyclist,Rain,"Darkness, lighted road",Wet,Unknown,champaign,2007,0,1,3016,POINT (-88.241210341359 40.1211186201491),POINT,-88.241210341359,40.121118620149105,-0.002527173877822275,-0.006971045985076311
B-Injury,pedalcyclist,Clear,Daylight,Dry,Unknown,champaign,2007,0,1,3017,POINT (-88.2289634213178 40.1163601947735),POINT,-88.2289634213178,40.1163601947735,-0.002666444515085408,-0.007090364964505797
B-Injury,pedalcyclist,Clear,Daylight,Dry,Unknown,urbana,2007,0,1,3018,POINT (-88.1994297781363 40.1273950199076),POINT,-88.1994297781363,40.1273950199076,-0.0030022978800746457,-0.0068136633312440775
B-Injury,pedalcyclist,Clear,"Darkness, lighted road",Dry,Unknown,champaign,2007,0,1,3019,POINT (-88.2321201476977 40.1239313393968),POINT,-88.2321201476977,40.1239313393968,-0.0026305465674287608,-0.006900516185076309
B-Injury,pedalcyclist,Clear,Daylight,Dry,Unknown,champaign,2007,0,1,3020,POINT (-88.2321210057336 40.1232601339189),POINT,-88.2321210057336,40.1232601339189,-0.0026305368099381675,-0.006917346868819107
C-Injury,pedalcyclist,Clear,Daylight,Dry,Unknown,champaign,2007,0,1,3021,POINT (-88.2389672230544 40.136066045806),POINT,-88.2389672230544,40.136066045806,-0.002552682374218612,-0.006596234690646483
B-Injury,pedalcyclist,Rain,Dusk,Wet,Unknown,urbana,2007,0,1,3022,POINT (-88.2239313420938 40.1059592100241),POINT,-88.2239313420938,40.105959210024096,-0.0027236687704840752,-0.007351172855225827
C-Injury,pedalcyclist,Clear,Daylight,Dry,Unknown,champaign,2007,0,1,3023,POINT (-88.2579794123891 40.1319540022871),POINT,-88.2579794123891,40.1319540022871,-0.0023364778333621918,-0.006699345446267329
C-Injury,pedalcyclist,Clear,"Darkness, lighted road",Dry,Unknown,champaign,2007,0,1,3024,POINT (-88.2383142361548 40.110249340067),POINT,-88.2383142361548,40.110249340067,-0.002560108069930289,-0.007243596525256821
C-Injury,pedalcyclist,Clear,Daylight,Dry,Unknown,champaign,2007,0,1,3025,POINT (-88.2470826791877 40.1126021006951),POINT,-88.2470826791877,40.1126021006951,-0.002460394293332674,-0.007184600329072709
B-Injury,pedalcyclist,Rain,"Darkness, lighted road",Wet,Unknown,champaign,2007,0,1,3026,POINT (-88.2828122952764 40.0983412636892),POINT,-88.2828122952764,40.0983412636892,-0.0020540810010842223,-0.007542195201964373
C-Injury,pedalcyclist,Clear,Daylight,Dry,Unknown,champaign,2007,0,1,3027,POINT (-88.2446681358807 40.097703378298),POINT,-88.2446681358807,40.097703378298,-0.002487852216135624,-0.0075581903742877885
B-Injury,pedalcyclist,Clear,Daylight,Dry,Unknown,urbana,2007,0,2,3028,POINT (-88.2073100228441 40.109250592906),POINT,-88.2073100228441,40.109250592906,-0.002912684597832891,-0.007268640417416907
C-Injury,pedalcyclist,Clear,Daylight,Dry,Unknown,champaign,2007,0,1,3029,POINT (-88.2351958204336 40.1126412769807),POINT,-88.2351958204336,40.1126412769807,-0.002595570352960034,-0.007183617971665137
B-Injury,pedalcyclist,Clear,Daylight,Dry,Unknown,champaign,2007,0,1,3030,POINT (-88.230630581071 40.1115280346314),POINT,-88.230630581071,40.1115280346314,-0.0026474857564370135,-0.007211532865877358
Property Damage,pedalcyclist,Clear,"Darkness, lighted road",Ice,No Controls,urbana,2008,0,0,3031,POINT (-88.2234445650962 40.1059659235792),POINT,-88.2234445650962,40.1059659235792,-0.0027292043453415404,-0.007351004510767337
C-Injury,pedalcyclist,Clear,"Darkness, lighted road",Dry,Stop Sign/Flasher,champaign,2008,0,1,3032,POINT (-88.2414800019752 40.1026999950676),POINT,-88.2414800019752,40.1026999950676,-0.0025241073267434516,-0.007432898672413958
B-Injury,pedalcyclist,Rain,Daylight,Wet,Stop Sign/Flasher,champaign,2008,0,1,3034,POINT (-88.270289453332 40.1183686746179),POINT,-88.270289453332,40.1183686746179,-0.0021964893920981485,-0.007040001714833554
C-Injury,pedalcyclist,Clear,Daylight,Dry,No Controls,champaign,2008,0,1,3035,POINT (-88.2462473357693 40.0878407163985),POINT,-88.2462473357693,40.0878407163985,-0.002469893727461667,-0.007805499654021167
B-Injury,pedalcyclist,Clear,Daylight,Dry,Stop Sign/Flasher,champaign,2008,0,1,3036,POINT (-88.2451896259823 40.1153385268503),POINT,-88.2451896259823,40.115338526850294,-0.0024819218876503723,-0.007115983601825939
C-Injury,pedalcyclist,Clear,"Darkness, lighted road",Dry,No Controls,champaign,2008,0,1,3037,POINT (-88.2434497215044 40.1088131171156),POINT,-88.2434497215044,40.1088131171156,-0.0025017078913638965,-0.007279610257377644
B-Injury,pedalcyclist,Clear,Daylight,Dry,Traffic Signal,champaign,2008,0,1,3039,POINT (-88.2436201899012 40.1336183098363),POINT,-88.2436201899012,40.133618309836294,-0.0024997693433719006,-0.006657612422724636
Property Damage,pedalcyclist,Clear,Daylight,Dry,No Controls,champaign,2008,0,0,3040,POINT (-88.246835868912 40.1148287647047),POINT,-88.246835868912,40.114828764704704,-0.0024632009928345824,-0.007128766044369945
B-Injury,pedalcyclist,Clear,Daylight,Dry,Stop Sign/Flasher,champaign,2008,0,1,3041,POINT (-88.2451400213483 40.111640648995),POINT,-88.2451400213483,40.111640648995,-0.002482485986131068,-0.00720870902608302
C-Injury,pedalcyclist,Clear,Daylight,Dry,Traffic Signal,champaign,2008,0,1,3042,POINT (-88.2580144466879 40.1358605657861),POINT,-88.2580144466879,40.135860565786096,-0.0023360794271423306,-0.006601387165327155
B-Injury,pedalcyclist,Clear,Daylight,Dry,Traffic Signal,urbana,2008,0,1,3044,POINT (-88.2193810318502 40.1164311332551),POINT,-88.2193810318502,40.1164311332551,-0.0027754144016500994,-0.007088586160267304
B-Injury,pedalcyclist,Clear,Daylight,Dry,Stop Sign/Flasher,champaign,2008,0,1,3046,POINT (-88.2320989373846 40.1154008886824),POINT,-88.2320989373846,40.1154008886824,-0.0026307877687929515,-0.007114419859710632
B-Injury,pedalcyclist,Clear,Daylight,Dry,Traffic Signal,champaign,2008,0,1,3047,POINT (-88.2577993595687 40.1126598131871),POINT,-88.2577993595687,40.1126598131871,-0.0023385253743729425,-0.00718315317059015
C-Injury,pedalcyclist,Clear,Daylight,Dry,Lane Use Marking,unincorporated,2008,0,1,3048,POINT (-88.1825889187416 40.2260688376119),POINT,-88.1825889187416,40.2260688376119,-0.0031938102939771166,-0.004339387011761162
B-Injury,pedalcyclist,Clear,Daylight,Dry,No Controls,st joseph,2008,0,1,3049,POINT (-88.0382702268195 40.1168488107027),POINT,-88.0382702268195,40.116848810702706,-0.004834986697951936,-0.00707811276983971
B-Injury,pedalcyclist,Clear,Daylight,Dry,Stop Sign/Flasher,unincorporated,2008,0,1,3051,POINT (-88.2378607324278 40.0104694930694),POINT,-88.2378607324278,40.0104694930694,-0.002565265264788122,-0.00974560686935483
B-Injury,pedalcyclist,Clear,Daylight,Dry,Stop Sign/Flasher,st joseph,2008,0,1,3053,POINT (-88.0416992415873 40.1131799202504),POINT,-88.0416992415873,40.113179920250396,-0.004795992316483908,-0.00717011132605381