crash_severity,collision_type,weather,light,road_surface,traffic_control,city,year,fatality,injury,id,Geometry,point,x,y,norm_x,norm_y
C-Injury,pedalcyclist,Unknown,Daylight,Unknown,No Controls,champaign,2008,0,1,3054,POINT (-88.2545396112958 40.1306872650088),POINT,-88.2545396112958,40.130687265008795,-0.0023755948757460737,-0.006731109273021394
B-Injury,pedalcyclist,Clear,Daylight,Dry,No Controls,rantoul,2008,0,1,3056,POINT (-88.1558211519176 40.3106815579413),POINT,-88.1558211519176,40.3106815579413,-0.003498210415080995,-0.002217697032505804
C-Injury,pedalcyclist,Clear,Daylight,Dry,No Controls,champaign,2008,0,1,3058,POINT (-88.2575811779356 40.0927182971592),POINT,-88.2575811779356,40.0927182971592,-0.002341006512077525,-0.007683192816672186
B-Injury,pedalcyclist,Clear,Daylight,Dry,No Controls,champaign,2008,0,1,3059,POINT (-88.2517122608464 40.1036540137135),POINT,-88.2517122608464,40.103654013713495,-0.0024077471962910633,-0.007408976361523445
B-Injury,pedalcyclist,Clear,Daylight,Dry,Traffic Signal,champaign,2008,0,1,3060,POINT (-88.2468109043477 40.112609881045),POINT,-88.2468109043477,40.112609881044996,-0.002463484887133548,-0.00718440523440672
Property Damage,pedalcyclist,Clear,Daylight,Dry,No Controls,urbana,2008,0,0,3061,POINT (-88.2159669695075 40.1127594041028),POINT,-88.2159669695075,40.112759404102796,-0.002814238745772908,-0.007180655897756544
Property Damage,pedalcyclist,Clear,Daylight,Dry,Traffic Signal,urbana,2008,0,0,3062,POINT (-88.2019300852411 40.1220186704026),POINT,-88.2019300852411,40.1220186704026,-0.002973864660729107,-0.006948476948219437
C-Injury,pedalcyclist,Clear,Daylight,Dry,Stop Sign/Flasher,champaign,2008,0,1,3064,POINT (-88.2603695333102 40.1309505064084),POINT,-88.2603695333102,40.130950506408404,-0.0023092976392646725,-0.006724508413983893
C-Injury,pedalcyclist,Clear,Darkness,Dry,Stop Sign/Flasher,champaign,2008,0,1,3065,POINT (-88.2355401104111 40.1272697460605),POINT,-88.2355401104111,40.1272697460605,-0.0025916551249347665,-0.006816804611479817
C-Injury,pedalcyclist,Clear,Daylight,Dry,Stop Sign/Flasher,champaign,2008,0,1,3066,POINT (-88.2468315149459 40.1144191366273),POINT,-88.2468315149459,40.1144191366273,-0.002463250505661646,-0.007139037594364689
B-Injury,pedalcyclist,Rain,"Darkness, lighted road",Wet,Traffic Signal,champaign,2008,0,1,3068,POINT (-88.2434716004798 40.11022125248),POINT,-88.2434716004798,40.110221252479995,-0.0025014590860451057,-0.007244300830137426
B-Injury,pedalcyclist,Clear,Daylight,Dry,Traffic Signal,champaign,2008,0,1,3069,POINT (-88.2387094344258 40.1126207405397),POINT,-88.2387094344258,40.112620740539704,-0.0025556139183508363,-0.007184132929237807
B-Injury,pedalcyclist,Clear,Daylight,Dry,Traffic Signal,champaign,2008,0,1,3070,POINT (-88.2387294870562 40.1163404613301),POINT,-88.2387294870562,40.116340461330104,-0.002555385882027761,-0.007090859786666628
Property Damage,pedalcyclist,Clear,"Darkness, lighted road",Dry,Traffic Signal,champaign,2008,0,0,3071,POINT (-88.2445883723397 40.0980934446604),POINT,-88.2445883723397,40.0980934446604,-0.002488759278413112,-0.007548409340311743
C-Injury,pedalcyclist,Clear,Daylight,Dry,Stop Sign/Flasher,champaign,2008,0,1,3072,POINT (-88.2386321630873 40.1026992480365),POINT,-88.2386321630873,40.1026992480365,-0.0025564926395736853,-0.007432917404448537
B-Injury,pedalcyclist,Clear,Daylight,Dry,Traffic Signal,champaign,2008,0,1,3073,POINT (-88.2451799422975 40.0944788596928),POINT,-88.2451799422975,40.0944788596928,-0.0024820320094564936,-0.0076390461697987124
B-Injury,pedalcyclist,Clear,Daylight,Dry,Stop Sign/Flasher,urbana,2008,0,1,3074,POINT (-88.2191595348441 40.1018902481519),POINT,-88.2191595348441,40.101890248151896,-0.0027779332414146207,-0.007453203325308923
C-Injury,pedalcyclist,Clear,Daylight,Dry,Traffic Signal,urbana,2008,0,1,3075,POINT (-88.2191305958169 40.1006490504101),POINT,-88.2191305958169,40.100649050410105,-0.002778262332871477,-0.007484326740331873
C-Injury,pedalcyclist,Unknown,Daylight,Dry,Stop Sign/Flasher,urbana,2008,0,1,3076,POINT (-88.2240900822153 40.1200593498641),POINT,-88.2240900822153,40.1200593498641,-0.0027218635951579482,-0.006997607513180692
C-Injury,pedalcyclist,Clear,Daylight,Dry,No Controls,urbana,2008,0,1,3077,POINT (-88.21933744834 40.1115290947101),POINT,-88.21933744834,40.1115290947101,-0.0027759100285685437,-0.007211506284077945
B-Injury,pedalcyclist,Clear,Daylight,Dry,No Controls,champaign,2008,0,1,3078,POINT (-88.2320795238633 40.1126803348099),POINT,-88.2320795238633,40.1126803348099,-0.002631008537237098,-0.007182638584588357
Property Damage,pedalcyclist,Clear,Daylight,Dry,No Controls,champaign,2008,0,0,3079,POINT (-88.2626419423549 40.1227121607272),POINT,-88.2626419423549,40.122712160727204,-0.0022834560517704804,-0.006931087465093409
B-Injury,pedalcyclist,Clear,"Darkness, lighted road",Dry,Traffic Signal,champaign,2008,0,1,3080,POINT (-88.2302902575577 40.1041713181658),POINT,-88.2302902575577,40.1041713181658,-0.0026513558782646565,-0.007396004793319513
B-Injury,pedalcyclist,Clear,Daylight,Dry,No Controls,rantoul,2008,0,1,3081,POINT (-88.1388731095017 40.3220663714364),POINT,-88.1388731095017,40.3220663714364,-0.00369094170259545,-0.0019322193334765762
B-Injury,pedalcyclist,Clear,Daylight,Dry,No Controls,rantoul,2008,0,1,3083,POINT (-88.1668686934244 40.2870546379989),POINT,-88.1668686934244,40.2870546379989,-0.003372578979530867,-0.002810149314944026
C-Injury,pedalcyclist,Clear,Daylight,Dry,Stop Sign/Flasher,champaign,2008,0,1,3084,POINT (-88.2574009487223 40.0792197761649),POINT,-88.2574009487223,40.0792197761649,-0.0023430560590089328,-0.008021672381173676
B-Injury,pedalcyclist,Rain,Daylight,Wet,No Controls,urbana,2008,0,1,3085,POINT (-88.223840518449 40.1048456705617),POINT,-88.223840518449,40.1048456705617,-0.0027247016070543204,-0.0073790951996401295
B-Injury,pedalcyclist,Clear,Daylight,Dry,Stop Sign/Flasher,st joseph,2008,0,1,3086,POINT (-88.0416992415873 40.1131799202504),POINT,-88.0416992415873,40.113179920250396,-0.004795992316483908,-0.00717011132605381
B-Injury,pedalcyclist,Clear,Daylight,Dry,Stop Sign/Flasher,champaign,2008,0,1,3087,POINT (-88.2764182126058 40.0908492168316),POINT,-88.2764182126058,40.0908492168316,-0.002126793810937786,-0.007730060580597719
B-Injury,pedalcyclist,Clear,Daylight,Dry,No Controls,champaign,2008,0,1,3088,POINT (-88.2320504643395 40.1102999222534),POINT,-88.2320504643395,40.1102999222534,-0.002631338998968386,-0.0072423281613797465
C-Injury,pedalcyclist,Rain,"Darkness, lighted road",Wet,Traffic Signal,champaign,2008,0,1,3089,POINT (-88.2335714564492 40.1079702414535),POINT,-88.2335714564492,40.1079702414535,-0.0026140424427993107,-0.007300745623775
Property Damage,pedalcyclist,Clear,Daylight,Dry,No Controls,urbana,2008,0,0,3090,POINT (-88.227896559306 40.1104079863899),POINT,-88.227896559306,40.1104079863899,-0.002678576753375118,-0.007239618419928971
Property Damage,pedalcyclist,Clear,Daylight,Dry,No Controls,urbana,2008,0,0,3091,POINT (-88.2205237740483 40.1105419862068),POINT,-88.2205237740483,40.1105419862068,-0.0027624192621683915,-0.007236258333317605
B-Injury,pedalcyclist,Clear,Daylight,Dry,No Controls,urbana,2008,0,1,3092,POINT (-88.2139149031105 40.1123495268726),POINT,-88.2139149031105,40.1123495268726,-0.0028375746207402494,-0.007190933695334129
B-Injury,pedalcyclist,Clear,Daylight,Dry,No Controls,urbana,2008,0,1,3093,POINT (-88.1966397425302 40.1162959916424),POINT,-88.1966397425302,40.116295991642396,-0.0030340258602968525,-0.007091974877759597
B-Injury,pedalcyclist,Rain,"Darkness, lighted road",Wet,Stop Sign/Flasher,rantoul,2009,0,1,3096,POINT (-88.1426490041412 40.3110406320735),POINT,-88.1426490041412,40.3110406320735,-0.003648002641107888,-0.002208693138231637
C-Injury,pedalcyclist,Clear,Darkness,Dry,Traffic Signal,champaign,2009,0,1,3097,POINT (-88.280343065598 40.1274604133518),POINT,-88.280343065598,40.1274604133518,-0.002082160811330609,-0.006812023570523482
B-Injury,pedalcyclist,Clear,Dawn,Dry,Other,champaign,2009,0,1,3098,POINT (-88.2289518759245 40.1108671920113),POINT,-88.2289518759245,40.1108671920113,-0.002666575808037253,-0.007228103697774407
C-Injury,pedalcyclist,Clear,Daylight,Dry,Stop Sign/Flasher,urbana,2009,0,1,3100,POINT (-88.2254916288391 40.1059973710058),POINT,-88.2254916288391,40.1059973710058,-0.0027059253600103697,-0.007350215956875771
B-Injury,pedalcyclist,Clear,Daylight,Dry,Traffic Signal,champaign,2009,0,1,3101,POINT (-88.2334296306626 40.1014889489332),POINT,-88.2334296306626,40.1014889489332,-0.0026156552701561966,-0.007463266026610479
B-Injury,pedalcyclist,Rain,Daylight,Wet,Other,rantoul,2009,0,1,3102,POINT (-88.1523714333113 40.3082188344007),POINT,-88.1523714333113,40.3082188344007,-0.003537440238339626,-0.0022794505825326997
Property Damage,pedalcyclist,Clear,Daylight,Dry,No Controls,champaign,2009,0,0,3103,POINT (-88.2374487058732 40.101474606997),POINT,-88.2374487058732,40.101474606997,-0.0025699507857709788,-0.0074636256550706095
B-Injury,pedalcyclist,Clear,Daylight,Dry,No Controls,rantoul,2009,0,1,3104,POINT (-88.1344805815276 40.3094146095479),POINT,-88.1344805815276,40.30941460954789,-0.0037408930510236305,-0.0022494661530359284
B-Injury,pedalcyclist,Clear,Daylight,Dry,No Controls,champaign,2009,0,1,3106,POINT (-88.2747995738443 40.1309691358844),POINT,-88.2747995738443,40.1309691358844,-0.002145200794167414,-0.0067240412741450505
C-Injury,pedalcyclist,Clear,Daylight,Dry,No Controls,gifford,2009,0,1,3107,POINT (-88.0215275635981 40.3060300008075),POINT,-88.0215275635981,40.3060300008075,-0.0050253824356953445,-0.0023343362579117603
B-Injury,pedalcyclist,Clear,Daylight,Dry,Traffic Signal,urbana,2009,0,1,3108,POINT (-88.1994296526096 40.1273891908135),POINT,-88.1994296526096,40.127389190813496,-0.0030022993075506928,-0.006813809497571158
C-Injury,pedalcyclist,Clear,Daylight,Dry,No Controls,champaign,2009,0,1,3109,POINT (-88.2536151612636 40.1101399827695),POINT,-88.2536151612636,40.110139982769496,-0.0023861076205561596,-0.007246338693117266
Fatal,pedalcyclist,Clear,Darkness,Dry,Lane Use Marking,urbana,2009,1,0,3110,POINT (-88.2210743189357 40.1105456634408),POINT,-88.2210743189357,40.110545663440796,-0.0027561585258320137,-0.007236166125544412
C-Injury,pedalcyclist,Clear,Daylight,Dry,Stop Sign/Flasher,urbana,2009,0,1,3111,POINT (-88.2195508347957 40.1299005957636),POINT,-88.2195508347957,40.1299005957636,-0.002773483421097568,-0.006750835246232265
B-Injury,pedalcyclist,Clear,Daylight,Dry,Stop Sign/Flasher,champaign,2009,0,1,3112,POINT (-88.2423414702532 40.1272100979434),POINT,-88.2423414702532,40.1272100979434,-0.0025143108035642365,-0.0068183003063569374
B-Injury,pedalcyclist,Clear,Daylight,Dry,Traffic Signal,champaign,2009,0,1,3113,POINT (-88.2468767239029 40.0835694618433),POINT,-88.2468767239029,40.0835694618433,-0.0024627363943397085,-0.007912602675332267
B-Injury,pedalcyclist,Clear,Daylight,Dry,Traffic Signal,champaign,2009,0,1,3115,POINT (-88.2335703588865 40.1102806096532),POINT,-88.2335703588865,40.1102806096532,-0.0026140549241624976,-0.007242812430767928
B-Injury,pedalcyclist,Rain,Daylight,Wet,Stop Sign/Flasher,unincorporated,2009,0,1,3117,POINT (-88.2324500107769 40.083481760132),POINT,-88.2324500107769,40.083481760131995,-0.0026267954005153265,-0.007914801822709953
B-Injury,pedalcyclist,Clear,Dusk,Dry,No Controls,champaign,2009,0,1,3119,POINT (-88.2304881818471 40.1273089204917),POINT,-88.2304881818471,40.12730892049171,-0.0026491051048603055,-0.006815822300571788
B-Injury,pedalcyclist,Clear,Daylight,Dry,Stop Sign/Flasher,champaign,2009,0,1,3121,POINT (-88.2452188245063 40.1211595077322),POINT,-88.2452188245063,40.12115950773221,-0.002481589845224234,-0.006970020716357726
B-Injury,pedalcyclist,Clear,Daylight,Dry,No Controls,champaign,2009,0,1,3122,POINT (-88.2626944460395 40.1257789687896),POINT,-88.2626944460395,40.125778968789604,-0.002282858985602962,-0.006854186309936578
C-Injury,pedalcyclist,Clear,Daylight,Dry,No Controls,champaign,2009,0,1,3123,POINT (-88.2468808394632 40.1211807325691),POINT,-88.2468808394632,40.1211807325691,-0.002462689592637407,-0.006969488497046365
B-Injury,pedalcyclist,Clear,Daylight,Dry,Stop Sign/Flasher,urbana,2009,0,1,3124,POINT (-88.2159889217593 40.1065197764927),POINT,-88.2159889217593,40.1065197764927,-0.0028139891071627767,-0.007337116478660692
B-Injury,pedalcyclist,Clear,Daylight,Dry,Traffic Signal,champaign,2009,0,1,3126,POINT (-88.2468109054203 40.1126098810458),POINT,-88.2468109054203,40.1126098810458,-0.0024634848749359797,-0.007184405234386587
B-Injury,pedalcyclist,Clear,Daylight,Dry,No Controls,urbana,2009,0,1,3127,POINT (-88.1813407827234 40.0988187252745),POINT,-88.1813407827234,40.0988187252745,-0.0032080039604713705,-0.007530222705901577
B-Injury,pedalcyclist,Clear,Daylight,Dry,No Controls,urbana,2009,0,1,3128,POINT (-88.2050098267973 40.1135204560582),POINT,-88.2050098267973,40.113520456058204,-0.0029388421760803995,-0.007161572285963954
B-Injury,pedalcyclist,Clear,Daylight,Dry,No Controls,urbana,2009,0,1,3129,POINT (-88.1758300659368 40.1128806401233),POINT,-88.1758300659368,40.112880640123294,-0.003270671229961606,-0.007177615867264523
B-Injury,pedalcyclist,Clear,Daylight,Dry,Traffic Signal,champaign,2009,0,1,3130,POINT (-88.2574894074614 40.0835994364498),POINT,-88.2574894074614,40.083599436449795,-0.002342050115888173,-0.007911851052857632
B-Injury,pedalcyclist,Clear,Daylight,Dry,No Controls,champaign,2009,0,1,3131,POINT (-88.2951612673934 40.0850819984946),POINT,-88.2951612673934,40.0850819984946,-0.0019136498387598217,-0.007874675353721092
C-Injury,pedalcyclist,Clear,Daylight,Dry,Stop Sign/Flasher,urbana,2009,0,1,3132,POINT (-88.2011386118059 40.1238004141076),POINT,-88.2011386118059,40.1238004141076,-0.0029828652102000253,-0.006903799176960298
B-Injury,pedalcyclist,Clear,Daylight,Dry,No Controls,rantoul,2009,0,1,3133,POINT (-88.1676522382209 40.307236426647),POINT,-88.1676522382209,40.307236426647,-0.003363668593673489,-0.002304084759030576
B-Injury,pedalcyclist,Clear,Daylight,Dry,No Controls,urbana,2009,0,1,3135,POINT (-88.2194098198148 40.1105676110277),POINT,-88.2194098198148,40.110567611027705,-0.0027750870280605594,-0.00723561578305416
B-Injury,pedalcyclist,Clear,Daylight,Dry,No Controls,champaign,2009,0,1,3136,POINT (-88.2767183795046 40.1090130801824),POINT,-88.2767183795046,40.1090130801824,-0.002123380345744901,-0.007274596121992384
B-Injury,pedalcyclist,Clear,Daylight,Dry,Traffic Signal,champaign,2009,0,1,3137,POINT (-88.2385206855859 40.0980392268295),POINT,-88.2385206855859,40.0980392268295,-0.002557760349545587,-0.007549768869092647
B-Injury,pedalcyclist,Clear,Daylight,Dry,No Controls,unincorporated,2009,0,1,3138,POINT (-88.2844800936991 39.9669357549642),POINT,-88.2844800936991,39.966935754964204,-0.0020351149795559656,-0.0108372287382386
C-Injury,pedalcyclist,Clear,Daylight,Dry,No Controls,urbana,2009,0,1,3139,POINT (-88.2239802363309 40.1125357637069),POINT,-88.2239802363309,40.1125357637069,-0.0027231127505593913,-0.0071862637494492804
B-Injury,pedalcyclist,Clear,Daylight,Dry,Stop Sign/Flasher,champaign,2009,0,1,3140,POINT (-88.2386711103913 40.1053707230294),POINT,-88.2386711103913,40.1053707230294,-0.002556049735085997,-0.007365929347567681
B-Injury,pedalcyclist,Clear,Daylight,Dry,Traffic Signal,urbana,2009,0,1,3141,POINT (-88.2193009113469 40.1090901853342),POINT,-88.2193009113469,40.1090901853342,-0.002776325523263917,-0.007272662686602382
C-Injury,pedalcyclist,Clear,"Darkness, lighted road",Dry,No Controls,champaign,2009,0,1,3142,POINT (-88.2384577909813 40.1102344109719),POINT,-88.2384577909813,40.1102344109719,-0.0025584755801205472,-0.0072439708769069374
B-Injury,pedalcyclist,Clear,Daylight,Dry,No Controls,champaign,2009,0,1,3143,POINT (-88.2434678390386 40.1100161321476),POINT,-88.2434678390386,40.11001613214761,-0.00250150186074357,-0.007249444285543144
C-Injury,pedalcyclist,Clear,"Darkness, lighted road",Dry,No Controls,champaign,2009,0,1,3144,POINT (-88.2766696780761 40.1090099664696),POINT,-88.2766696780761,40.1090099664696,-0.0021239341730712497,-0.007274674199298271
B-Injury,pedalcyclist,Clear,Daylight,Dry,Stop Sign/Flasher,champaign,2009,0,1,3147,POINT (-88.27869854065 40.109239176685),POINT,-88.27869854065,40.109239176685,-0.0021008621694462424,-0.007268926682668771
C-Injury,pedalcyclist,Rain,Dawn,Wet,No Controls,urbana,2009,0,1,3148,POINT (-88.2169098797258 40.1183302075219),POINT,-88.2169098797258,40.11833020752189,-0.002803516073742491,-0.007040966289093856
B-Injury,pedalcyclist,Clear,"Darkness, lighted road",Dry,Traffic Signal,champaign,2009,0,1,3149,POINT (-88.2435606625618 40.1272001708531),POINT,-88.2435606625618,40.1272001708531,-0.0025004462817746435,-0.006818549231198535
C-Injury,pedalcyclist,Clear,Daylight,Dry,Stop Sign/Flasher,mahomet,2009,0,1,3151,POINT (-88.3935737917266 40.1893084197261),POINT,-88.3935737917266,40.1893084197261,-0.0007945133593463987,-0.005261165793460802
B-Injury,pedalcyclist,Clear,Darkness,Dry,No Controls,champaign,2009,0,1,3152,POINT (-88.244301098171 40.0999193016981),POINT,-88.244301098171,40.0999193016981,-0.0024920261288874593,-0.007502625413670894
B-Injury,pedalcyclist,Rain,"Darkness, lighted road",Wet,Traffic Signal,urbana,2009,0,1,3154,POINT (-88.2195408352587 40.1273696092058),POINT,-88.2195408352587,40.1273696092058,-0.0027735971347403084,-0.006814300512405135
C-Injury,pedalcyclist,Rain,Darkness,Wet,Stop Sign/Flasher,urbana,2009,0,1,3155,POINT (-88.2001112433637 40.1018847482944),POINT,-88.2001112433637,40.101884748294395,-0.0029945483319293417,-0.007453341235926875
B-Injury,pedalcyclist,Clear,Daylight,Dry,Stop Sign/Flasher,champaign,2009,0,1,3156,POINT (-88.2468687778308 40.1202115310633),POINT,-88.2468687778308,40.1202115310633,-0.0024628267562038946,-0.006993791522817635
C-Injury,pedalcyclist,Clear,Daylight,Dry,Traffic Signal,champaign,2009,0,1,3157,POINT (-88.2335492036491 40.1126691988351),POINT,-88.2335492036491,40.1126691988351,-0.0026142954992118173,-0.0071829178225806395
C-Injury,pedalcyclist,Clear,Daylight,Dry,No Controls,champaign,2009,0,1,3158,POINT (-88.235034639666 40.1126541587057),POINT,-88.235034639666,40.1126541587057,-0.002597403283047231,-0.00718329495844988
B-Injury,pedalcyclist,Rain,Darkness,Wet,No Controls,champaign,2009,0,1,3162,POINT (-88.233487616609 40.1040218505862),POINT,-88.233487616609,40.10402185058621,-0.002614995860306207,-0.007399752738836503
B-Injury,pedalcyclist,Clear,"Darkness, lighted road",Dry,No Controls,champaign,2009,0,1,3163,POINT (-88.2367327789247 40.1102621950123),POINT,-88.2367327789247,40.1102621950123,-0.0025780922288453426,-0.0072432741835508265
C-Injury,pedalcyclist,Clear,Daylight,Dry,Lane Use Marking,champaign,2009,0,1,3164,POINT (-88.2353988490858 40.1102708484918),POINT,-88.2353988490858,40.110270848491794,-0.002593261533299362,-0.007243057194891629
B-Injury,pedalcyclist,Clear,Daylight,Dry,No Controls,urbana,2015,0,1,3166,POINT (-88.2072499739941 40.1055699651064),POINT,-88.2072499739941,40.1055699651064,-0.0029133674667973864,-0.007360933291223422
B-Injury,pedalcyclist,Clear,Daylight,Dry,Stop Sign/Flasher,urbana,2015,0,1,3167,POINT (-88.2193707315639 40.1154999936259),POINT,-88.2193707315639,40.115499993625896,-0.0027755315353811074,-0.007111934772779398
B-Injury,pedalcyclist,Clear,Daylight,Dry,Traffic Signal,champaign,2015,0,1,3168,POINT (-88.2289300008879 40.1163999997306),POINT,-88.2289300008879,40.116399999730604,-0.0026668245685645066,-0.0070893668429670405
B-Injury,pedalcyclist,Clear,Daylight,Dry,No Controls,urbana,2015,0,1,3169,POINT (-88.2252148883495 40.1042136483741),POINT,-88.2252148883495,40.1042136483741,-0.002709072422636152,-0.007394943350330506
B-Injury,pedalcyclist,Clear,Daylight,Dry,Traffic Signal,urbana,2015,0,1,3170,POINT (-88.2193001887649 40.1090899996023),POINT,-88.2193001887649,40.1090899996023,-0.0027763337403875253,-0.007272667343887041
B-Injury,pedalcyclist,Clear,Daylight,Dry,Stop Sign/Flasher,urbana,2015,0,1,3171,POINT (-88.1955501823641 40.098380045602),POINT,-88.1955501823641,40.098380045602,-0.003046416219518433,-0.007541222733576139
C-Injury,pedalcyclist,Clear,Daylight,Snow or Slush,No Controls,urbana,2015,0,1,3172,POINT (-88.2191893970843 40.1029077483141),POINT,-88.2191893970843,40.1029077483141,-0.0027775936512800937,-0.007427689195877337
C-Injury,pedalcyclist,Clear,"Darkness, Lighted Road",Dry,No Controls,urbana,2015,0,1,3174,POINT (-88.2215090422385 40.1068176708729),POINT,-88.2215090422385,40.1068176708729,-0.0027512148999073844,-0.007329646685479732
B-Injury,pedalcyclist,Clear,Daylight,Dry,No Controls,urbana,2015,0,1,3175,POINT (-88.2207322033508 40.1059866961782),POINT,-88.2207322033508,40.1059866961782,-0.0027600490269021906,-0.0073504836314601625
B-Injury,pedalcyclist,Clear,Daylight,Dry,Stop Sign/Flasher,champaign,2015,0,1,3176,POINT (-88.2304205127321 40.1144299349871),POINT,-88.2304205127321,40.1144299349871,-0.0026498746306461408,-0.00713876682217232
C-Injury,pedalcyclist,Clear,Daylight,Dry,Stop Sign/Flasher,urbana,2015,0,1,3178,POINT (-88.2089200016849 40.1115899993905),POINT,-88.2089200016849,40.1115899993905,-0.002894376094275688,-0.0072099790804896705
B-Injury,pedalcyclist,Rain,Daylight,Wet,Traffic Signal,urbana,2015,0,1,3179,POINT (-88.2239121105077 40.1105706570567),POINT,-88.2239121105077,40.110570657056705,-0.002723887469981084,-0.007235539402940367
B-Injury,pedalcyclist,Clear,Daylight,Dry,No Controls,urbana,2015,0,1,3180,POINT (-88.2028967355153 40.1108242693232),POINT,-88.2028967355153,40.1108242693232,-0.0029628720193756314,-0.007229179997376407
B-Injury,pedalcyclist,Clear,Daylight,Dry,Stop Sign/Flasher,urbana,2015,0,1,3182,POINT (-88.2241700015015 40.1006299999464),POINT,-88.2241700015015,40.1006299999464,-0.0027209547617629147,-0.0074848044365670025
B-Injury,pedalcyclist,Clear,Daylight,Dry,Traffic Signal,champaign,2015,0,1,3184,POINT (-88.233550014713 40.1126683411381),POINT,-88.233550014713,40.112668341138104,-0.002614286275881735,-0.007182939329596544
B-Injury,pedalcyclist,Clear,Daylight,Dry,Traffic Signal,champaign,2015,0,1,3185,POINT (-88.246809997927 40.1126096599355),POINT,-88.246809997927,40.1126096599355,-0.0024634951948507037,-0.007184410778795299
B-Injury,pedalcyclist,Cloudy/Overcast,Daylight,Dry,Traffic Signal,champaign,2015,0,1,3186,POINT (-88.2452108908721 40.1163499942577),POINT,-88.2452108908721,40.1163499942577,-0.0024816800656458833,-0.00709062074557586
B-Injury,pedalcyclist,Clear,Daylight,Dry,Traffic Signal,champaign,2015,0,1,3187,POINT (-88.2579800011622 40.1271699999251),POINT,-88.2579800011622,40.1271699999251,-0.002336471137898902,-0.006819305776495178
B-Injury,pedalcyclist,Clear,Daylight,Dry,Stop Sign/Flasher,champaign,2015,0,1,3189,POINT (-88.2532000005823 40.1271899993884),POINT,-88.2532000005823,40.1271899993884,-0.0023908287824855852,-0.006818804283803484
B-Injury,pedalcyclist,Clear,Darkness,Dry,No Controls,savoy,2015,0,1,3190,POINT (-88.2525670892199 40.0481498508447),POINT,-88.2525670892199,40.0481498508447,-0.00239802618138068,-0.008800760312059697
B-Injury,pedalcyclist,Clear,Daylight,Dry,Traffic Signal,champaign,2015,0,1,3191,POINT (-88.2414400014603 40.0980498217995),POINT,-88.2414400014603,40.0980498217995,-0.0025245622082305757,-0.007549503196962121
C-Injury,pedalcyclist,Clear,Daylight,Dry,Stop Sign/Flasher,champaign,2015,0,1,3192,POINT (-88.2521800011096 40.129652928758),POINT,-88.2521800011096,40.129652928758,-0.002402428105098423,-0.006757045572551211
B-Injury,pedalcyclist,Clear,Daylight,Dry,Traffic Signal,champaign,2015,0,1,3193,POINT (-88.2436783008073 40.1325999996979),POINT,-88.2436783008073,40.1325999996979,-0.002499108512493714,-0.006683146862558133
C-Injury,pedalcyclist,Clear,Daylight,Dry,No Controls,champaign,2015,0,1,3194,POINT (-88.2320733491679 40.1116736519038),POINT,-88.2320733491679,40.11167365190379,-0.0026310787551988724,-0.007207881467997184
C-Injury,pedalcyclist,Rain,"Darkness, Lighted Road",Wet,No Controls,champaign,2015,0,1,3195,POINT (-88.257865350391 40.1378328417663),POINT,-88.257865350391,40.1378328417663,-0.002337774933948304,-0.006551931738681761
B-Injury,pedalcyclist,Clear,"Darkness, Lighted Road",Dry,Traffic Signal,champaign,2015,0,1,3196,POINT (-88.24369329452 40.1370202168184),POINT,-88.24369329452,40.1370202168184,-0.002498938005630345,-0.006572308559118869
B-Injury,pedalcyclist,Clear,Daylight,Dry,Stop Sign/Flasher,champaign,2015,0,1,3197,POINT (-88.2388900015543 40.1330296980372),POINT,-88.2388900015543,40.133029698037205,-0.0025535605286847187,-0.006672372044575054
B-Injury,pedalcyclist,Cloudy/Overcast,Daylight,Dry,Stop Sign/Flasher,champaign,2015,0,2,3198,POINT (-88.2388406402394 40.1297499939781),POINT,-88.2388406402394,40.1297499939781,-0.0025541218601671007,-0.006754611632311189
PD,pedalcyclist,Clear,Daylight,Wet,No Controls,champaign,2015,0,0,3200,POINT (-88.2918510470554 40.0693085220719),POINT,-88.2918510470554,40.0693085220719,-0.0019512933029453613,-0.008270200125100376
C-Injury,pedalcyclist,Clear,Daylight,Dry,Traffic Signal,champaign,2015,0,1,3201,POINT (-88.2736910551401 40.1273863918155),POINT,-88.2736910551401,40.1273863918155,-0.002157806747813943,-0.006813879683306577
C-Injury,pedalcyclist,Clear,Daylight,Dry,No Controls,champaign,2015,0,1,3202,POINT (-88.2716895984006 40.1273695509441),POINT,-88.2716895984006,40.1273695509441,-0.0021805670952831932,-0.00681430197333512
C-Injury,pedalcyclist,Clear,Daylight,Dry,Traffic Signal,champaign,2015,0,1,3203,POINT (-88.2768100005602 40.1164599996991),POINT,-88.2768100005602,40.1164599996991,-0.0021223384411062163,-0.007087862325307933
C-Injury,pedalcyclist,Clear,"Darkness, Lighted Road",Dry,Stop Sign/Flasher,champaign,2015,0,1,3204,POINT (-88.2724507549628 40.1184100096738),POINT,-88.2724507549628,40.118410009673795,-0.0021719113059811613,-0.007038965225597093
C-Injury,pedalcyclist,Clear,Daylight,Dry,No Controls,champaign,2015,0,1,3206,POINT (-88.2729948780661 40.139079803337),POINT,-88.2729948780661,40.139079803337005,-0.0021657235974723485,-0.006520663793876453
C-Injury,pedalcyclist,Clear,Daylight,Dry,Stop Sign/Flasher,champaign,2015,0,1,3207,POINT (-88.2672199186839 40.1102399917627),POINT,-88.2672199186839,40.110239991762704,-0.0022313958049025944,-0.007243830936861491
B-Injury,pedalcyclist,Clear,Dusk,Dry,No Controls,champaign,2017,0,1,4230,POINT (-88.2321000013499 40.1162999989035),POINT,-88.2321000013499,40.1162999989035,-0.0026307756694957537,-0.007091874394455241