crash_severity,collision_type,weather,light,road_surface,traffic_control,city,year,fatality,injury,id,Geometry,point,x,y,norm_x,norm_y
C-Injury,pedalcyclist,Clear,Daylight,Dry,Other,champaign,2017,0,1,4231,POINT (-88.2629676926275 40.1358103235144),POINT,-88.2629676926275,40.1358103235144,-0.002279751655244638,-0.006602647005738633
B-Injury,pedalcyclist,Cloudy/Overcast,Daylight,Dry,Stop Sign/Flasher,urbana,2017,0,1,4270,POINT (-88.2238000011252 40.1090999991498),POINT,-88.2238000011252,40.1090999991498,-0.0027251623656357727,-0.007272416602158757
C-Injury,pedalcyclist,Clear,Daylight,Dry,Traffic Signal,urbana,2017,0,1,4282,POINT (-88.2194792848033 40.1200702220384),POINT,-88.2194792848033,40.1200702220384,-0.0027742970797973872,-0.006997334890067097
B-Injury,pedalcyclist,Clear,Daylight,Dry,No Controls,champaign,2017,0,1,4284,POINT (-88.2452000012414 40.1271999991707),POINT,-88.2452000012414,40.127199999170706,-0.0024818039013369967,-0.006818553536187368
B-Injury,pedalcyclist,Clear,Daylight,Dry,Yield,rantoul,2017,0,1,4287,POINT (-88.1405430014423 40.308252998673),POINT,-88.1405430014423,40.308252998673,-0.0036719518738103476,-0.0022785939028998332
B-Injury,pedalcyclist,Clear,"Darkness, Lighted Road",Dry,Traffic Signal,champaign,2017,0,1,4306,POINT (-88.2767000013441 40.1127999989358),POINT,-88.2767000013441,40.11279999893579,-0.002123589340179141,-0.007179637969836948
PD,pedalcyclist,Clear,Daylight,Dry,Stop Sign/Flasher,mahomet,2017,0,0,4307,POINT (-88.4077000010377 40.185699999377),POINT,-88.4077000010377,40.185699999377,-0.000633871649736786,-0.005351648043243431
C-Injury,pedalcyclist,Clear,Dusk,Dry,Traffic Signal,champaign,2017,0,1,4315,POINT (-88.257800001037 40.1181999994935),POINT,-88.257800001037,40.1181999994935,-0.002338518079665439,-0.0070442312954426475
B-Injury,pedalcyclist,Clear,Daylight,Dry,No Controls,urbana,2017,0,1,4317,POINT (-88.2119000012751 40.100799999538),POINT,-88.2119000012751,40.100799999538005,-0.0028604878643718077,-0.007480541644535463
C-Injury,pedalcyclist,Clear,Daylight,Dry,No Controls,champaign,2017,0,1,4319,POINT (-88.2457670749325 40.1153400769674),POINT,-88.2457670749325,40.1153400769674,-0.0024753552012500186,-0.007115944732162899
B-Injury,pedalcyclist,Clear,Daylight,Dry,No Controls,unincorporated,2017,0,1,4322,POINT (-88.3339000008634 39.9672999994398),POINT,-88.3339000008634,39.967299999439795,-0.0014731171922669469,-0.01082809519601407
B-Injury,pedalcyclist,Clear,Daylight,Dry,Stop Sign/Flasher,champaign,2017,0,1,4324,POINT (-88.2678000011462 40.1272999995027),POINT,-88.2678000011462,40.1272999995027,-0.0022247991704902777,-0.006816045997114106
C-Injury,pedalcyclist,Clear,Daylight,Dry,Traffic Signal,champaign,2017,0,1,4328,POINT (-88.2452000011047 40.1270999993876),POINT,-88.2452000011047,40.1270999993876,-0.002481803902891468,-0.006821061061496936
B-Injury,pedalcyclist,Clear,Daylight,Dry,No Controls,mahomet,2017,0,1,4330,POINT (-88.3634000013599 40.2306999990429),POINT,-88.3634000013599,40.2306999990429,-0.0011376464082173275,-0.004223259214874197
C-Injury,pedalcyclist,Clear,Daylight,Dry,Stop Sign/Flasher,mahomet,2017,0,1,4332,POINT (-88.365200000373 40.1965999987649),POINT,-88.365200000373,40.196599998764896,-0.0011171770160123885,-0.005078327207024547
B-Injury,pedalcyclist,Clear,Daylight,Dry,Other RR Crossing,ogden,2017,0,1,4338,POINT (-87.9808000011787 40.1780999992531),POINT,-87.9808000011787,40.1780999992531,-0.005488531827807504,-0.005542220383223106
B-Injury,pedalcyclist,Clear,Daylight,Dry,Stop Sign/Flasher,champaign,2017,0,1,4342,POINT (-88.2542000011444 40.1181999987301),POINT,-88.2542000011444,40.1181999987301,-0.0023794568853001013,-0.007044231314585138
B-Injury,pedalcyclist,Clear,Daylight,Dry,Lane Use Marking,champaign,2017,0,1,4343,POINT (-88.2385000012697 40.1162999988817),POINT,-88.2385000012697,40.1162999988817,-0.002557995569330521,-0.0070918743950018695
B-Injury,pedalcyclist,Clear,Darkness,Dry,No Controls,unincorporated,2017,0,1,4346,POINT (-88.1627000014216 40.1270999993905),POINT,-88.1627000014216,40.1270999993905,-0.0034199848897378316,-0.006821061061424242
B-Injury,pedalcyclist,Clear,Daylight,Dry,Stop Sign/Flasher,urbana,2017,0,1,4357,POINT (-88.2180000007983 40.1324999993489),POINT,-88.2180000007983,40.132499999348894,-0.0027911193359545796,-0.006685654402057935
B-Injury,pedalcyclist,Clear,Daylight,Dry,No Controls,urbana,2017,0,1,4366,POINT (-88.2191000012715 40.1035999993958),POINT,-88.2191000012715,40.1035999993958,-0.002778610250700721,-0.007410330787148214
C-Injury,pedalcyclist,Clear,Daylight,Dry,Stop Sign/Flasher,pesotum,2017,0,1,4406,POINT (-88.2734000012463 39.9144999996052),POINT,-88.2734000012463,39.914499999605205,-0.0021611165809092554,-0.012152071426982809
B-Injury,pedalcyclist,Clear,Daylight,Dry,No Controls,champaign,2017,0,1,4409,POINT (-88.2371000011291 40.11069999888),POINT,-88.2371000011291,40.11069999888,-0.002573916218040145,-0.007232296116950769
B-Injury,pedalcyclist,Clear,Daylight,Dry,No Controls,champaign,2017,0,1,4413,POINT (-88.2386000003657 40.1079999991515),POINT,-88.2386000003657,40.1079999991515,-0.0025568583905314453,-0.007299999440347613
Fatal,pedalcyclist,Clear,Daylight,Dry,Lane Use Marking,champaign,2017,1,0,4414,POINT (-88.2770247632839 40.1318329663588),POINT,-88.2770247632839,40.13183296635879,-0.002119896182865812,-0.006702380459386206
B-Injury,pedalcyclist,Clear,"Darkness, Lighted Road",Dry,Traffic Signal,champaign,2017,0,1,4416,POINT (-88.2469000010192 40.1124999988605),POINT,-88.2469000010192,40.1124999988605,-0.002462471689515179,-0.0071871605639698966
B-Injury,pedalcyclist,Clear,Daylight,Dry,Traffic Signal,champaign,2017,0,1,4417,POINT (-88.2579000011834 40.1379999987849),POINT,-88.2579000011834,40.1379999987849,-0.0023373808889212205,-0.006547740225042332
C-Injury,pedalcyclist,Clear,Daylight,Dry,No Controls,champaign,2017,0,1,4418,POINT (-88.270700001286 40.127299998792),POINT,-88.270700001286,40.127299998792,-0.0021918206855997837,-0.006816046014935281
C-Injury,pedalcyclist,Clear,Daylight,Dry,Stop Sign/Flasher,tolono,2017,0,1,4420,POINT (-88.2616000007117 39.9899999994632),POINT,-88.2616000007117,39.98999999946321,-0.002295304898350075,-0.010258885715556854
C-Injury,pedalcyclist,Cloudy/Overcast,Dusk,Dry,Lane Use Marking,savoy,2017,0,1,4422,POINT (-88.2443000014885 40.0544999990631),POINT,-88.2443000014885,40.054499999063104,-0.002492038600241038,-0.008641528392918946
B-Injury,pedalcyclist,Clear,Daylight,Dry,Traffic Signal,champaign,2017,0,1,4425,POINT (-88.2579000011834 40.1379999987849),POINT,-88.2579000011834,40.1379999987849,-0.0023373808889212205,-0.006547740225042332
B-Injury,pedalcyclist,Clear,Daylight,Dry,Stop Sign/Flasher,champaign,2017,0,1,4426,POINT (-88.2652000013655 40.127199999402),POINT,-88.2652000013655,40.127199999401995,-0.0022543660840590794,-0.00681855353038773
C-Injury,pedalcyclist,Clear,Daylight,Dry,Traffic Signal,champaign,2017,0,1,4427,POINT (-88.2771000003939 40.1360999995049),POINT,-88.2771000003939,40.1360999995049,-0.002119040594667327,-0.006595383291206292
C-Injury,pedalcyclist,Cloudy/Overcast,Daylight,Dry,No Controls,champaign,2017,0,1,4428,POINT (-88.2321000013499 40.1162999989035),POINT,-88.2321000013499,40.1162999989035,-0.0026307756694957537,-0.007091874394455241
C-Injury,pedalcyclist,Clear,Daylight,Dry,No Controls,champaign,2017,0,1,4430,POINT (-88.2369000008046 40.1052999989997),POINT,-88.2369000008046,40.105299998999705,-0.002576190599888959,-0.007367702774358802
C-Injury,pedalcyclist,Clear,Daylight,Dry,No Controls,champaign,2017,0,1,4435,POINT (-88.2452180230997 40.1171353123001),POINT,-88.2452180230997,40.1171353123001,-0.0024815989587325675,-0.007070928654190613
B-Injury,pedalcyclist,Clear,Daylight,Dry,No Controls,champaign,2017,0,1,4436,POINT (-88.2299077988171 40.1054531482975),POINT,-88.2299077988171,40.1054531482975,-0.002655705157295749,-0.007363862508625756
C-Injury,pedalcyclist,Clear,Daylight,Dry,Stop Sign/Flasher,urbana,2017,0,1,4437,POINT (-88.2214000004674 40.1058999990914),POINT,-88.2214000004674,40.1058999990914,-0.0027524549110202103,-0.007352657587569584
B-Injury,pedalcyclist,Clear,Daylight,Dry,No Controls,champaign,2017,0,1,4441,POINT (-88.2414771220259 40.0998459465218),POINT,-88.2414771220259,40.099845946521796,-0.0025241400772124563,-0.007504464817272226
B-Injury,pedalcyclist,Rain,Darkness,Wet,Stop Sign/Flasher,champaign,2017,0,1,4442,POINT (-88.2385299496538 40.0945286741132),POINT,-88.2385299496538,40.0945286741132,-0.0025576549995771423,-0.007637797057890076
B-Injury,pedalcyclist,Clear,Daylight,Dry,No Controls,champaign,2011,0,1,2757,POINT (-88.2724851646816 40.1201713224778),POINT,-88.2724851646816,40.1201713224778,-0.0021715200024168134,-0.006994799765462409
B-Injury,pedalcyclist,Clear,Daylight,Dry,Unknown,urbana,2007,0,1,2991,POINT (-88.2158099179254 40.1141211860494),POINT,-88.2158099179254,40.1141211860494,-0.0028160247192135514,-0.007146508796720231
B-Injury,pedalcyclist,Clear,Daylight,Dry,No Controls,fisher,2008,0,1,3067,POINT (-88.3467987348582 40.3228373637862),POINT,-88.3467987348582,40.3228373637862,-0.0013264341979057923,-0.0019128864632381
B-Injury,pedalcyclist,Clear,Daylight,Dry,Traffic Signal,champaign,2013,0,1,2616,POINT (-88.2436799727255 40.1326005692279),POINT,-88.2436799727255,40.132600569227904,-0.0024990894996225446,-0.006683132581418216
Fatal,pedalcyclist,Clear,Darkness,Dry,No Controls,unincorporated,2005,1,1,2858,POINT (-88.1826239323491 40.2220267412715),POINT,-88.1826239323491,40.2220267412715,-0.0031934121230563304,-0.004440743820373646
B-Injury,pedalcyclist,Clear,Darkness,Dry,Traffic Signal,champaign,2006,0,1,2955,POINT (-88.2468471003272 40.1163430845293),POINT,-88.2468471003272,40.1163430845293,-0.0024630732704074673,-0.007090794009140252
B-Injury,pedalcyclist,Rain,Darkness,Wet,No Controls,urbana,2009,0,1,3105,POINT (-88.2193009113786 40.109090166393),POINT,-88.2193009113786,40.109090166392996,-0.0027763255229035395,-0.007272663161558989
C-Injury,pedalcyclist,Clear,"Darkness, Lighted Road",Dry,Traffic Signal,unincorporated,2015,0,1,3205,POINT (-88.3145268231587 40.1132450885206),POINT,-88.3145268231587,40.1132450885206,-0.0016934268534445666,-0.007168477211640287
Fatal,pedalcyclist,Clear,Darkness,Dry,No Controls,unincorporated,2005,1,1,3287,POINT (-88.1826239323491 40.2220267412715),POINT,-88.1826239323491,40.2220267412715,-0.0031934121230563304,-0.004440743820373646
Fatal,pedalcyclist,Clear,Daylight,Dry,Lane Use Marking,unincorporated,2006,1,0,3299,POINT (-88.1620729026061 40.0798615792923),POINT,-88.1620729026061,40.0798615792923,-0.003427116188984321,-0.008005578970410376
Fatal,pedalcyclist,Clear,Darkness,Dry,Lane Use Marking,urbana,2009,1,0,3351,POINT (-88.2210743189357 40.1105456634408),POINT,-88.2210743189357,40.110545663440796,-0.0027561585258320137,-0.007236166125544412
Fatal,pedalcyclist,Clear,Daylight,Dry,No Controls,unincorporated,2011,1,1,3377,POINT (-88.3698391356001 40.1477644951671),POINT,-88.3698391356001,40.1477644951671,-0.0010644212768342017,-0.0063028924758393445
Fatal,pedalcyclist,Clear,Darkness,Dry,Stop Sign/Flasher,champaign,2011,1,0,3381,POINT (-88.2389207435103 40.1352585336411),POINT,-88.2389207435103,40.1352585336411,-0.002553210934518198,-0.006616483306477757
Fatal,pedalcyclist,Clear,"Darkness, lighted road",Dry,No Controls,champaign,2012,1,0,3398,POINT (-88.2828291545506 40.1128159897989),POINT,-88.2828291545506,40.1128159897989,-0.0020538892792591975,-0.007179236994027673
B-Injury,pedalcyclist,Clear,Daylight,Dry,Unknown,champaign,2007,0,1,2984,POINT (-88.2387083485979 40.1102309748258),POINT,-88.2387083485979,40.1102309748258,-0.002555626266267181,-0.007244057039327
B-Injury,pedalcyclist,Clear,Daylight,Dry,Stop Sign/Flasher,champaign,2010,0,1,2832,POINT (-88.2375703811274 40.1040897189691),POINT,-88.2375703811274,40.1040897189691,-0.0025685671080680544,-0.007398050918267086
C-Injury,pedalcyclist,Clear,Daylight,Dry,No Controls,mahomet,2009,0,1,3114,POINT (-88.3891365739632 40.1925759639537),POINT,-88.3891365739632,40.19257596395371,-0.0008449729151779781,-0.005179231117238451
B-Injury,pedalcyclist,Clear,Daylight,Dry,Stop Sign/Flasher,urbana,2015,0,1,3165,POINT (-88.2088686406063 40.1092203389082),POINT,-88.2088686406063,40.1092203389082,-0.002894960166852605,-0.007269399045714327
B-Injury,pedalcyclist,Clear,Dusk,Dry,Stop Sign/Flasher,urbana,2011,0,1,2751,POINT (-88.2193607883053 40.1145093416236),POINT,-88.2193607883053,40.1145093416236,-0.0027756446090320824,-0.007136775676345827
C-Injury,pedalcyclist,Rain,Daylight,Dry,Yield,champaign,2005,0,1,2873,POINT (-88.2451986294542 40.1221300210182),POINT,-88.2451986294542,40.12213002101821,-0.0024818195011513007,-0.006945684797294702
Fatal,pedestrian,Cloudy/Overcast,"Darkness, Lighted Road",Dry,Traffic Signal,urbana,2016,1,0,3983,POINT (-88.2073256276964 40.1163970594705),POINT,-88.2073256276964,40.1163970594705,-0.0029125071411565968,-0.007089440570893202
Fatal,turning,Clear,Daylight,Dry,Traffic Signal,champaign,2016,1,1,4005,POINT (-88.2388200020428 40.1272299976793),POINT,-88.2388200020428,40.127229997679294,-0.002554356555485034,-0.006817801314360499
Fatal,rear end,Clear,Daylight,Dry,Lane Use Marking,urbana,2016,1,1,4037,POINT (-88.1631866185844 40.1202474189004),POINT,-88.1631866185844,40.1202474189004,-0.0034144511325042326,-0.006992891624267436
Fatal,fixed object,Cloudy/Overcast,Darkness,Dry,Lane Use Marking,unincorporated,2016,1,0,4043,POINT (-87.985074909203 40.0760051902479),POINT,-87.985074909203,40.0760051902479,-0.00543991804060362,-0.008102279111473829
Fatal,fixed object,Clear,Darkness,Dry,Lane Use Marking,unincorporated,2016,1,0,4044,POINT (-87.9575887948365 39.9705920241908),POINT,-87.9575887948365,39.9705920241908,-0.005752487131512495,-0.010745546663140102
Fatal,pedestrian,Clear,"Darkness, Lighted Road",Dry,Lane Use Marking,st joseph,2016,1,0,4055,POINT (-88.0404600025063 40.1131599979591),POINT,-88.0404600025063,40.1131599979591,-0.004810084807979895,-0.007170610883633778
Fatal,overturned,Clear,Daylight,Dry,Lane Use Marking,unincorporated,2016,1,1,4059,POINT (-87.9752691592768 40.1197406652534),POINT,-87.9752691592768,40.1197406652534,-0.005551427957910957,-0.007005598627784105
Fatal,rear end,Clear,Darkness,Dry,Lane Use Marking,st joseph,2016,1,1,4061,POINT (-88.0189810260455 40.1200899573769),POINT,-88.0189810260455,40.1200899573769,-0.005054341382644679,-0.006996840020385983
Fatal,fixed object,Clear,Darkness,Dry,No Controls,unincorporated,2016,1,2,4062,POINT (-88.1777992751756 39.981771477543),POINT,-88.1777992751756,39.981771477543,-0.0032482775975486537,-0.010465218432838892
Fatal,overturned,Clear,"Darkness, Lighted Road",Dry,Lane Use Marking,mahomet,2016,1,0,4072,POINT (-88.3942594946906 40.2068943969808),POINT,-88.3942594946906,40.20689439698079,-0.0007867156201230579,-0.004820192006405732
Fatal,pedestrian,Rain,Daylight,Wet,Lane Use Marking,mahomet,2016,1,0,4077,POINT (-88.3959800014458 40.1905199979813),POINT,-88.3959800014458,40.1905199979813,-0.000767150205193668,-0.005230785096171762
Fatal,fixed object,Clear,Darkness,Dry,Other,unincorporated,2016,1,0,4094,POINT (-87.9553245852797 40.2253381312605),POINT,-87.9553245852797,40.2253381312605,-0.0057782354753256335,-0.004357709698202435
Fatal,overturned,Clear,Daylight,Dry,Lane Use Marking,unincorporated,2016,1,0,4115,POINT (-88.3090463713513 40.1675592728565),POINT,-88.3090463713513,40.1675592728565,-0.0017557499528964558,-0.005806532338714793
Fatal,angle,Clear,Dawn,Dry,No Controls,unincorporated,2016,1,1,4124,POINT (-88.4066900021481 40.0111199978943),POINT,-88.4066900021481,40.0111199978943,-0.0006453572468107076,-0.009729295260851195
Fatal,angle,Clear,Daylight,Dry,No Controls,unincorporated,2016,1,2,4131,POINT (-88.3319302592149 40.0110899980318),POINT,-88.3319302592149,40.0110899980318,-0.0014955168791847074,-0.009730047516627793
Fatal,angle,Clear,Daylight,Dry,Stop Sign/Flasher,unincorporated,2016,1,3,4132,POINT (-88.3696707983077 40.1276199973367),POINT,-88.3696707983077,40.1276199973367,-0.001066335590139908,-0.006808021953032631
Fatal,pedestrian,Clear,"Darkness, Lighted Road",Dry,Lane Use Marking,champaign,2016,1,0,4145,POINT (-88.2603228562209 40.1272000389334),POINT,-88.2603228562209,40.127200038933395,-0.0023098284460267575,-0.0068185525391257105
Fatal,angle,Clear,Daylight,Dry,Stop Sign/Flasher,champaign,2016,1,0,4173,POINT (-88.2468305465304 40.1144199944908),POINT,-88.2468305465304,40.114419994490795,-0.0024632615183768614,-0.007139016083173709
Fatal,rear end,Fog/Smoke/Haze,Darkness,Wet,Lane Use Marking,unincorporated,2016,1,1,4186,POINT (-88.2670699786282 40.1606555140601),POINT,-88.2670699786282,40.1606555140601,-0.0022331009068416357,-0.005979646213324763
Fatal,head on,Clear,Darkness,Dry,Lane Use Marking,unincorporated,2016,2,0,4190,POINT (-88.2659514124905 39.9627011816725),POINT,-88.2659514124905,39.9627011816725,-0.002245821118804744,-0.010943411965588505
Fatal,angle,Clear,Dusk,Dry,Stop Sign/Flasher,champaign,2016,1,1,4197,POINT (-88.2501607910205 40.1271899973131),POINT,-88.2501607910205,40.1271899973131,-0.0024253903417203308,-0.006818804335842178
Fatal,head on,Clear,"Darkness, Lighted Road",Dry,Lane Use Marking,urbana,2017,1,1,4218,POINT (-88.2230085268287 40.1350883375178),POINT,-88.2230085268287,40.13508833751779,-0.0027341629249012034,-0.006620751026602132
Fatal,rear end,Cloudy/Overcast,Dusk,Ice,Lane Use Marking,rantoul,2017,1,1,4219,POINT (-88.1841448979837 40.3083258497697),POINT,-88.1841448979837,40.3083258497697,-0.003176115867959276,-0.0022767671392494968
Fatal,other object,Clear,"Darkness, Lighted Road",Dry,Traffic Signal,urbana,2017,1,0,4220,POINT (-88.2090200022449 40.1165099978658),POINT,-88.2090200022449,40.1165099978658,-0.0028932388988281385,-0.007086608605904461
Fatal,overturned,Clear,Daylight,Dry,No Controls,unincorporated,2017,1,1,4263,POINT (-88.2378125985048 40.3407579259902),POINT,-88.2378125985048,40.340757925990204,-0.0025658126385039565,-0.0014635228556996985
Fatal,fixed object,Clear,Daylight,Dry,Lane Use Marking,unincorporated,2017,1,1,4269,POINT (-87.9390345188581 39.9086632401872),POINT,-87.9390345188581,39.9086632401872,-0.005963484331688264,-0.012298429964095072
Fatal,rear end,Clear,Daylight,Dry,Lane Use Marking,champaign,2017,1,2,4281,POINT (-88.2849035942587 40.1454131984637),POINT,-88.2849035942587,40.1454131984637,-0.002030298977441374,-0.0063618519636615455
Fatal,fixed object,Clear,Darkness,Dry,Lane Use Marking,broadlands,2017,1,0,4356,POINT (-88.0027593240457 39.9082499988168),POINT,-88.0027593240457,39.90824999881679,-0.00523881280626837,-0.012308792118522907
Fatal,fixed object,Clear,Darkness,Dry,Lane Use Marking,unincorporated,2017,1,0,4365,POINT (-88.2257789513649 40.0105625857487),POINT,-88.2257789513649,40.0105625857487,-0.0027026579596244266,-0.009743272541796933
Fatal,head on,Snow,Dusk,Ice,Lane Use Marking,unincorporated,2017,1,3,4375,POINT (-88.3036878212881 39.9756712548118),POINT,-88.3036878212881,39.9756712548118,-0.0018166867990258538,-0.01061818339354011
Fatal,fixed object,Clear,Daylight,Dry,Lane Use Marking,unincorporated,2017,1,1,4393,POINT (-88.3330237845423 40.1204000067144),POINT,-88.3330237845423,40.1204000067144,-0.0014830814285817066,-0.006989065437913184
Fatal,fixed object,Clear,Daylight,Dry,Lane Use Marking,unincorporated,2017,2,1,4396,POINT (-88.1610776842222 39.9416493895405),POINT,-88.1610776842222,39.9416493895405,-0.003438433703761458,-0.011471292126372178
Fatal,pedestrian,Clear,"Darkness, Lighted Road",Dry,Lane Use Marking,champaign,2017,1,0,4431,POINT (-88.2603936658455 40.127201050911),POINT,-88.2603936658455,40.127201050911005,-0.002309023206708656,-0.006818527163475992
Fatal,fixed object,Clear,Dusk,Dry,Other warning sign,unincorporated,2003,1,0,3209,POINT (-87.9567541231314 39.9085415813712),POINT,-87.9567541231314,39.9085415813712,-0.005761978926991094,-0.012301480596314302
Fatal,pedestrian,Clear,"Darkness, lighted road",Dry,Traffic signal,champaign,2003,1,0,3210,POINT (-88.2446384669096 40.0980915312516),POINT,-88.2446384669096,40.098091531251605,-0.0024881896084348676,-0.007548457319625617
Fatal,angle,Snow,Darkness,Snow or slush,No Controls,unincorporated,2003,1,2,3211,POINT (-87.958508078575 40.0798187773275),POINT,-87.958508078575,40.079818777327496,-0.0057420331372302165,-0.008006652242838691
Fatal,angle,Severe cross wind,Daylight,Snow or slush,Lane Use Marking,unincorporated,2003,1,1,3212,POINT (-88.1611787393342 39.9515071205069),POINT,-88.1611787393342,39.951507120506896,-0.0034372845160637135,-0.011224106491302507
Fatal,pedestrian,Clear,Darkness,Dry,No Controls,unincorporated,2003,1,1,3213,POINT (-88.1843627639032 40.1528232072532),POINT,-88.1843627639032,40.152823207253206,-0.0031736383205151855,-0.006176043714810977
Fatal,head on,Clear,Daylight,Dry,Lane Use Marking,st. joseph,2003,1,3,3214,POINT (-88.0246888909703 40.1202181038844),POINT,-88.0246888909703,40.1202181038844,-0.00498943216605674,-0.0069936267073075235
Fatal,overturned,Clear,Daylight,Dry,Lane Use Marking,unincorporated,2003,1,2,3215,POINT (-88.2979909676911 39.9193674528747),POINT,-88.2979909676911,39.9193674528747,-0.0018814707959964024,-0.012030018539589734
Fatal,head on,Clear,Dawn,Dry,Lane Use Marking,unincorporated,2003,1,1,3216,POINT (-88.0281470761307 40.3127851493218),POINT,-88.0281470761307,40.3127851493218,-0.0049501060620695736,-0.0021649488318207055
Fatal,pedestrian,Clear,Darkness,Dry,No Controls,champaign,2003,1,0,3217,POINT (-88.2885369174994 40.1129521835239),POINT,-88.2885369174994,40.112952183523895,-0.001988981222331185,-0.0071758218944960525
Fatal,rear end,Clear,Darkness,Dry,Lane Use Marking,mahomet,2003,1,0,3218,POINT (-88.367547450232 40.1880463690074),POINT,-88.367547450232,40.188046369007395,-0.0010904820725729921,-0.005292812103291882
Fatal,head on,Clear,Daylight,Dry,Other warning sign,unincorporated,2003,1,1,3219,POINT (-88.0104332293484 40.1115288772904),POINT,-88.0104332293484,40.1115288772904,-0.005151545993207733,-0.007211511735943865
Fatal,fixed object,Unknown,Darkness,Unknown,No Controls,unincorporated,2003,1,0,3220,POINT (-87.9582800607411 40.0605654749689),POINT,-87.9582800607411,40.060565474968904,-0.005744626131136154,-0.00848943471954868
Fatal,angle,Clear,Daylight,Dry,Stop sign / flasher,unincorporated,2003,2,2,3221,POINT (-88.288965715176 40.3112248396648),POINT,-88.288965715176,40.311224839664796,-0.0019841049819803967,-0.002204074076239135
Fatal,fixed object,Clear,"Darkness, lighted road",Dry,Lane Use Marking,champaign,2002,1,0,3222,POINT (-88.260127676361 40.1352609984782),POINT,-88.260127676361,40.1352609984782,-0.0023120480100786087,-0.006616421499929517
Fatal,angle,Clear,Daylight,Dry,Stop sign / flasher,urbana,2002,1,3,3223,POINT (-88.1621494561884 40.0839948488388),POINT,-88.1621494561884,40.0839948488388,-0.0034262456300065266,-0.007901935965620666
Fatal,rear end,Rain,Daylight,Wet,No Controls,champaign,2002,1,2,3224,POINT (-88.2718667765039 40.1379165020626),POINT,-88.2718667765039,40.1379165020626,-0.002178552245241496,-0.006549833931027777
Fatal,angle,Clear,Daylight,Dry,Stop sign / flasher,unincorporated,2002,1,1,3225,POINT (-88.3332847957248 40.1133087720451),POINT,-88.3332847957248,40.1133087720451,-0.0014801132379186155,-0.007166880327681786
Fatal,fixed object,Clear,Daylight,Dry,No Controls,unincorporated,2002,1,2,3226,POINT (-88.3036425777428 39.9893330498423),POINT,-88.3036425777428,39.989333049842294,-0.0018172013036819622,-0.010275609682377125
Fatal,angle,Clear,Daylight,Snow or slush,Lane Use Marking,unincorporated,2002,1,0,3227,POINT (-88.1355034700915 40.3655665983302),POINT,-88.1355034700915,40.365566598330204,-0.0037292608739811026,-0.0008414377685225894
Fatal,angle,Other,Daylight,Snow or slush,Lane Use Marking,unincorporated,2002,1,2,3228,POINT (-88.1614362073395 40.014622747992),POINT,-88.1614362073395,40.014622747992,-0.0034343566180246466,-0.00964146272511427
Fatal,angle,Clear,Daylight,Dry,Lane Use Marking,unincorporated,2002,1,1,3229,POINT (-88.3332847957248 40.1133087720451),POINT,-88.3332847957248,40.1133087720451,-0.0014801132379186155,-0.007166880327681786
Fatal,angle,Fog / smoke / haze,Darkness,Dry,Stop sign / flasher,unincorporated,2002,1,4,3230,POINT (-87.9483173778569 40.3132710971307),POINT,-87.9483173778569,40.3132710971307,-0.005857920672903977,-0.002152763541091605
Fatal,turning,Clear,Daylight,Dry,Traffic signal,champaign,2002,1,0,3231,POINT (-88.2860458398548 40.1129354097116),POINT,-88.2860458398548,40.112935409711596,-0.0020173094852633626,-0.007176242502997097
Fatal,angle,Clear,Darkness,Dry,Stop sign / flasher,unincorporated,2002,1,2,3232,POINT (-88.048052519096 40.1862384115146),POINT,-88.048052519096,40.1862384115146,-0.004723743538475135,-0.005338147193340362
Fatal,pedestrian,Clear,Darkness,Dry,Lane Use Marking,unincorporated,2001,1,0,3233,POINT (-88.1009506161777 40.3123608627256),POINT,-88.1009506161777,40.312360862725605,-0.004122192155286945,-0.002175587948681267
Fatal,head on,Clear,Daylight,Dry,Lane Use Marking,unincorporated,2001,1,1,3234,POINT (-88.2928479781373 39.8800977687605),POINT,-88.2928479781373,39.8800977687605,-0.0019399563115535118,-0.013014717943524082
Fatal,turning,Rain,"Darkness, lighted road",Wet,Traffic signal,rantoul,2001,1,0,3235,POINT (-88.1997377235443 40.311508996801),POINT,-88.1997377235443,40.311508996801,-0.0029987959585246,-0.0021969487486751833
Fatal,overturned,Snow,Darkness,Wet,No Controls,unincorporated,2001,1,0,3236,POINT (-88.1819670176422 40.170976829818),POINT,-88.1819670176422,40.170976829818,-0.0032008824853638302,-0.005720836047063565
Fatal,fixed object,Clear,"Darkness, lighted road",Dry,Traffic signal,champaign,2001,1,1,3237,POINT (-88.246877418792 40.0835447688794),POINT,-88.246877418792,40.0835447688794,-0.0024627284921368,-0.007913221858994672
Fatal,angle,Clear,Daylight,Dry,Stop sign / flasher,unincorporated,2001,4,3,3238,POINT (-87.9483173778569 40.3132710971307),POINT,-87.9483173778569,40.3132710971307,-0.005857920672903977,-0.002152763541091605
Fatal,head on,Clear,Daylight,Dry,No Controls,unincorporated,2001,1,1,3239,POINT (-88.2681235016118 39.948728984967),POINT,-88.2681235016118,39.948728984967,-0.002221120358523908,-0.011293769094195652
Fatal,head on,Rain,Darkness,Snow or slush,No passing,unincorporated,2001,1,5,3240,POINT (-88.3850424515154 40.2802339538957),POINT,-88.3850424515154,40.2802339538957,-0.0008915308285488518,-0.002981180066077903