crash_severity,collision_type,weather,light,road_surface,traffic_control,city,year,fatality,injury,id,Geometry,point,x,y,norm_x,norm_y
Fatal,overturned,Clear,Darkness,Dry,Lane Use Marking,unincorporated,2001,1,0,3241,POINT (-88.3863245109616 40.2792056421754),POINT,-88.3863245109616,40.2792056421754,-0.0008769513885361368,-0.003006965298653184
Fatal,angle,Clear,Darkness,Dry,Stop sign / flasher,champaign,2001,1,0,3242,POINT (-88.3145129624667 40.1132597945671),POINT,-88.3145129624667,40.11325979456711,-0.0016935844757203957,-0.007168108453002266
Fatal,head on,Snow,Dawn,Snow or slush,Lane Use Marking,unincorporated,2001,1,1,3243,POINT (-88.1023501980961 40.1206925402557),POINT,-88.1023501980961,40.1206925402557,-0.004106276262554507,-0.006981730069415785
Fatal,rear end,Clear,Daylight,Dry,Lane Use Marking,champaign,2001,1,0,3244,POINT (-88.2997233510387 40.1322360383039),POINT,-88.2997233510387,40.1322360383039,-0.0018617703217554524,-0.006692273306424744
Fatal,rear end,Clear,Daylight,Dry,Lane Use Marking,st. joseph,2001,1,1,3245,POINT (-88.0506851617886 40.1204221131337),POINT,-88.0506851617886,40.1204221131337,-0.004693805413276982,-0.006988511112651849
Fatal,fixed object,Clear,Daylight,Dry,No Controls,unincorporated,2001,1,1,3246,POINT (-88.1837997445982 40.2934978497844),POINT,-88.1837997445982,40.2934978497844,-0.003180040914566082,-0.0026485837982427613
Fatal,rear end,Clear,Daylight,Dry,No Controls,st. joseph,2001,1,7,3247,POINT (-88.046964116245 40.1203929711553),POINT,-88.046964116245,40.1203929711553,-0.004736120736835979,-0.00698924185672095
Fatal,fixed object,Clear,"Darkness, lighted road",Dry,Lane Use Marking,champaign,2001,1,0,3248,POINT (-88.2772631125603 40.140903354082),POINT,-88.2772631125603,40.140903354082,-0.0021171857009239085,-0.006474937698234379
Fatal,head on,Clear,Daylight,Dry,Lane Use Marking,unincorporated,2001,2,1,3249,POINT (-88.2130396707403 40.2131511370123),POINT,-88.2130396707403,40.2131511370123,-0.0028475276676730166,-0.004663302326272931
Fatal,rear end,Clear,"Darkness, lighted road",Dry,Lane Use Marking,champaign,2000,1,3,3250,POINT (-88.2406955356535 40.1348235096931),POINT,-88.2406955356535,40.134823509693106,-0.0025330281920849206,-0.006627391665736273
Fatal,fixed object,Snow,Daylight,Ice,No Controls,unincorporated,2000,1,0,3251,POINT (-88.2358207968833 40.1906269611078),POINT,-88.2358207968833,40.190626961107796,-0.002588463189025641,-0.005228102962885447
Fatal,head on,Clear,Daylight,Dry,No Controls,unincorporated,2000,1,1,3252,POINT (-88.3939561925929 40.2452170864314),POINT,-88.3939561925929,40.245217086431396,-0.000790164738455556,-0.003859238784846172
Fatal,angle,Clear,Darkness,Dry,Lane Use Marking,unincorporated,2000,1,7,3253,POINT (-88.303488221999 40.0353141056609),POINT,-88.303488221999,40.035314105660895,-0.0018189566203438094,-0.009122620569320505
Fatal,angle,Clear,Daylight,Dry,Stop sign / flasher,unincorporated,2000,1,2,3254,POINT (-88.4265190137861 40.1106163446657),POINT,-88.4265190137861,40.1106163446657,-0.0004198638919235244,-0.0072343937720966275
Fatal,overturned,Rain,Darkness,Wet,No Controls,unincorporated,2000,1,0,3255,POINT (-88.303322441748 39.9574585225382),POINT,-88.303322441748,39.957458522538204,-0.0018208418552539815,-0.011074873255410941
Fatal,fixed object,Clear,Darkness,Dry,No Controls,unincorporated,2000,1,0,3256,POINT (-87.9945990452404 40.1199639648495),POINT,-87.9945990452404,40.119963964849504,-0.005331610605685304,-0.006999999321750986
Fatal,fixed object,Clear,Daylight,Dry,No Controls,unincorporated,2000,2,2,3257,POINT (-88.3035002968761 39.9748446594084),POINT,-88.3035002968761,39.9748446594084,-0.0018188193061601866,-0.010638910527444695
Fatal,turning,Clear,Daylight,Dry,Traffic signal,champaign,2000,1,0,3258,POINT (-88.2434791400742 40.1101911947013),POINT,-88.2434791400742,40.110191194701294,-0.002501373346600888,-0.007245054538180633
Fatal,fixed object,Clear,Daylight,Snow or slush,No Controls,st. joseph,1999,1,1,3259,POINT (-88.0613458618196 40.113374695899),POINT,-88.0613458618196,40.113374695899,-0.0045725730967440025,-0.007165227266774867
Fatal,overturned,Clear,Daylight,Dry,No Controls,champaign,1999,2,3,3260,POINT (-88.285293564362 40.1448668264268),POINT,-88.285293564362,40.1448668264268,-0.0020258642800139903,-0.006375552410487091
Fatal,angle,Clear,Darkness,Ice,Lane Use Marking,champaign,1999,1,0,3261,POINT (-88.2708052904112 40.1575636451472),POINT,-88.2708052904112,40.157563645147206,-0.0021906233491662654,-0.006057175777013599
Fatal,angle,Unknown,Darkness,Dry,Stop sign / flasher,unincorporated,1999,1,5,3262,POINT (-88.288965715176 40.3112248396648),POINT,-88.288965715176,40.311224839664796,-0.0019841049819803967,-0.002204074076239135
Fatal,overturned,Clear,"Darkness, lighted road",Dry,No Controls,champaign,1999,1,0,3264,POINT (-88.2768090878502 40.1392671663138),POINT,-88.2768090878502,40.13926716631379,-0.002122348820344743,-0.0065159656096224995
Fatal,turning,Clear,Daylight,Dry,Stop sign / flasher,unincorporated,1999,1,3,3265,POINT (-88.3065265325992 40.0254024320214),POINT,-88.3065265325992,40.0254024320214,-0.0017844052840022297,-0.00937115883350458
Fatal,angle,Rain,Darkness,Wet,No Controls,unincorporated,1999,1,0,3266,POINT (-88.108548795214 40.1206447353918),POINT,-88.108548795214,40.1206447353918,-0.0040357864930578614,-0.0069829287910773705
Fatal,fixed object,Clear,Daylight,Dry,Lane Use Marking,urbana,1999,1,0,3267,POINT (-88.1797970228809 40.1246376280628),POINT,-88.1797970228809,40.1246376280628,-0.0032255594288113122,-0.0068828057796043556
Fatal,overturned,Rain,Daylight,Wet,Lane Use Marking,unincorporated,2004,1,0,3268,POINT (-88.1000131060092 40.3123708473885),POINT,-88.1000131060092,40.3123708473885,-0.004132853418540745,-0.0021753375801890434
Fatal,angle,Clear,Daylight,Dry,Lane Use Marking,unincorporated,2004,1,1,3269,POINT (-88.3149345750782 40.1605537267694),POINT,-88.3149345750782,40.1605537267694,-0.0016887899431452804,-0.005982198560937024
Fatal,head on,Clear,Darkness,Dry,Lane Use Marking,champaign,2004,1,1,3270,POINT (-88.2848851560778 40.1172021002355),POINT,-88.2848851560778,40.1172021002355,-0.002030508654420859,-0.00706925392617422
Fatal,head on,Clear,Darkness,Dry,Lane Use Marking,unincorporated,2004,1,5,3271,POINT (-88.3031137085639 39.9386227979012),POINT,-88.3031137085639,39.9386227979012,-0.0018232155462284594,-0.01154718484235385
Fatal,fixed object,Clear,Darkness,Dry,Lane Use Marking,unincorporated,2004,1,0,3272,POINT (-88.2049754379672 40.2214093324064),POINT,-88.2049754379672,40.221409332406395,-0.0029392332421006658,-0.004456225537509014
Fatal,fixed object,Clear,Darkness,Dry,Unknown,unincorporated,2004,1,0,3273,POINT (-88.0723077621375 40.1205834425797),POINT,-88.0723077621375,40.1205834425797,-0.004447915563441493,-0.006984465727187258
Fatal,fixed object,Clear,Daylight,Dry,Lane Use Marking,st. joseph,2004,2,1,3274,POINT (-88.0168214512372 40.1201574889548),POINT,-88.0168214512372,40.120157488954796,-0.005078899831524574,-0.006995146645305367
Fatal,fixed object,Clear,Daylight,Dry,Lane Use Marking,unincorporated,2004,1,0,3275,POINT (-87.9989302817855 40.1200125566093),POINT,-87.9989302817855,40.120012556609296,-0.005282356256694346,-0.006998780868433029
Fatal,fixed object,Clear,Darkness,Dry,Lane Use Marking,unincorporated,2005,3,4,3276,POINT (-88.3033901037129 39.9644605361929),POINT,-88.3033901037129,39.964460536192895,-0.0018200724107782125,-0.010899295610017526
Fatal,angle,Clear,Daylight,Dry,Stop Sign/Flasher,unincorporated,2005,1,1,3277,POINT (-88.1049317143974 40.186112330209),POINT,-88.1049317143974,40.186112330209,-0.004076919541095018,-0.005341308720846226
Fatal,fixed object,Clear,Daylight,Dry,Lane Use Marking,unincorporated,2005,1,0,3278,POINT (-88.3740058144752 40.1901575556219),POINT,-88.3740058144752,40.1901575556219,-0.0010170382596957372,-0.005239873449778582
Fatal,fixed object,Clear,Darkness,Dry,No Controls,unincorporated,2005,1,0,3279,POINT (-88.1117172005801 40.3122355782706),POINT,-88.1117172005801,40.3122355782706,-0.003999755733245597,-0.002178729494913325
Fatal,pedestrian,Clear,Daylight,Dry,Lane Use Marking,champaign,2005,1,0,3280,POINT (-88.2469286585144 40.1347510603195),POINT,-88.2469286585144,40.1347510603195,-0.002462145799609273,-0.006629208356056374
Fatal,turning,Clear,Daylight,Dry,Traffic Signal,urbana,2005,1,3,3281,POINT (-88.2193906464908 40.1201060447035),POINT,-88.2193906464908,40.1201060447035,-0.0027753050650072986,-0.00699643662572491
Fatal,head on,Clear,Daylight,Dry,Lane Use Marking,unincorporated,2005,2,0,3282,POINT (-88.3036927269259 39.9949296145751),POINT,-88.3036927269259,39.9949296145751,-0.0018166310126484198,-0.010135274100852035
Fatal,angle,Clear,Daylight,Dry,Stop Sign/Flasher,unincorporated,2005,1,1,3283,POINT (-88.1605867862211 39.90906420339),POINT,-88.1605867862211,39.90906420339,-0.003444016142220676,-0.012288375688495385
Fatal,head on,Clear,Daylight,Dry,No Controls,unincorporated,2005,1,1,3284,POINT (-88.4486810680535 40.2004298926502),POINT,-88.4486810680535,40.200429892650206,-0.00016783943103874723,-0.004982291440222112
Fatal,turning,Clear,Daylight,Dry,No Controls,rantoul,2005,1,0,3285,POINT (-88.1466543327464 40.3083757380804),POINT,-88.1466543327464,40.3083757380804,-0.0036024544816182676,-0.0022755161745189106
Fatal,angle,Rain,Daylight,Wet,Stop Sign/Flasher,unincorporated,2005,1,1,3286,POINT (-88.4264722509124 40.098611864833),POINT,-88.4264722509124,40.098611864833,-0.00042039567421651893,-0.007535409795078174
Fatal,pedestrian,Clear,Daylight,Dry,Stop Sign/Flasher,champaign,2005,1,0,3288,POINT (-88.2303310649335 40.106869885038),POINT,-88.2303310649335,40.106869885038,-0.002650891821243534,-0.007328337399234822
Fatal,angle,Clear,Dusk,Dry,Stop Sign/Flasher,champaign,2005,1,0,3289,POINT (-88.2625181932978 40.1127038052891),POINT,-88.2625181932978,40.1127038052891,-0.002284863312533713,-0.007182050055105656
Fatal,pedestrian,Clear,Daylight,Dry,No Controls,champaign,2005,1,0,3290,POINT (-88.2734324870798 40.1050861082534),POINT,-88.2734324870798,40.105086108253396,-0.0021607471555583567,-0.00737306615059033
Fatal,pedestrian,Clear,Daylight,Dry,Stop Sign/Flasher,mahomet,2006,1,0,3291,POINT (-88.4103563600608 40.2002228372178),POINT,-88.4103563600608,40.2002228372178,-0.0006036638250181343,-0.004987483418855747
Fatal,fixed object,Clear,Daylight,Dry,No Controls,unincorporated,2006,1,0,3292,POINT (-88.4330801339645 40.3579131700999),POINT,-88.4330801339645,40.3579131700999,-0.00034525154977294145,-0.0010333498346986139
Fatal,angle,Clear,Daylight,Dry,Stop Sign/Flasher,unincorporated,2006,1,1,3293,POINT (-88.2395977903905 40.1709884844247),POINT,-88.2395977903905,40.170988484424704,-0.002545511631334609,-0.005720543804216917
Fatal,fixed object,Clear,Daylight,Other,No Controls,unincorporated,2006,1,0,3294,POINT (-88.1247561640692 40.1344968877369),POINT,-88.1247561640692,40.134496887736894,-0.0038514780643893486,-0.006635581811719079
Fatal,fixed object,Clear,Darkness,Dry,No Controls,unincorporated,2006,1,1,3295,POINT (-88.3201953376226 39.9672879198335),POINT,-88.3201953376226,39.967287919833495,-0.0016289651260007556,-0.010828398095856322
Fatal,angle,Rain,Daylight,Wet,Stop Sign/Flasher,unincorporated,2006,1,1,3296,POINT (-88.3693302420828 40.0842094755105),POINT,-88.3693302420828,40.084209475510505,-0.0010702083583384446,-0.007896554135833522
Fatal,train,Clear,Darkness,Dry,RR crossing gate,unincorporated,2006,1,0,3297,POINT (-88.2103318393149 40.1892473021539),POINT,-88.2103318393149,40.189247302153895,-0.002878320830929388,-0.005262698335376561
Fatal,overturned,Clear,Darkness,Dry,Lane Use Marking,unincorporated,2006,1,0,3298,POINT (-88.3040288996513 40.020476889299),POINT,-88.3040288996513,40.020476889299005,-0.0018128080931275028,-0.009494668331790643
Fatal,angle,Clear,Daylight,Dry,Stop Sign/Flasher,unincorporated,2006,1,4,3300,POINT (-88.1612416876183 39.9818818221079),POINT,-88.1612416876183,39.981881822107894,-0.003436568675051342,-0.01046245150894504
Fatal,angle,Rain,"Darkness, lighted road",Wet,Stop Sign/Flasher,champaign,2006,1,0,3301,POINT (-88.2392964941077 40.1566995768344),POINT,-88.2392964941077,40.1566995768344,-0.0025489379397590425,-0.006078842555643802
Fatal,sideswipe same direction,Clear,"Darkness, lighted road",Dry,Lane Use Marking,champaign,2006,1,0,3302,POINT (-88.2835379793163 40.1457696666581),POINT,-88.2835379793163,40.145769666658104,-0.0020458286014319394,-0.006352913414078857
Fatal,fixed object,Clear,"Darkness, lighted road",Dry,Traffic Signal,champaign,2006,1,0,3303,POINT (-88.2304267377958 40.1097673365476),POINT,-88.2304267377958,40.109767336547606,-0.002649803839901562,-0.007255682911713653
Fatal,overturned,Clear,"Darkness, lighted road",Dry,No Controls,champaign,2006,1,0,3304,POINT (-88.2289346313351 40.1118152992648),POINT,-88.2289346313351,40.1118152992648,-0.002666771911624696,-0.007204329616865791
Fatal,pedestrian,Clear,Darkness,Dry,No Controls,urbana,2006,1,0,3305,POINT (-88.1844244035989 40.1420286026266),POINT,-88.1844244035989,40.1420286026266,-0.0031729373606271347,-0.006446721744983347
Fatal,angle,Clear,"Darkness, lighted road",Dry,No Controls,champaign,2006,1,0,3306,POINT (-88.2411305659329 40.112622463461),POINT,-88.2411305659329,40.112622463461,-0.0025280810752557315,-0.00718408972645651
Fatal,overturned,Snow,Darkness,Snow or slush,Lane Use Marking,unincorporated,2007,1,3,3307,POINT (-88.3036496757465 40.0349678998424),POINT,-88.3036496757465,40.0349678998424,-0.001817120585959122,-0.009131301786671766
Fatal,fixed object,Unknown,Unknown,Unknown,No Controls,unincorporated,2007,1,0,3308,POINT (-88.2978825961346 40.3549873687738),POINT,-88.2978825961346,40.3549873687738,-0.0018827031855021073,-0.0011067152025855177
Fatal,fixed object,Clear,Darkness,Dry,Lane Use Marking,unincorporated,2007,1,0,3309,POINT (-88.059829757714 40.1204041527727),POINT,-88.059829757714,40.1204041527727,-0.004589814067064263,-0.006988961474226418
Fatal,turning,Clear,Daylight,Dry,Stop Sign/Flasher,unincorporated,2007,2,0,3310,POINT (-88.3147901420116 40.1421110774116),POINT,-88.3147901420116,40.142111077411606,-0.001690432420205542,-0.006444653664389775
Fatal,rear end,Fog/Smoke/Haze,Daylight,Wet,No Passing,unincorporated,2007,1,3,3311,POINT (-88.303916038159 40.0253803338546),POINT,-88.303916038159,40.025380333854606,-0.0018140915416926839,-0.009371712951831784
Fatal,head on,Clear,Daylight,Dry,Lane Use Marking,unincorporated,2007,1,1,3312,POINT (-88.3863503006412 40.2791850903958),POINT,-88.3863503006412,40.2791850903958,-0.0008766581111161623,-0.003007480640845958
Fatal,head on,Clear,Daylight,Dry,Lane Use Marking,unincorporated,2007,1,0,3313,POINT (-88.1032114550165 40.1205980446527),POINT,-88.1032114550165,40.1205980446527,-0.004096482142910694,-0.006984099575716855
Fatal,head on,Clear,Daylight,Dry,Other Warning Sign,unincorporated,2007,1,1,3314,POINT (-87.9939493791767 40.1918955186906),POINT,-87.9939493791767,40.1918955186906,-0.00533899853721393,-0.005196293491436398
Fatal,overturned,Clear,Daylight,Dry,Lane Use Marking,champaign,2007,1,0,3315,POINT (-88.2856511740134 40.1475647476702),POINT,-88.2856511740134,40.1475647476702,-0.0020217975821116003,-0.00630790120574313
Fatal,other non collision,Clear,Darkness,Dry,No Controls,champaign,2007,1,0,3316,POINT (-88.281414045586 40.0837723011882),POINT,-88.281414045586,40.083772301188205,-0.0020699817438652223,-0.007907516416388993
Fatal,unknown,Clear,Daylight,Dry,Other Warning Sign,champaign,2007,1,0,3317,POINT (-88.2681800363888 40.1273093621829),POINT,-88.2681800363888,40.1273093621829,-0.002220477451213815,-0.006815811225029334
Fatal,unknown,Clear,Daylight,Dry,Stop Sign/Flasher,champaign,2007,1,0,3318,POINT (-88.2468881776619 40.1254795260126),POINT,-88.2468881776619,40.125479526012604,-0.0024626061434431783,-0.006861694929643474
Fatal,unknown,Clear,Darkness,Dry,Lane Use Marking,ludlow,2007,1,0,3319,POINT (-88.1211252917639 40.3968600166722),POINT,-88.1211252917639,40.3968600166722,-0.0038927679477296917,-5.674568139458278e-05
Fatal,fixed object,Clear,Daylight,Dry,Lane Use Marking,rantoul,2007,1,2,3320,POINT (-88.1842591240664 40.3089050936983),POINT,-88.1842591240664,40.3089050936983,-0.0031748169014210502,-0.002262242419632079
Fatal,other object,Clear,"Darkness, lighted road",Dry,Other Warning Sign,savoy,2007,1,0,3321,POINT (-88.2472491452741 40.081239224819),POINT,-88.2472491452741,40.081239224819,-0.002458501259177362,-0.007971034085225377
Fatal,rear end,Snow,Daylight,Snow or slush,Lane Use Marking,urbana,2007,1,1,3323,POINT (-88.2315429582885 40.1348546354578),POINT,-88.2315429582885,40.1348546354578,-0.0026371103023572436,-0.006626611177615951
Fatal,unknown,Clear,"Darkness, lighted road",Dry,No Controls,urbana,2007,1,0,3324,POINT (-88.2119563271168 40.0982689784893),POINT,-88.2119563271168,40.0982689784893,-0.0028598473330511817,-0.007544007775578321
Fatal,angle,Clear,"Darkness, lighted road",Dry,Stop Sign/Flasher,champaign,2008,1,1,3325,POINT (-88.2578012013808 40.1116991143312),POINT,-88.2578012013808,40.1116991143312,-0.0023385044294867968,-0.007207242989800628
Fatal,fixed object,Clear,Daylight,Ice,No Controls,unincorporated,2008,1,1,3326,POINT (-87.9946018834075 39.973815729636),POINT,-87.9946018834075,39.973815729636,-0.005331578330359086,-0.010664711257866204
Fatal,head on,Clear,Daylight,Dry,Lane Use Marking,unincorporated,2008,1,0,3327,POINT (-88.3941063609208 40.2626426760878),POINT,-88.3941063609208,40.2626426760878,-0.0007884570406299922,-0.003422286766134605
Fatal,head on,FOG/SMOKE/HAZE,Daylight,Wet,No Controls,unincorporated,2008,1,1,3328,POINT (-88.2803206764398 40.0250275728509),POINT,-88.2803206764398,40.0250275728509,-0.002082415418392658,-0.009380558542467766
Fatal,head on,Clear,Daylight,Dry,Lane Use Marking,ogden,2008,2,1,3329,POINT (-87.9633901331956 40.1118439683916),POINT,-87.9633901331956,40.1118439683916,-0.005686514945237564,-0.0072036107296960345
Fatal,fixed object,Clear,Darkness,Wet,No Controls,champaign,2008,1,2,3330,POINT (-88.2565935876816 40.1144001151359),POINT,-88.2565935876816,40.1144001151359,-0.0023522372805945607,-0.007139514564110262
Fatal,pedestrian,Clear,Darkness,Dry,No Controls,unincorporated,2008,1,0,3331,POINT (-88.1623897304649 40.0958474994821),POINT,-88.1623897304649,40.095847499482105,-0.003423513257173802,-0.007604727106248049
Fatal,overturned,Clear,Darkness,Dry,No Controls,unincorporated,2008,1,0,3332,POINT (-88.3323870940898 40.2818165027469),POINT,-88.3323870940898,40.2818165027469,-0.0014903218028768025,-0.0029414971670268628
Fatal,overturned,Clear,Darkness,Dry,No Controls,unincorporated,2008,1,1,3333,POINT (-88.0595188322755 40.297920237946),POINT,-88.0595188322755,40.297920237946,-0.004593349877195733,-0.002537691055280273
Fatal,fixed object,Clear,Darkness,Dry,No Controls,unincorporated,2008,1,0,3335,POINT (-88.2125620851726 40.2312840873341),POINT,-88.2125620851726,40.2312840873341,-0.0028529587185933047,-0.004208613021374846
Fatal,fixed object,Clear,Daylight,Dry,Lane Use Marking,unincorporated,2008,1,0,3336,POINT (-88.1378461863125 40.3817150938412),POINT,-88.1378461863125,40.3817150938412,-0.0037026197609561864,-0.0004365092781922036
Fatal,rear end,Rain,Darkness,Wet,Lane Use Marking,unincorporated,2008,2,1,3337,POINT (-88.0047775228234 39.9085297678984),POINT,-88.0047775228234,39.9085297678984,-0.005215862070169068,-0.012301776822777274
Fatal,rear end,Clear,Daylight,Dry,Lane Use Marking,unincorporated,2008,1,2,3338,POINT (-88.0590850001116 40.1203998790288),POINT,-88.0590850001116,40.120399879028795,-0.004598283369186317,-0.006989068639668929
Fatal,turning,Clear,Daylight,Dry,No Controls,savoy,2008,1,1,3339,POINT (-88.2520190247593 40.0506601963738),POINT,-88.2520190247593,40.0506601963738,-0.002404258710574196,-0.008737812626028373
Fatal,head on,Snow,Daylight,Ice,No Controls,champaign,2008,1,0,3340,POINT (-88.2632876394472 40.1344854493959),POINT,-88.2632876394472,40.134485449395896,-0.0022761132549513237,-0.0066358686316367
Fatal,other non collision,Clear,Darkness,Dry,No Controls,urbana,2008,1,0,3341,POINT (-88.1974197427429 40.1301606126992),POINT,-88.1974197427429,40.13016061269921,-0.0030251557830592527,-0.0067443152416210945
Fatal,fixed object,Clear,Darkness,Dry,Stop Sign/Flasher,unincorporated,2008,2,0,3342,POINT (-88.365320470954 40.2076887621417),POINT,-88.365320470954,40.20768876214171,-0.0011158070377213377,-0.004800273055741822
Fatal,rear end,Clear,Darkness,Dry,Lane Use Marking,unincorporated,2008,1,1,3343,POINT (-88.2950344328591 40.1361949186743),POINT,-88.2950344328591,40.1361949186743,-0.0019150921872326965,-0.0065930031638475545
Fatal,head on,Clear,Daylight,Wet,Lane Use Marking,urbana,2008,1,3,3344,POINT (-88.2235899082029 40.1349357289984),POINT,-88.2235899082029,40.1349357289984,-0.002727551519404642,-0.006624577732150478
Fatal,pedestrian,Clear,Daylight,Dry,Traffic Signal,urbana,2009,1,0,3345,POINT (-88.2144300051288 40.116460255706),POINT,-88.2144300051288,40.116460255706,-0.0028317169368407406,-0.007087855905856216
Fatal,fixed object,Clear,Darkness,Dry,No Controls,unincorporated,2009,1,0,3346,POINT (-88.1406862556229 40.0257685422685),POINT,-88.1406862556229,40.0257685422685,-0.003670322802912879,-0.009361978506485773
Fatal,head on,Rain,Dawn,Wet,No Controls,unincorporated,2009,2,0,3347,POINT (-88.3001765936056 40.1130918975086),POINT,-88.3001765936056,40.1130918975086,-0.001856616096781713,-0.0071723185233697724
Fatal,angle,Clear,Daylight,Dry,Stop Sign/Flasher,unincorporated,2009,1,2,3348,POINT (-88.2395509403479 40.1708902804434),POINT,-88.2395509403479,40.170890280443395,-0.002546044404902811,-0.005723006299244335
Fatal,turning,Clear,Darkness,Dry,Lane Use Marking,unincorporated,2009,1,3,3349,POINT (-88.4602602405763 40.3110003518605),POINT,-88.4602602405763,40.3110003518605,-3.616234563228827e-05,-0.0022097031769580965
Fatal,pedestrian,Clear,Darkness,Dry,No Controls,unincorporated,2009,1,0,3350,POINT (-88.365320145246 40.1980559161844),POINT,-88.365320145246,40.198055916184394,-0.0011158107416371558,-0.0050418196300603775
Fatal,fixed object,Clear,Daylight,Dry,Lane Use Marking,unincorporated,2009,1,1,3352,POINT (-88.1609781978669 39.9323732829678),POINT,-88.1609781978669,39.932373282967795,-0.0034395650517294735,-0.011703893350930325
Fatal,pedestrian,Clear,"Darkness, lighted road",Dry,Lane Use Marking,urbana,2009,1,0,3353,POINT (-88.2238760648363 40.1350574396831),POINT,-88.2238760648363,40.1350574396831,-0.002724297377419743,-0.006621525799307571
Fatal,rear end,Clear,"Darkness, lighted road",Dry,Lane Use Marking,urbana,2009,1,4,3354,POINT (-88.2284440549206 40.1350141549273),POINT,-88.2284440549206,40.1350141549273,-0.002672350693036087,-0.006622611177868707
Fatal,rear end,Clear,Dusk,Dry,Lane Use Marking,unincorporated,2009,1,0,3355,POINT (-88.1348851840242 40.120571300834),POINT,-88.1348851840242,40.120571300834,-0.0037362919556175674,-0.0069847701851940575
Fatal,train,Clear,"Darkness, lighted road",Dry,RR Crossing Gate,champaign,2010,1,0,3356,POINT (-88.2363035683518 40.1272713448812),POINT,-88.2363035683518,40.1272713448812,-0.002582973164607746,-0.006816764520559092
Fatal,overturned,Other,Darkness,Wet,No Controls,unincorporated,2010,1,0,3357,POINT (-88.4581945387514 40.0254977663486),POINT,-88.4581945387514,40.0254977663486,-5.965328119668597e-05,-0.00936876829593636
Fatal,overturned,Other,Dawn,Ice,No Controls,unincorporated,2010,1,0,3358,POINT (-87.9877045997276 40.3179159050398),POINT,-87.9877045997276,40.3179159050398,-0.005410013487137444,-0.0020362935545703417
Fatal,pedestrian,Fog/Smoke/Haze,"Darkness, lighted road",Wet,Other,champaign,2010,1,0,3359,POINT (-88.250842915163 40.0981083157634),POINT,-88.250842915163,40.0981083157634,-0.002417633300464323,-0.007548036442831455
Fatal,fixed object,Sleet/Hail,Daylight,Ice,No Controls,unincorporated,2010,1,0,3360,POINT (-88.2579894478663 39.9371285693795),POINT,-88.2579894478663,39.9371285693795,-0.002336363711011542,-0.011584653081985752
Fatal,head on,Snow,Darkness,Snow or Slush,Lane Use Marking,unincorporated,2010,1,1,3361,POINT (-88.3365651548348 40.1776660979444),POINT,-88.3365651548348,40.177666097944396,-0.0014428093523566911,-0.005553100591956233
Fatal,overturned,Clear,Daylight,Dry,Police/Flagman,unincorporated,2010,1,0,3362,POINT (-88.3192645130075 40.1132734184281),POINT,-88.3192645130075,40.1132734184281,-0.0016395503618713801,-0.007167766830498732
Fatal,angle,Clear,Darkness,Dry,Stop Sign/Flasher,champaign,2010,1,1,3363,POINT (-88.2500451592103 40.1126086503671),POINT,-88.2500451592103,40.1126086503671,-0.0024267052940381987,-0.007184436094033365
Fatal,overturned,Clear,Daylight,Dry,Other Regualtory Sig,unincorporated,2010,1,0,3364,POINT (-88.1650118180389 40.3417731675872),POINT,-88.1650118180389,40.341773167587206,-0.0033936951636315943,-0.0014380653604850562
Fatal,pedestrian,Clear,Dusk,Dry,No Controls,urbana,2010,1,0,3365,POINT (-88.2094619046982 40.1124233766336),POINT,-88.2094619046982,40.1124233766336,-0.0028882136323878644,-0.00718908188986945
Fatal,angle,Clear,Daylight,Dry,No Controls,unincorporated,2010,1,4,3366,POINT (-88.0783688932518 40.2542001362803),POINT,-88.0783688932518,40.254200136280296,-0.004378989042325509,-0.0036339860477474814
Fatal,turning,Clear,Daylight,Dry,Stop Sign/Flasher,unincorporated,2010,1,2,3367,POINT (-88.2366706124252 39.9082888697601),POINT,-88.2366706124252,39.908288869760106,-0.002578799179488703,-0.012307817417667146
Fatal,fixed object,Fog/Smoke/Haze,Dawn,Dry,Lane Use Marking,unincorporated,2010,1,0,3368,POINT (-88.0068507773878 40.3129055262568),POINT,-88.0068507773878,40.31290552625679,-0.005192285245676002,-0.002161930343161832
Fatal,pedestrian,Clear,"Darkness, lighted road",Dry,Lane Use Marking,champaign,2010,1,0,3369,POINT (-88.2724932444136 40.112801800305),POINT,-88.2724932444136,40.112801800305,-0.002171428120586891,-0.007179592799950155
Fatal,rear end,Clear,Daylight,Dry,Lane Use Marking,unincorporated,2010,1,1,3371,POINT (-87.9680939843835 40.1197601812043),POINT,-87.9680939843835,40.11976018120429,-0.005633023263220694,-0.007005109259314733
Fatal,sideswipe opposite direction,Clear,Darkness,Dry,Lane Use Marking,unincorporated,2010,1,0,3372,POINT (-88.3037737546197 40.0147122281601),POINT,-88.3037737546197,40.0147122281601,-0.001815709574563342,-0.00963921898238551
Fatal,fixed object,Clear,Darkness,Dry,No Controls,unincorporated,2010,1,1,3373,POINT (-88.1954654180506 39.9232503673594),POINT,-88.1954654180506,39.9232503673594,-0.003047380150034715,-0.01193265326495469