crash_severity,collision_type,weather,light,road_surface,traffic_control,city,year,fatality,injury,id,Geometry,point,x,y,norm_x,norm_y
Fatal,overturned,Clear,Daylight,Ice,Other Regualtory Sig,unincorporated,2010,1,0,3374,POINT (-88.2527281724005 40.2241233988679),POINT,-88.2527281724005,40.224123398867896,-0.0023961943610422485,-0.004388169486456872
Fatal,fixed object,Clear,Daylight,Dry,No Controls,urbana,2011,1,0,3375,POINT (-88.1965598431168 40.1323992210714),POINT,-88.1965598431168,40.1323992210714,-0.0030349344677004096,-0.00668818144835368
Fatal,fixed object,Clear,Darkness,Dry,Other Warning Sign,unincorporated,2011,1,0,3376,POINT (-88.0144146875112 40.0475321499989),POINT,-88.0144146875112,40.0475321499989,-0.005106269285782006,-0.008816249350700831
Fatal,head on,Clear,Daylight,Dry,Lane Use Marking,champaign,2011,1,2,3378,POINT (-88.2802961093111 40.1429496663309),POINT,-88.2802961093111,40.1429496663309,-0.0020826947930973933,-0.0064236257893864265
Fatal,overturned,Clear,Daylight,Dry,No Controls,champaign,2011,1,0,3379,POINT (-88.236922479676 40.1163480594709),POINT,-88.236922479676,40.116348059470894,-0.002575934972618233,-0.00709066926095001
Fatal,fixed object,Fog/Smoke/Haze,Dawn,Dry,No Controls,unincorporated,2011,1,0,3380,POINT (-88.1616244354724 40.0255392286266),POINT,-88.1616244354724,40.0255392286266,-0.0034322161082530876,-0.009367728616566592
Fatal,fixed object,Clear,Daylight,Dry,No Controls,unincorporated,2011,1,0,3382,POINT (-88.1808292640534 40.0546983648022),POINT,-88.1808292640534,40.054698364802206,-0.003213820894925309,-0.008636554311016812
Fatal,fixed object,Rain,Darkness,Wet,No Controls,unincorporated,2011,1,0,3383,POINT (-88.2940768815929 39.9870067779609),POINT,-88.2940768815929,39.98700677796089,-0.0019259813556609048,-0.01033394166509293
Fatal,pedestrian,Clear,Darkness,Ice,No Controls,champaign,2011,1,0,3384,POINT (-88.2952108503235 40.0927475956363),POINT,-88.2952108503235,40.0927475956363,-0.0019130859870934763,-0.007682458148350235
Fatal,pedestrian,Rain,Darkness,Wet,Traffic Signal,urbana,2011,1,0,3385,POINT (-88.2128199747718 40.116488673335),POINT,-88.2128199747718,40.116488673335,-0.0028500260262344953,-0.007087143325071181
Fatal,pedestrian,Rain,"Darkness, lighted road",Wet,Traffic Signal,rantoul,2011,1,0,3386,POINT (-88.155799676328 40.3081906655675),POINT,-88.155799676328,40.3081906655675,-0.0034984546331407094,-0.002280156924686551
Fatal,head on,Clear,Dawn,Dry,Lane Use Marking,unincorporated,2012,1,1,3387,POINT (-88.441695917351 40.3109500013532),POINT,-88.441695917351,40.3109500013532,-0.0002472738020026109,-0.002210965731410615
Fatal,fixed object,Clear,Daylight,Dry,Lane Use Marking,mahomet,2012,1,0,3388,POINT (-88.3697148353953 40.1888810185311),POINT,-88.3697148353953,40.188881018531106,-0.0010658348051888083,-0.005271883009844078
Fatal,rear end,Clear,Daylight,Dry,Lane Use Marking,unincorporated,2012,1,1,3389,POINT (-88.1447284804362 40.3684452009439),POINT,-88.1447284804362,40.368445200943896,-0.003624355063773882,-0.0007692559228621468
Fatal,pedestrian,Clear,"Darkness, lighted road",Dry,Lane Use Marking,urbana,2012,1,0,3390,POINT (-88.2095405767871 40.1165100007473),POINT,-88.2095405767871,40.1165100007473,-0.002887318981984366,-0.007086608533649974
Fatal,parked motor vehicle,Clear,Daylight,Dry,Lane Use Marking,unincorporated,2012,1,1,3391,POINT (-88.2111697694023 40.1892485072642),POINT,-88.2111697694023,40.1892485072642,-0.0028687919814830297,-0.005262668116865026
Fatal,angle,Fog/Smoke/Haze,Daylight,Dry,Stop Sign/Flasher,unincorporated,2012,1,1,3392,POINT (-87.9585200007596 40.0762199988664),POINT,-87.9585200007596,40.0762199988664,-0.005741897559448791,-0.008096892719314843
Fatal,fixed object,Rain,Darkness,Wet,No Controls,unincorporated,2012,1,0,3393,POINT (-88.1079116751127 40.0257590678918),POINT,-88.1079116751127,40.0257590678918,-0.00404303175327211,-0.009362216079394829
Fatal,fixed object,Clear,Darkness,Dry,No Controls,unincorporated,2012,1,2,3394,POINT (-88.3727760033504 40.2069547486483),POINT,-88.3727760033504,40.20695474864829,-0.0010310235375034062,-0.0048186786697860425
Fatal,fixed object,Clear,Darkness,Dry,No Controls,unincorporated,2012,1,0,3395,POINT (-87.9769630967462 40.0424647464524),POINT,-87.9769630967462,40.042464746452396,-0.005532164685998232,-0.008943316052771237
Fatal,fixed object,Clear,Darkness,Dry,Lane Use Marking,champaign,2012,1,0,3396,POINT (-88.3041080279814 40.1278615334893),POINT,-88.3041080279814,40.1278615334893,-0.0018119082543989488,-0.00680196535973785
Fatal,overturned,Clear,Darkness,Dry,Other Warning Sign,unincorporated,2012,1,0,3397,POINT (-88.0618105912465 40.0537120652275),POINT,-88.0618105912465,40.0537120652275,-0.004567288244452905,-0.008661286076123171
Fatal,angle,Clear,Daylight,Dry,Stop Sign/Flasher,unincorporated,2013,1,2,3399,POINT (-88.4260800010065 40.0551199992842),POINT,-88.4260800010065,40.05511999928421,-0.00042485629731011076,-0.008625981696735058
Fatal,overturned,Clear,Darkness,Dry,Lane Use Marking,unincorporated,2013,1,0,3400,POINT (-88.3220648804484 40.1728676865887),POINT,-88.3220648804484,40.1728676865887,-0.0016077048891522826,-0.005673422232131444
Fatal,overturned,Clear,Daylight,Dry,Lane Use Marking,unincorporated,2013,1,3,3401,POINT (-88.3040094893782 40.0077967808366),POINT,-88.3040094893782,40.0077967808366,-0.0018130288246334338,-0.009812625950406606
Fatal,fixed object,Snow,Daylight,Wet,Lane Use Marking,champaign,2013,1,1,3402,POINT (-88.286181365479 40.1451859091487),POINT,-88.286181365479,40.1451859091487,-0.0020157683026652373,-0.006367551313122813
Fatal,fixed object,Clear,Darkness,Dry,Lane Use Marking,unincorporated,2013,1,0,3403,POINT (-88.354803929699 40.1203830456773),POINT,-88.354803929699,40.12038304567729,-0.0012353999963967944,-0.006989490741133817
Fatal,turning,Clear,Daylight,Dry,Traffic Signal,champaign,2013,1,3,3404,POINT (-88.3142900016643 40.0986899998656),POINT,-88.3142900016643,40.098689999865606,-0.0016961199616163643,-0.007533450535110457
Fatal,head on,Snow,Daylight,Snow or Slush,Lane Use Marking,unincorporated,2013,2,1,3405,POINT (-88.2894898096776 40.2718119716865),POINT,-88.2894898096776,40.2718119716865,-0.0019781450365428167,-0.003192363859592176
Fatal,fixed object,Clear,Darkness,Dry,Lane Use Marking,unincorporated,2013,1,0,3406,POINT (-88.3938643482837 40.2316256391515),POINT,-88.3938643482837,40.2316256391515,-0.0007912091819097241,-0.004200048504532086
Fatal,angle,Clear,Daylight,Dry,No Controls,unincorporated,2013,1,0,3407,POINT (-88.1038397470052 39.909129998654),POINT,-88.1038397470052,39.909129998653995,-0.004089337275028986,-0.012286725852019826
Fatal,head on,Clear,Daylight,Dry,Lane Use Marking,unincorporated,2013,1,1,3408,POINT (-88.3147871037776 40.138477811644),POINT,-88.3147871037776,40.138477811644,-0.0016904669706707788,-0.006535758920680872
Fatal,head on,Clear,Daylight,Dry,Lane Use Marking,unincorporated,2013,1,1,3409,POINT (-88.0125365425146 40.1120340666654),POINT,-88.0125365425146,40.112034066665395,-0.0051276273455775,-0.0071988439570285145
Fatal,fixed object,Rain,Daylight,Wet,Lane Use Marking,unincorporated,2013,1,0,3410,POINT (-87.9956003051022 40.1865298609756),POINT,-87.9956003051022,40.1865298609756,-0.0053202243878812255,-0.005330839008490071
Fatal,rear end,Clear,Daylight,Dry,Lane Use Marking,urbana,2013,1,0,3411,POINT (-88.1767239364817 40.1225713424345),POINT,-88.1767239364817,40.122571342434505,-0.0032605062317416283,-0.006934618527082115
Fatal,angle,Rain,Darkness,Wet,Stop Sign/Flasher,champaign,2013,1,0,3412,POINT (-88.2619706635368 40.1490691146614),POINT,-88.2619706635368,40.1490691146614,-0.00229108976118183,-0.006270178740871141
Fatal,overturned,Other,Darkness,Wet,No Controls,unincorporated,2013,1,0,3413,POINT (-88.1421600279834 39.9675099992169),POINT,-88.1421600279834,39.9675099992169,-0.003653563224575062,-0.010822829387031734
Fatal,fixed object,Clear,Darkness,Dry,No Controls,unincorporated,2013,1,0,3414,POINT (-88.0448004531128 40.3564714993045),POINT,-88.0448004531128,40.3564714993045,-0.004760725677688852,-0.0010695001731829445
Fatal,fixed object,Clear,Daylight,Dry,Lane Use Marking,urbana,2013,1,1,3415,POINT (-88.2192403247767 40.1059958491258),POINT,-88.2192403247767,40.1059958491258,-0.002777014507123773,-0.007350254118484763
Fatal,fixed object,Clear,Darkness,Dry,Lane Use Marking,unincorporated,2014,1,3,3416,POINT (-88.1970954047634 40.2384017603125),POINT,-88.1970954047634,40.2384017603125,-0.0030288441191421707,-0.004030135182876242
Fatal,fixed object,Clear,Darkness,Dry,No Controls,unincorporated,2014,1,0,3417,POINT (-88.3336318781399 40.1423374816484),POINT,-88.3336318781399,40.1423374816484,-0.0014761662545977694,-0.006438976508536721
Fatal,fixed object,Clear,Daylight,Dry,No Controls,unincorporated,2014,1,0,3418,POINT (-88.4457104253659 40.1238701049048),POINT,-88.4457104253659,40.123870104904796,-0.0002016212552681539,-0.006902051658791828
Fatal,angle,Clear,Dusk,Dry,Lane Use Marking,mahomet,2014,1,0,3419,POINT (-88.3950908196769 40.2035400616358),POINT,-88.3950908196769,40.20354006163579,-0.0007772618831651567,-0.004904302996583628
Fatal,fixed object,Rain,Daylight,Snow or Slush,Other,champaign,2014,1,1,3420,POINT (-88.2812687737281 40.1464295749911),POINT,-88.2812687737281,40.1464295749911,-0.0020716337595686417,-0.006336366009718143
Fatal,train,Fog/Smoke/Haze,Darkness,Dry,Other RR Crossing,unincorporated,2014,1,0,3421,POINT (-88.2976809487692 40.1421300009174),POINT,-88.2976809487692,40.1421300009174,-0.0018849962973202104,-0.006444179151663386
Fatal,angle,Clear,Daylight,Dry,Traffic Signal,champaign,2014,1,1,3422,POINT (-88.2579800010524 40.132169999523),POINT,-88.2579800010524,40.132169999523,-0.0023364711391474567,-0.006693929249161647
Fatal,turning,Snow,Daylight,Snow or Slush,Stop Sign/Flasher,champaign,2014,1,1,3423,POINT (-88.2485154920484 40.1491578518924),POINT,-88.2485154920484,40.1491578518924,-0.0024441005019535202,-0.0062679536275187
Fatal,turning,Clear,"Darkness, lighted road",Dry,Traffic Signal,urbana,2014,1,1,3424,POINT (-88.2193800014906 40.1164299993356),POINT,-88.2193800014906,40.1164299993356,-0.0027754261187869314,-0.007088614593647352
Fatal,turning,Clear,Daylight,Dry,Traffic Signal,urbana,2014,1,2,3425,POINT (-88.2128186771125 40.1164907568937),POINT,-88.2128186771125,40.116490756893704,-0.0028500407830744532,-0.00708709107919599
Fatal,turning,Clear,"Darkness, lighted road",Dry,Traffic Signal,rantoul,2014,1,0,3426,POINT (-88.19384000072 40.3098600020349),POINT,-88.19384000072,40.309860002034895,-0.0030658642184119007,-0.0022382977994736156
Fatal,angle,Clear,Darkness,Dry,No Controls,unincorporated,2014,1,1,3427,POINT (-88.2513209035743 40.2675599934557),POINT,-88.2513209035743,40.2675599934557,-0.0024121976684506464,-0.0032989835211417588
Fatal,fixed object,Snow,Daylight,Snow or Slush,Lane Use Marking,unincorporated,2014,1,2,3428,POINT (-88.0810055449431 40.120578524359),POINT,-88.0810055449431,40.120578524359004,-0.0043490053272320995,-0.006984589053083493
Fatal,head on,Clear,Daylight,Dry,Lane Use Marking,unincorporated,2014,3,2,3429,POINT (-87.9585200007596 40.0762199988664),POINT,-87.9585200007596,40.0762199988664,-0.005741897559448791,-0.008096892719314843
Fatal,rear end,Clear,Darkness,Dry,Lane Use Marking,st joseph,2014,1,2,3430,POINT (-88.0438866499282 40.1202721146151),POINT,-88.0438866499282,40.120272114615105,-0.0047711173477107465,-0.006992272371627639
Fatal,angle,Clear,Daylight,Dry,No Controls,unincorporated,2015,2,2,3431,POINT (-88.425579537217 39.9513397823882),POINT,-88.425579537217,39.9513397823882,-0.0004305475168702403,-0.011228302546082413
Fatal,angle,Clear,Daylight,Dry,Stop Sign/Flasher,unincorporated,2015,1,1,3432,POINT (-88.2378615812193 40.0104703700231),POINT,-88.2378615812193,40.0104703700231,-0.0025652556124238658,-0.00974558487947118
Fatal,fixed object,Rain,Darkness,Wet,Lane Use Marking,unincorporated,2015,1,8,3433,POINT (-88.3035969114629 39.9971274010249),POINT,-88.3035969114629,39.9971274010249,-0.0018177206156299503,-0.010080163929840786
Fatal,pedestrian,Clear,Daylight,Dry,Stop Sign/Flasher,urbana,2015,1,0,3434,POINT (-88.209629129054 40.1055793070674),POINT,-88.209629129054,40.1055793070674,-0.0028863119752758123,-0.007360699038678753
Fatal,fixed object,Severe Cross Wind,Daylight,Ice,No Controls,unincorporated,2015,1,0,3435,POINT (-88.2102605562277 40.06911674587),POINT,-88.2102605562277,40.06911674587,-0.0028791314544125398,-0.00827500897233104
Fatal,pedestrian,Clear,Darkness,Dry,Lane Use Marking,urbana,2015,1,0,3436,POINT (-88.1914035061912 40.140752684443),POINT,-88.1914035061912,40.140752684443,-0.003093571768112065,-0.0064787157857606505
Fatal,train,Clear,"Darkness, Lighted Road",Dry,RR Crossing Gate,champaign,2015,1,0,3437,POINT (-88.2360378449574 40.1272699157515),POINT,-88.2360378449574,40.1272699157515,-0.002585994942030169,-0.00681680035642584
Fatal,pedestrian,Clear,"Darkness, Lighted Road",Dry,Lane Use Marking,champaign,2015,1,0,3438,POINT (-88.2421672760822 40.1272092263622),POINT,-88.2421672760822,40.127209226362204,-0.0025162917206536287,-0.0068183221615233484
Fatal,turning,Clear,Daylight,Dry,Traffic Signal,champaign,2015,1,0,3439,POINT (-88.2436878297308 40.1370194801962),POINT,-88.2436878297308,40.1370194801962,-0.0024990001506163036,-0.006572327030146981
Fatal,fixed object,Clear,Daylight,Dry,No Controls,champaign,2015,1,2,3440,POINT (-88.2713010236913 40.1304408878225),POINT,-88.2713010236913,40.1304408878225,-0.002184985924442462,-0.006737287256724566
Fatal,sideswipe same direction,Clear,Daylight,Dry,Lane Use Marking,unincorporated,2015,1,3,3441,POINT (-88.1408637007907 40.3762433551037),POINT,-88.1408637007907,40.3762433551037,-0.003668304915842769,-0.0005737148095030586
Fatal,head on,Clear,Darkness,Dry,Lane Use Marking,unincorporated,2015,1,2,3442,POINT (-88.3848318601828 40.3294109118126),POINT,-88.3848318601828,40.3294109118126,-0.0008939256501852399,-0.0017480527252200443
Fatal,overturned,Clear,Daylight,Dry,Lane Use Marking,unincorporated,2015,1,3,3443,POINT (-88.1836368855511 40.2935542643362),POINT,-88.1836368855511,40.2935542643362,-0.003181892929864507,-0.00264716918600985
Fatal,fixed object,Clear,Darkness,Dry,Lane Use Marking,unincorporated,2015,1,1,3444,POINT (-87.9489211616135 40.2914549890836),POINT,-87.9489211616135,40.2914549890836,-0.005851054509961103,-0.0026998091584609085
Fatal,pedestrian,Fog/Smoke/Haze,"Darkness, lighted road",Wet,Other,champaign,2010,1,0,3449,POINT (-88.250842915163 40.0981083157634),POINT,-88.250842915163,40.0981083157634,-0.002417633300464323,-0.007548036442831455
Fatal,pedestrian,Clear,Dusk,Dry,No Controls,urbana,2010,1,0,3461,POINT (-88.2094619046982 40.1124233766336),POINT,-88.2094619046982,40.1124233766336,-0.0028882136323878644,-0.00718908188986945
Fatal,pedestrian,Clear,"Darkness, lighted road",Dry,Lane Use Marking,champaign,2010,1,0,3465,POINT (-88.2724932444136 40.112801800305),POINT,-88.2724932444136,40.112801800305,-0.002171428120586891,-0.007179592799950155
Fatal,pedestrian,Clear,Darkness,Ice,No Controls,champaign,2011,1,0,3521,POINT (-88.2952108503235 40.0927475956363),POINT,-88.2952108503235,40.0927475956363,-0.0019130859870934763,-0.007682458148350235
Fatal,pedestrian,Rain,Darkness,Wet,Traffic Signal,urbana,2011,1,0,3522,POINT (-88.2128199747718 40.116488673335),POINT,-88.2128199747718,40.116488673335,-0.0028500260262344953,-0.007087143325071181
Fatal,pedestrian,Rain,"Darkness, lighted road",Wet,Traffic Signal,rantoul,2011,1,0,3529,POINT (-88.155799676328 40.3081906655675),POINT,-88.155799676328,40.3081906655675,-0.0034984546331407094,-0.002280156924686551
Fatal,pedestrian,Clear,"Darkness, lighted road",Dry,Lane Use Marking,urbana,2012,1,0,3541,POINT (-88.2095405767871 40.1165100007473),POINT,-88.2095405767871,40.1165100007473,-0.002887318981984366,-0.007086608533649974
Fatal,pedestrian,Clear,Daylight,Dry,Lane Use Marking,champaign,2005,1,0,3675,POINT (-88.2469286585144 40.1347510603195),POINT,-88.2469286585144,40.1347510603195,-0.002462145799609273,-0.006629208356056374
Fatal,pedestrian,Clear,Daylight,Dry,Stop Sign/Flasher,champaign,2005,1,0,3685,POINT (-88.2303310649335 40.106869885038),POINT,-88.2303310649335,40.106869885038,-0.002650891821243534,-0.007328337399234822
Fatal,pedestrian,Clear,Daylight,Dry,No Controls,champaign,2005,1,0,3715,POINT (-88.2734324870798 40.1050861082534),POINT,-88.2734324870798,40.105086108253396,-0.0021607471555583567,-0.00737306615059033
Fatal,pedestrian,Clear,"Darkness, lighted road",Dry,Unknown,urbana,2007,1,0,3727,POINT (-88.2119563271168 40.0982689784893),POINT,-88.2119563271168,40.0982689784893,-0.0028598473330511817,-0.007544007775578321
Fatal,pedestrian,Clear,Daylight,Dry,Unknown,champaign,2007,1,0,3743,POINT (-88.2468881776609 40.1254795268361),POINT,-88.2468881776609,40.1254795268361,-0.0024626061434544905,-0.006861694908994016
Fatal,pedestrian,Clear,Darkness,Dry,No Controls,unincorporated,2008,1,0,3784,POINT (-88.1623897304649 40.0958474994821),POINT,-88.1623897304649,40.095847499482105,-0.003423513257173802,-0.007604727106248049
Fatal,pedestrian,Clear,Daylight,Dry,Traffic Signal,urbana,2009,1,0,3814,POINT (-88.2144300051288 40.116460255706),POINT,-88.2144300051288,40.116460255706,-0.0028317169368407406,-0.007087855905856216
Fatal,pedestrian,Clear,Darkness,Dry,No Controls,unincorporated,2009,1,0,3827,POINT (-88.365320145246 40.1980559161844),POINT,-88.365320145246,40.198055916184394,-0.0011158107416371558,-0.0050418196300603775
Fatal,pedestrian,Clear,"Darkness, lighted road",Dry,Lane Use Marking,urbana,2009,1,0,3845,POINT (-88.2238760648363 40.1350574396831),POINT,-88.2238760648363,40.1350574396831,-0.002724297377419743,-0.006621525799307571
Fatal,pedestrian,Clear,Daylight,Dry,Stop Sign/Flasher,mahomet,2006,1,0,3859,POINT (-88.4103563600608 40.2002228372178),POINT,-88.4103563600608,40.2002228372178,-0.0006036638250181343,-0.004987483418855747
Fatal,pedestrian,Clear,"Darkness, Lighted Road",Dry,Lane Use Marking,champaign,2015,1,0,3927,POINT (-88.2421672760822 40.1272092263622),POINT,-88.2421672760822,40.127209226362204,-0.0025162917206536287,-0.0068183221615233484
Fatal,turning,Clear,Daylight,Dry,No Controls,champaign,2008,1,0,3334,POINT (-88.273370468222 40.1487267701078),POINT,-88.273370468222,40.1487267701078,-0.002161452427236431,-0.00627876313581792
Fatal,pedestrian,Clear,Darkness,Dry,No Controls,urbana,2006,1,0,3895,POINT (-88.1844244035989 40.1420286026266),POINT,-88.1844244035989,40.1420286026266,-0.0031729373606271347,-0.006446721744983347
Fatal,overturned,Clear,Daylight,Dry,No Controls,unincorporated,2010,1,1,3370,POINT (-88.2771335519316 40.1643746307371),POINT,-88.2771335519316,40.1643746307371,-0.002118659050244683,-0.005886388219082917
Fatal,pedestrian,Clear,Daylight,Dry,Unknown,champaign,2007,1,0,3762,POINT (-88.2681800363888 40.1273093621829),POINT,-88.2681800363888,40.1273093621829,-0.002220477451213815,-0.006815811225029334
Fatal,pedestrian,Clear,Daylight,Dry,Stop Sign/Flasher,urbana,2015,1,0,3906,POINT (-88.209629129054 40.1055793070674),POINT,-88.209629129054,40.1055793070674,-0.0028863119752758123,-0.007360699038678753
Fatal,pedestrian,Clear,Darkness,Dry,Lane Use Marking,urbana,2015,1,0,3911,POINT (-88.1914035061912 40.140752684443),POINT,-88.1914035061912,40.140752684443,-0.003093571768112065,-0.0064787157857606505
Fatal,fixed object,Clear,Daylight,Dry,No Controls,urbana,2007,1,0,3322,POINT (-88.1952656723602 40.1359205193735),POINT,-88.1952656723602,40.1359205193735,-0.0030496516362124877,-0.006599883810688299
C-Injury,pedestrian,Clear,Daylight,Dry,Stop Sign/Flasher,champaign,2016,0,1,3957,POINT (-88.2517400030258 40.1182694788182),POINT,-88.2517400030258,40.1182694788182,-0.002407431715256578,-0.007042489080012048
B-Injury,pedestrian,Clear,Darkness,Dry,Lane Use Marking,urbana,2016,0,1,3964,POINT (-88.1988430728403 40.1163299987301),POINT,-88.1988430728403,40.1163299987301,-0.003008969828628644,-0.007091122139578762
B-Injury,pedestrian,Rain,"Darkness, Lighted Road",Wet,Traffic Signal,champaign,2016,0,1,3965,POINT (-88.2334300015661 40.1014899975063),POINT,-88.2334300015661,40.1014899975063,-0.00261565105228202,-0.007463239733317658
B-Injury,pedestrian,Clear,Daylight,Dry,No Controls,urbana,2016,0,1,3967,POINT (-88.2063100017161 40.1124799975404),POINT,-88.2063100017161,40.1124799975404,-0.0029240567288914537,-0.0071876621032215355
B-Injury,pedestrian,Clear,Darkness,Dry,No Controls,urbana,2016,0,1,3969,POINT (-88.2256100017552 40.112769997435),POINT,-88.2256100017552,40.112769997435,-0.002704579236135528,-0.007180390266694203
B-Injury,pedestrian,Clear,Daylight,Dry,No Controls,champaign,2016,0,1,3972,POINT (-88.2321204217301 40.1241750572226),POINT,-88.2321204217301,40.1241750572226,-0.00263054345116221,-0.006894404885655134
C-Injury,pedestrian,Clear,Daylight,Dry,No Controls,urbana,2016,0,1,3975,POINT (-88.2070219982469 40.1124670539565),POINT,-88.2070219982469,40.1124670539565,-0.002915959982098004,-0.007187986667567692
B-Injury,pedestrian,Snow,"Darkness, Lighted Road",Snow or Slush,No Controls,champaign,2016,0,1,3986,POINT (-88.234462684982 40.107965176146),POINT,-88.234462684982,40.107965176146,-0.0026039074892523157,-0.007300872637918007
B-Injury,pedestrian,Clear,"Darkness, Lighted Road",Dry,No Controls,champaign,2016,0,1,3990,POINT (-88.235139597772 40.1102714364119),POINT,-88.235139597772,40.1102714364119,-0.002596209710927841,-0.007243042452614208
C-Injury,pedestrian,Clear,Daylight,Dry,Stop Sign/Flasher,urbana,2016,0,1,3994,POINT (-88.21445521066 40.1183396457482),POINT,-88.21445521066,40.11833964574821,-0.002831430302292526,-0.007040729622666928
B-Injury,pedestrian,Cloudy/Overcast,Daylight,Dry,Traffic Signal,urbana,2016,0,1,3999,POINT (-88.2050000014289 40.1090999989142),POINT,-88.2050000014289,40.1090999989142,-0.0029389539090967855,-0.007272416608066365
C-Injury,pedestrian,Clear,"Darkness, Lighted Road",Snow or Slush,Stop Sign/Flasher,urbana,2016,0,1,4000,POINT (-88.2217400059949 40.1006402020967),POINT,-88.2217400059949,40.100640202096706,-0.0027485884052922925,-0.007484548614511069
C-Injury,pedestrian,Clear,"Darkness, Lighted Road",Dry,Stop Sign/Flasher,urbana,2016,0,1,4006,POINT (-88.2177400021645 40.1106199979048),POINT,-88.2177400021645,40.1106199979048,-0.002794076012024502,-0.007234302166002938
C-Injury,pedestrian,Clear,Daylight,Wet,Stop Sign/Flasher,champaign,2016,0,1,4009,POINT (-88.2304097448086 40.1202842220436),POINT,-88.2304097448086,40.1202842220436,-0.0026499970822962383,-0.006991968774135265
C-Injury,pedestrian,Clear,Dusk,Dry,Stop Sign/Flasher,champaign,2016,0,1,4012,POINT (-88.2303593994812 40.1079999550005),POINT,-88.2303593994812,40.1079999550005,-0.0026505696038613288,-0.0073000005474475405
C-Injury,pedestrian,Clear,Daylight,Snow or Slush,No Controls,urbana,2016,0,1,4013,POINT (-88.2201297047121 40.1105504103883),POINT,-88.2201297047121,40.1105504103883,-0.0027669005756247693,-0.007236047094376155
C-Injury,pedestrian,Clear,Daylight,Dry,No Controls,urbana,2016,0,1,4014,POINT (-88.2191988423074 40.103595768612),POINT,-88.2191988423074,40.103595768611996,-0.0027774862412344855,-0.007410436875352932
C-Injury,pedestrian,Clear,"Darkness, Lighted Road",Wet,No Controls,urbana,2016,0,1,4015,POINT (-88.2191974632733 40.1037001949981),POINT,-88.2191974632733,40.103700194998105,-0.0027775019234597045,-0.007407818351611884
B-Injury,pedestrian,Clear,Daylight,Dry,Stop Sign/Flasher,urbana,2016,0,1,4017,POINT (-88.2144552094209 40.1183409191258),POINT,-88.2144552094209,40.11834091912579,-0.00283143031638345,-0.0070406976923324495
B-Injury,pedestrian,Clear,Daylight,Dry,Traffic Signal,champaign,2016,0,1,4021,POINT (-88.2387300022843 40.1163399977187),POINT,-88.2387300022843,40.116339997718704,-0.0025553800229101324,-0.007090871411865035
B-Injury,pedestrian,Clear,Daylight,Dry,No Controls,urbana,2016,0,1,4025,POINT (-88.1960674493676 40.122061215723),POINT,-88.1960674493676,40.122061215723,-0.00304053391564361,-0.006947410111228499
B-Injury,pedestrian,Clear,Daylight,Dry,Traffic Signal,urbana,2016,0,1,4030,POINT (-88.2049200019224 40.1092999980955),POINT,-88.2049200019224,40.1092999980955,-0.002939863654748186,-0.007267401567098917
B-Injury,pedestrian,Clear,Daylight,Dry,No Controls,urbana,2016,0,1,4036,POINT (-88.17486000667 40.1128899539412),POINT,-88.17486000667,40.1128899539412,-0.0032817026380066163,-0.007177382320416703
B-Injury,pedestrian,Clear,Darkness,Dry,No Controls,unincorporated,2016,0,1,4038,POINT (-88.1802533870961 39.9965756926764),POINT,-88.1802533870961,39.996575692676394,-0.0032203697047941127,-0.010093998186320587
C-Injury,pedestrian,Clear,Daylight,Dry,No Controls,urbana,2016,0,1,4050,POINT (-88.2173799983739 40.1164498305349),POINT,-88.2173799983739,40.1164498305349,-0.0027981699358164366,-0.007088117320227241
C-Injury,pedestrian,Cloudy/Overcast,Daylight,Dry,Traffic Signal,urbana,2016,0,1,4053,POINT (-88.2156786680988 40.1164532169956),POINT,-88.2156786680988,40.1164532169956,-0.0028175172779082293,-0.00708803240368379
B-Injury,pedestrian,Clear,Daylight,Dry,No Controls,sidney,2016,0,1,4057,POINT (-88.0779378187821 40.0259164299816),POINT,-88.0779378187821,40.025916429981606,-0.004383891174118758,-0.00935827017660667
B-Injury,pedestrian,Other,Daylight,Dry,Stop Sign/Flasher,rantoul,2016,0,1,4066,POINT (-88.1617296227839 40.2855687002282),POINT,-88.1617296227839,40.285568700228204,-0.0034310199296339753,-0.002847409661445214
C-Injury,pedestrian,Cloudy/Overcast,Daylight,Dry,Other,mahomet,2016,0,1,4079,POINT (-88.4185397323059 40.1958277428443),POINT,-88.4185397323059,40.195827742844294,-0.000510603409525666,-0.005097691761689405
B-Injury,pedestrian,Clear,Daylight,Dry,Stop Sign/Flasher,champaign,2016,0,1,4080,POINT (-88.2800200016603 40.1092499979255),POINT,-88.2800200016603,40.1092499979255,-0.0020858346591493913,-0.007268655336735858
PD,pedestrian,Clear,Daylight,Dry,No Controls,champaign,2016,0,0,4083,POINT (-88.2766500024497 40.1072823476325),POINT,-88.2766500024497,40.1072823476325,-0.002124157922146013,-0.007317994772852469
B-Injury,pedestrian,Clear,"Darkness, Lighted Road",Dry,Stop Sign/Flasher,rantoul,2016,0,1,4095,POINT (-88.1364890008774 40.3087399988343),POINT,-88.1364890008774,40.3087399988343,-0.0037180535255104136,-0.002266382224110836
B-Injury,pedestrian,Clear,Darkness,Dry,Lane Use Marking,unincorporated,2016,0,1,4096,POINT (-88.2256835940735 40.2004529220182),POINT,-88.2256835940735,40.2004529220182,-0.002703742352328575,-0.004981713971738497
B-Injury,pedestrian,Clear,Daylight,Dry,No Controls,champaign,2016,0,1,4143,POINT (-88.2452020045725 40.1228282265513),POINT,-88.2452020045725,40.1228282265513,-0.002481781119674453,-0.006928177078865932