crash_severity,collision_type,weather,light,road_surface,traffic_control,city,year,fatality,injury,id,Geometry,point,x,y,norm_x,norm_y
B-Injury,pedestrian,Rain,Daylight,Wet,Stop Sign/Flasher,urbana,2012,0,1,3581,POINT (-88.181280998453 40.1056920967927),POINT,-88.181280998453,40.1056920967927,-0.0032086838206654175,-0.007357870801635904
B-Injury,pedestrian,Clear,Daylight,Dry,No Controls,champaign,2012,0,1,3582,POINT (-88.2339095826221 40.1144320174502),POINT,-88.2339095826221,40.114432017450206,-0.0026101973088866553,-0.007138714603769638
Property Damage,pedestrian,Clear,Darkness,Dry,Traffic Signal,urbana,2012,0,0,3583,POINT (-88.2193000733371 40.1090953225331),POINT,-88.2193000733371,40.1090953225331,-0.00277633505301997,-0.007272533869760427
B-Injury,pedestrian,Clear,Daylight,Dry,No Controls,champaign,2012,0,1,3584,POINT (-88.2579449021326 40.123948734286),POINT,-88.2579449021326,40.123948734285996,-0.002336870280230335,-0.006900080002881022
B-Injury,pedestrian,Clear,Daylight,Dry,Traffic Signal,champaign,2013,0,1,3586,POINT (-88.2580145870011 40.1358598156419),POINT,-88.2580145870011,40.1358598156419,-0.0023360778315158906,-0.006601405975423518
C-Injury,pedestrian,Clear,Daylight,Dry,Stop Sign/Flasher,urbana,2013,0,1,3589,POINT (-88.2089200020434 40.1115899988419),POINT,-88.2089200020434,40.11158999884189,-0.0028943760901988967,-0.007209979094246236
B-Injury,pedestrian,Rain,"Darkness, lighted road",Wet,Stop Sign/Flasher,urbana,2013,0,2,3590,POINT (-88.2238700643718 40.1070101001835),POINT,-88.2238700643718,40.1070101001835,-0.0027243656140468514,-0.007324821461347607
C-Injury,pedestrian,Rain,Darkness,Wet,No Controls,urbana,2013,0,1,3591,POINT (-88.2192500020292 40.1064700001941),POINT,-88.2192500020292,40.1064700001941,-0.002776904458465247,-0.007338364634653539
C-Injury,pedestrian,Clear,Daylight,Dry,No Controls,urbana,2013,0,1,3592,POINT (-88.2253520136623 40.1070012591045),POINT,-88.2253520136623,40.1070012591045,-0.0027075130485539407,-0.007325043154122049
C-Injury,pedestrian,Clear,Daylight,Dry,No Controls,unincorporated,2013,0,1,3597,POINT (-88.1702552827499 40.1072057427836),POINT,-88.1702552827499,40.107205742783606,-0.0033340670555593982,-0.007319915662993164
B-Injury,pedestrian,Clear,Daylight,Dry,No Controls,champaign,2013,0,1,3598,POINT (-88.2688999799994 40.1273215642414),POINT,-88.2688999799994,40.1273215642414,-0.0022122903310966575,-0.006815505254660528
C-Injury,pedestrian,Clear,Daylight,Dry,Traffic Signal,champaign,2013,0,1,3599,POINT (-88.2768100001896 40.1164634703389),POINT,-88.2768100001896,40.1164634703389,-0.0021223384453206945,-0.007087775297947862
B-Injury,pedestrian,Rain,"Darkness, lighted road",Wet,No Controls,urbana,2013,0,1,3600,POINT (-88.2256908629376 40.116399999862),POINT,-88.2256908629376,40.116399999862,-0.0027036596915998895,-0.007089366839672306
B-Injury,pedestrian,Clear,Daylight,Dry,Traffic Signal,champaign,2013,0,2,3601,POINT (-88.2787200791876 40.1128499999024),POINT,-88.2787200791876,40.112849999902394,-0.0021006172355488616,-0.007178384180224926
B-Injury,pedestrian,Clear,"Darkness, lighted road",Dry,Traffic Signal,rantoul,2013,0,1,3602,POINT (-88.1365206939253 40.3121200000216),POINT,-88.1365206939253,40.3121200000216,-0.003717693115630768,-0.002181627655045419
B-Injury,pedestrian,Clear,Daylight,Dry,Police/Flagman,rantoul,2013,0,1,3603,POINT (-88.1938428723102 40.3098611427569),POINT,-88.1938428723102,40.3098611427569,-0.00306583156300177,-0.0022382691955185685
B-Injury,pedestrian,Clear,"Darkness, lighted road",Dry,No Controls,rantoul,2013,0,1,3606,POINT (-88.164842763968 40.2882445975703),POINT,-88.164842763968,40.2882445975703,-0.0033956176280641416,-0.002780310712798555
B-Injury,pedestrian,Clear,Daylight,Dry,Lane Use Marking,unincorporated,2013,0,1,3608,POINT (-88.3351451730816 40.1771967735786),POINT,-88.3351451730816,40.1771967735786,-0.001458957229782627,-0.005564869044737942
B-Injury,pedestrian,Clear,Daylight,Dry,Traffic Signal,urbana,2013,0,1,3609,POINT (-88.219479283755 40.1200702242438),POINT,-88.219479283755,40.1200702242438,-0.0027742970917184508,-0.006997334834766096
B-Injury,pedestrian,Clear,Daylight,Dry,Stop Sign/Flasher,champaign,2013,0,1,3610,POINT (-88.2338000038871 40.1261201818178),POINT,-88.2338000038871,40.1261201818178,-0.002611443426294423,-0.006845630288337343
B-Injury,pedestrian,Clear,Daylight,Dry,No Controls,champaign,2013,0,1,3611,POINT (-88.2730000671019 40.1395542093297),POINT,-88.2730000671019,40.1395542093297,-0.002165664588323866,-0.006508767917737652
B-Injury,pedestrian,Clear,Daylight,Dry,No Controls,champaign,2013,0,1,3612,POINT (-88.2577500002993 40.108132241355),POINT,-88.2577500002993,40.108132241355,-0.002339086682594165,-0.007296683426432615
C-Injury,pedestrian,Rain,Daylight,Wet,No Controls,champaign,2013,0,1,3613,POINT (-88.2397798421231 40.1102096573404),POINT,-88.2397798421231,40.1102096573404,-0.002543441358912814,-0.007244591581828131
B-Injury,pedestrian,Sleet/Hail,"Darkness, lighted road",Wet,Traffic Signal,champaign,2013,0,1,3614,POINT (-88.2434700198218 40.1102226600444),POINT,-88.2434700198218,40.1102226600444,-0.002501477061115193,-0.0072442655350271785
B-Injury,pedestrian,Rain,"Darkness, lighted road",Wet,Stop Sign/Flasher,urbana,2013,0,1,3615,POINT (-88.1906700009415 40.0947599993238),POINT,-88.1906700009415,40.0947599993238,-0.0031019131097079723,-0.00763199650710567
B-Injury,pedestrian,Clear,Daylight,Wet,No Controls,champaign,2013,0,1,3616,POINT (-88.2812788271656 40.1061400084375),POINT,-88.2812788271656,40.1061400084375,-0.0020715194329753816,-0.007346639279417254
C-Injury,pedestrian,Clear,Darkness,Dry,No Controls,urbana,2013,0,1,3618,POINT (-88.1782589927789 40.1129918385794),POINT,-88.1782589927789,40.1129918385794,-0.0032430497391682475,-0.007174827531786063
B-Injury,pedestrian,Clear,Daylight,Dry,No Controls,urbana,2013,0,1,3619,POINT (-88.2192199202484 40.1046361560918),POINT,-88.2192199202484,40.10463615609179,-0.002777246545191289,-0.007384348839395275
C-Injury,pedestrian,Clear,Daylight,Dry,Traffic Signal,champaign,2013,0,1,3621,POINT (-88.2574894597362 40.0835999929205),POINT,-88.2574894597362,40.0835999929205,-0.0023420495214248604,-0.007911837099183664
B-Injury,pedestrian,Clear,Darkness,Dry,No Controls,unincorporated,2013,0,1,3622,POINT (-88.3653100006426 40.1944592618415),POINT,-88.3653100006426,40.1944592618415,-0.001115926104959253,-0.005132006843619435
B-Injury,pedestrian,Clear,Daylight,Dry,No Controls,champaign,2013,0,1,3623,POINT (-88.2766674421944 40.108806605862),POINT,-88.2766674421944,40.108806605862,-0.002123959599273872,-0.007279773529063818
C-Injury,pedestrian,Clear,Daylight,Dry,No Controls,mahomet,2013,0,1,3625,POINT (-88.3903172115052 40.1786305115412),POINT,-88.3903172115052,40.17863051154121,-0.0008315468339837706,-0.005528917624475139
B-Injury,pedestrian,Clear,Dusk,Dry,No Controls,champaign,2013,0,1,3626,POINT (-88.2755014982525 40.13023726406),POINT,-88.2755014982525,40.13023726406,-0.002137218586452299,-0.006742393185180204
B-Injury,pedestrian,Clear,"Darkness, lighted road",Dry,Traffic Signal,urbana,2013,0,1,3627,POINT (-88.2193000649531 40.1090947767968),POINT,-88.2193000649531,40.1090947767968,-0.0027763351483618133,-0.007272547554265925
C-Injury,pedestrian,Clear,Daylight,Dry,No Controls,urbana,2013,0,1,3628,POINT (-88.2018748802274 40.1036842273903),POINT,-88.2018748802274,40.103684227390296,-0.002974492446116248,-0.007408218744287452
B-Injury,pedestrian,Clear,Daylight,Dry,Lane Use Marking,champaign,2013,0,1,3629,POINT (-88.2386700006598 40.1053699998832),POINT,-88.2386700006598,40.1053699998832,-0.0025560623548314203,-0.007365947480681019
B-Injury,pedestrian,Other,Dawn,Dry,Traffic Signal,urbana,2013,0,1,3630,POINT (-88.2193802116011 40.1128301566526),POINT,-88.2193802116011,40.112830156652606,-0.002775423729433275,-0.0071788817558148315
B-Injury,pedestrian,Clear,Daylight,Dry,Stop Sign/Flasher,champaign,2013,0,1,3631,POINT (-88.2860888049806 40.1024017529489),POINT,-88.2860888049806,40.1024017529489,-0.0020168208905448405,-0.00744037718524489
C-Injury,pedestrian,Clear,Daylight,Dry,Stop Sign/Flasher,champaign,2013,0,1,3632,POINT (-88.2436439742194 40.1313660870552),POINT,-88.2436439742194,40.1313660870552,-0.0024994988707027132,-0.006714087601481416
C-Injury,pedestrian,Rain,Darkness,Wet,No Controls,champaign,2013,0,1,3633,POINT (-88.2931698869697 40.0771915375278),POINT,-88.2931698869697,40.077191537527796,-0.0019362955994661603,-0.008072531088648454
B-Injury,pedestrian,Clear,Daylight,Dry,No Controls,champaign,2014,0,1,3634,POINT (-88.2482809366348 40.1090101100072),POINT,-88.2482809366348,40.109010110007205,-0.0024467678405019474,-0.007274670600048692
Property Damage,pedestrian,Clear,Daylight,Dry,No Controls,champaign,2014,0,0,3636,POINT (-88.2577757144201 40.1097539763354),POINT,-88.2577757144201,40.1097539763354,-0.0023387942644204724,-0.007256017923142802
B-Injury,pedestrian,Clear,Daylight,Dry,No Controls,champaign,2014,0,1,3637,POINT (-88.2826080412578 40.0971859957264),POINT,-88.2826080412578,40.0971859957264,-0.002056403755477821,-0.007571163901357176
B-Injury,pedestrian,Clear,Darkness,Dry,Stop Sign/Flasher,champaign,2014,0,1,3640,POINT (-88.2627100009444 40.1272299999694),POINT,-88.2627100009444,40.127229999969394,-0.002282682096923238,-0.006817801256935522
C-Injury,pedestrian,Clear,"Darkness, lighted road",Dry,Traffic Signal,champaign,2014,0,1,3641,POINT (-88.2387099592693 40.1102317153999),POINT,-88.2387099592693,40.1102317153999,-0.002555607949887868,-0.007244038469203688
B-Injury,pedestrian,Clear,Daylight,Dry,Other,champaign,2014,0,1,3645,POINT (-88.2409091404509 40.127211587229),POINT,-88.2409091404509,40.127211587229,-0.002530599101656014,-0.006818262962062549
C-Injury,pedestrian,Clear,Daylight,Dry,Traffic Signal,champaign,2014,0,1,3647,POINT (-88.2579050426514 40.1182722751846),POINT,-88.2579050426514,40.1182722751846,-0.002337323557897682,-0.0070424189602646715
B-Injury,pedestrian,Clear,Daylight,Dry,Traffic Signal,champaign,2014,0,1,3648,POINT (-88.2767687165685 40.1128499846089),POINT,-88.2767687165685,40.1128499846089,-0.002122807918151411,-0.007178384563714001
B-Injury,pedestrian,Clear,Daylight,Unknown,No Controls,champaign,2014,0,1,3649,POINT (-88.2305779420049 40.1091368449939),POINT,-88.2305779420049,40.1091368449939,-0.002648084362148143,-0.007271492681288462
C-Injury,pedestrian,Rain,Daylight,Wet,Stop Sign/Flasher,urbana,2014,0,1,3652,POINT (-88.2238600008613 40.1059599999172),POINT,-88.2238600008613,40.105959999917204,-0.0027244800551892707,-0.007351153048413281
C-Injury,pedestrian,Clear,Darkness,Dry,Stop Sign/Flasher,champaign,2014,0,1,3654,POINT (-88.2386507503147 40.104099997075),POINT,-88.2386507503147,40.104099997075,-0.0025562812676535223,-0.0073977931916013725
B-Injury,pedestrian,Rain,"Darkness, lighted road",Wet,Lane Use Marking,champaign,2014,0,1,3655,POINT (-88.2555036899106 40.1426295250452),POINT,-88.2555036899106,40.1426295250452,-0.0023646314790223824,-0.006431653430563395
B-Injury,pedestrian,Clear,"Darkness, lighted road",Snow or Slush,Traffic Signal,urbana,2014,0,1,3656,POINT (-88.2090200014334 40.1165099996012),POINT,-88.2090200014334,40.1165099996012,-0.00289323890805639,-0.007086608562388743
B-Injury,pedestrian,Snow,"Darkness, lighted road",Snow or Slush,No Controls,urbana,2014,0,1,3657,POINT (-88.2026076913436 40.1056569460914),POINT,-88.2026076913436,40.1056569460914,-0.002966158998130588,-0.007358752216279274
C-Injury,pedestrian,Clear,Daylight,Dry,No Controls,urbana,2014,0,1,3660,POINT (-88.2071100214405 40.0883601745518),POINT,-88.2071100214405,40.088360174551795,-0.002914958991953127,-0.0077924740811026825
C-Injury,pedestrian,Rain,Daylight,Wet,Traffic Signal,urbana,2014,0,1,3661,POINT (-88.215677935716 40.1164540071662),POINT,-88.215677935716,40.116454007166205,-0.0028175256064854673,-0.007088012589912962
B-Injury,pedestrian,Rain,"Darkness, lighted road",Wet,Traffic Signal,urbana,2014,0,1,3663,POINT (-88.2193000160218 40.109091108457),POINT,-88.2193000160218,40.109091108457,-0.002776335704803192,-0.007272639539014383
B-Injury,pedestrian,Clear,Dawn,Dry,Stop Sign/Flasher,urbana,2014,0,1,3665,POINT (-88.2094000007503 40.0837300000317),POINT,-88.2094000007503,40.08373000003171,-0.0028889175973230005,-0.007908577130895067
B-Injury,pedestrian,Clear,Daylight,Dry,No Controls,rantoul,2014,0,1,3668,POINT (-88.1404945721826 40.305585567002),POINT,-88.1404945721826,40.305585567002,-0.00367250260606277,-0.0023454805722407605
B-Injury,pedestrian,Clear,Daylight,Dry,No Controls,rantoul,2014,0,1,3669,POINT (-88.1425247159958 40.3111350433611),POINT,-88.1425247159958,40.3111350433611,-0.0036494160323242877,-0.0022063257461652146
B-Injury,pedestrian,Rain,Daylight,Unknown,Lane Use Marking,unincorporated,2014,0,1,3671,POINT (-87.9839199580924 40.1199675674756),POINT,-87.9839199580924,40.1199675674756,-0.005453052018504918,-0.0069999089847939235
B-Injury,pedestrian,Clear,Daylight,Dry,No Controls,champaign,2005,0,1,3673,POINT (-88.287944230157 40.1275392238396),POINT,-88.287944230157,40.127539223839605,-0.0019957211980635996,-0.006810047373308818
C-Injury,pedestrian,Clear,Daylight,Dry,No Controls,champaign,2005,0,1,3674,POINT (-88.2435182982277 40.112742537467),POINT,-88.2435182982277,40.112742537467,-0.0025009280443556354,-0.0071810788338353485
B-Injury,pedestrian,Clear,Darkness,Dry,No Controls,unincorporated,2005,0,1,3677,POINT (-88.136439685071 40.3422048278875),POINT,-88.136439685071,40.3422048278875,-0.003718614339475264,-0.0014272413457268802
B-Injury,pedestrian,Rain,Darkness,Wet,No Controls,champaign,2005,0,1,3679,POINT (-88.2689079918957 40.1302969156471),POINT,-88.2689079918957,40.1302969156471,-0.0022121992206869047,-0.006740897403291782
B-Injury,pedestrian,Snow,"Darkness, lighted road",Ice,No Controls,unincorporated,2005,0,1,3680,POINT (-88.2095988850066 40.1415804731459),POINT,-88.2095988850066,40.1415804731459,-0.002886655907279931,-0.00645795872950427
B-Injury,pedestrian,Clear,Daylight,Dry,School Zone,champaign,2005,0,1,3681,POINT (-88.2812756605215 40.1061211513825),POINT,-88.2812756605215,40.106121151382496,-0.0020715554437061756,-0.007347112125869701
C-Injury,pedestrian,Clear,Daylight,Dry,No Controls,urbana,2005,0,1,3683,POINT (-88.2049106547325 40.107641890792),POINT,-88.2049106547325,40.107641890791996,-0.0029399699499709766,-0.0073089791175745674
B-Injury,pedestrian,Clear,Daylight,Dry,Stop Sign/Flasher,champaign,2005,0,1,3684,POINT (-88.2321257962017 40.1241688737802),POINT,-88.2321257962017,40.1241688737802,-0.002630482333258121,-0.006894559937374661
C-Injury,pedestrian,Clear,"Darkness, lighted road",Dry,Other Regualtory Sig,champaign,2005,0,1,3686,POINT (-88.2288148038074 40.1055141380007),POINT,-88.2288148038074,40.1055141380007,-0.002668134577183709,-0.007362333173064685
B-Injury,pedestrian,Snow,Daylight,Dry,No Controls,urbana,2005,0,1,3687,POINT (-88.2288103404795 40.106918456021),POINT,-88.2288103404795,40.106918456021,-0.0026681853336611343,-0.007327119466901399
B-Injury,pedestrian,Clear,Darkness,Dry,No Controls,urbana,2005,0,1,3688,POINT (-88.1886971195513 40.1052674738109),POINT,-88.1886971195513,40.1052674738109,-0.003124348501425388,-0.007368518353469093
B-Injury,pedestrian,Clear,Daylight,Dry,Traffic Signal,champaign,2005,0,1,3689,POINT (-88.2434790867031 40.1101915430144),POINT,-88.2434790867031,40.110191543014395,-0.002501373953531163,-0.007245045804122524
B-Injury,pedestrian,Clear,"Darkness, lighted road",Dry,Traffic Signal,champaign,2005,0,1,3690,POINT (-88.2434815833668 40.1101928203296),POINT,-88.2434815833668,40.1101928203296,-0.0025013455617442517,-0.007245013775050968
B-Injury,pedestrian,Clear,Daylight,Dry,Stop Sign/Flasher,champaign,2005,0,1,3691,POINT (-88.2575188437735 40.0897074397065),POINT,-88.2575188437735,40.0897074397065,-0.002341715369361726,-0.007758690993086935
B-Injury,pedestrian,Clear,"Darkness, lighted road",Wet,Traffic Signal,urbana,2005,0,1,3692,POINT (-88.2193655925179 40.1128236802819),POINT,-88.2193655925179,40.1128236802819,-0.0027755899760509542,-0.007179044152801692
B-Injury,pedestrian,Clear,Daylight,Dry,Traffic Signal,champaign,2005,0,1,3693,POINT (-88.2578463841995 40.1182581531966),POINT,-88.2578463841995,40.1182581531966,-0.002337990615406858,-0.007042773073456099
B-Injury,pedestrian,Clear,Daylight,Dry,Traffic Signal,urbana,2005,0,1,3695,POINT (-88.2049707157753 40.1125178962834),POINT,-88.2049707157753,40.1125178962834,-0.0029392869423512952,-0.0071867117805875175
B-Injury,pedestrian,Clear,"Darkness, lighted road",Unknown,No Controls,urbana,2005,0,1,3697,POINT (-88.2206749262437 40.1128076214887),POINT,-88.2206749262437,40.112807621488706,-0.0027607003759091294,-0.007179446831978817
B-Injury,pedestrian,Clear,Daylight,Dry,No Controls,urbana,2005,0,1,3698,POINT (-88.1945786562198 40.1139945934147),POINT,-88.1945786562198,40.1139945934147,-0.0030574643087342554,-0.007149683145960457
C-Injury,pedestrian,Clear,Darkness,Wet,Traffic Signal,champaign,2005,0,1,3699,POINT (-88.2578465808412 40.1182575219501),POINT,-88.2578465808412,40.1182575219501,-0.0023379883792188365,-0.007042788902156195
B-Injury,pedestrian,Clear,Daylight,Dry,No Controls,urbana,2005,0,1,3700,POINT (-88.196184072367 40.1162831161694),POINT,-88.196184072367,40.1162831161694,-0.003039207691630444,-0.007092297734203992
B-Injury,pedestrian,Clear,"Darkness, lighted road",Wet,Traffic Signal,urbana,2005,0,1,3702,POINT (-88.2156940179112 40.1164623856478),POINT,-88.2156940179112,40.1164623856478,-0.0028173427215179105,-0.007087802496910709
B-Injury,pedestrian,Clear,"Darkness, lighted road",Dry,Stop Sign/Flasher,champaign,2005,0,1,3704,POINT (-88.2435432075911 40.1221272390779),POINT,-88.2435432075911,40.1221272390779,-0.002500644777795274,-0.006945754555303379
C-Injury,pedestrian,Clear,Daylight,Dry,Stop Sign/Flasher,champaign,2005,0,1,3706,POINT (-88.2626978760772 40.1272394736109),POINT,-88.2626978760772,40.1272394736109,-0.00228281997958889,-0.0068175637024617975
C-Injury,pedestrian,Clear,Daylight,Dry,Other Warning Sign,champaign,2005,0,1,3707,POINT (-88.2684489142699 40.1273173215791),POINT,-88.2684489142699,40.127317321579106,-0.0022174198013132284,-0.006815611640722062
B-Injury,pedestrian,Clear,Daylight,Dry,Traffic Signal,champaign,2005,0,1,3708,POINT (-88.2769571004285 40.1274234650923),POINT,-88.2769571004285,40.1274234650923,-0.00212066563746819,-0.006812950059491393
B-Injury,pedestrian,Clear,Dusk,Dry,Traffic Signal,champaign,2005,0,1,3709,POINT (-88.2860457148616 40.1129362348406),POINT,-88.2860457148616,40.1129362348406,-0.0020173109066722998,-0.007176221812633536
B-Injury,pedestrian,Clear,Daylight,Dry,No Controls,champaign,2005,0,1,3710,POINT (-88.2724080626448 40.1128089010495),POINT,-88.2724080626448,40.1128089010495,-0.0021723967983592212,-0.0071794147465985255
B-Injury,pedestrian,Clear,Daylight,Dry,Stop Sign/Flasher,champaign,2005,0,1,3711,POINT (-88.2784333254652 40.1110516881623),POINT,-88.2784333254652,40.1110516881623,-0.002103878167564486,-0.007223477400058597
B-Injury,pedestrian,Clear,"Darkness, lighted road",Dry,No Controls,champaign,2005,0,1,3712,POINT (-88.2302415680008 40.1103043820504),POINT,-88.2302415680008,40.1103043820504,-0.002651909570588399,-0.0072422163305985434
B-Injury,pedestrian,Clear,Daylight,Dry,Stop Sign/Flasher,champaign,2005,0,1,3713,POINT (-88.2402998928858 40.1102183727744),POINT,-88.2402998928858,40.1102183727744,-0.0025375273984323734,-0.007244373039640746
B-Injury,pedestrian,Clear,Daylight,Dry,Traffic Signal,champaign,2005,0,1,3714,POINT (-88.2335849569152 40.1102707225342),POINT,-88.2335849569152,40.1102707225342,-0.0026138889169743376,-0.007243060353316954
B-Injury,pedestrian,Rain,"Darkness, lighted road",Wet,No Controls,champaign,2005,0,1,3716,POINT (-88.2292067152631 40.104187683728),POINT,-88.2292067152631,40.104187683728,-0.0026636778029087435,-0.0073955944218151316
B-Injury,pedestrian,Clear,Daylight,Dry,Traffic Signal,champaign,2005,0,1,3717,POINT (-88.2302798667108 40.104187264618),POINT,-88.2302798667108,40.104187264618,-0.0026514740418408056,-0.007395604931127296
B-Injury,pedestrian,Clear,Daylight,Dry,No Controls,champaign,2005,0,1,3718,POINT (-88.2382927980914 40.1041052383422),POINT,-88.2382927980914,40.10410523834221,-0.0025603518612462464,-0.007397661765214468
B-Injury,pedestrian,Clear,Daylight,Dry,Traffic Signal,champaign,2005,0,1,3719,POINT (-88.2438400423071 40.1026980095406),POINT,-88.2438400423071,40.1026980095406,-0.002497269205821293,-0.007432948460113992
B-Injury,pedestrian,Clear,Daylight,Dry,No Controls,urbana,2005,0,1,3720,POINT (-88.2201028769038 40.0993865602164),POINT,-88.2201028769038,40.099386560216395,-0.0027672056585309637,-0.007515984070133763
B-Injury,pedestrian,Clear,"Darkness, lighted road",Dry,No Controls,urbana,2005,0,1,3723,POINT (-88.1985031748519 40.0837664465844),POINT,-88.1985031748519,40.0837664465844,-0.003012835111433728,-0.007907663222379626
B-Injury,pedestrian,Clear,Dusk,Wet,Unknown,champaign,2007,0,1,3724,POINT (-88.2333297064422 40.0981007630023),POINT,-88.2333297064422,40.09810076300229,-0.0026167915974781167,-0.0075482258306384985
C-Injury,pedestrian,Rain,Daylight,Wet,Unknown,champaign,2007,0,1,3725,POINT (-88.2320477520908 40.1054333339187),POINT,-88.2320477520908,40.105433333918704,-0.0026313698423642584,-0.007364359360266643
B-Injury,pedestrian,Clear,Daylight,Dry,Unknown,champaign,2007,0,1,3730,POINT (-88.2532002854748 40.1272004573286),POINT,-88.2532002854748,40.1272004573286,-0.0023908255427190985,-0.006818542047737347
Property Damage,pedestrian,Rain,"Darkness, lighted road",Wet,Unknown,urbana,2007,0,0,3733,POINT (-88.2194000563979 40.1128434847384),POINT,-88.2194000563979,40.1128434847384,-0.002775198056571294,-0.007178547549965425
B-Injury,pedestrian,Clear,Daylight,Dry,Unknown,urbana,2007,0,1,3734,POINT (-88.2256197202786 40.1128026826139),POINT,-88.2256197202786,40.112802682613896,-0.0027044687181487378,-0.007179570675783288
B-Injury,pedestrian,Clear,Daylight,Dry,Unknown,champaign,2007,0,1,3736,POINT (-88.2434959783112 40.1116299552026),POINT,-88.2434959783112,40.1116299552026,-0.002501181864008548,-0.007208977176215546
B-Injury,pedestrian,Clear,Daylight,Dry,Unknown,champaign,2007,0,1,3737,POINT (-88.2579264707723 40.1182805370862),POINT,-88.2579264707723,40.11828053708621,-0.002337079879646872,-0.007042211790541516
C-Injury,pedestrian,Clear,Daylight,Dry,Unknown,champaign,2007,0,1,3738,POINT (-88.2578900464604 40.1163087260353),POINT,-88.2578900464604,40.11630872603529,-0.002337494092944031,-0.0070916555589421015
C-Injury,pedestrian,Clear,Daylight,Dry,Unknown,champaign,2007,0,1,3741,POINT (-88.2673385391767 40.1163705365873),POINT,-88.2673385391767,40.1163705365873,-0.0022300468656126326,-0.007090105640344873
C-Injury,pedestrian,Clear,Daylight,Dry,Unknown,champaign,2007,0,1,3742,POINT (-88.246860516792 40.1183091016764),POINT,-88.246860516792,40.118309101676395,-0.002462920699834974,-0.0070414955246594114
B-Injury,pedestrian,Clear,Darkness,Dry,Unknown,champaign,2007,0,1,3746,POINT (-88.2453513676514 40.1314242313247),POINT,-88.2453513676514,40.1314242313247,-0.002480082579052759,-0.006712629616045258
B-Injury,pedestrian,Clear,"Darkness, lighted road",Wet,Unknown,champaign,2007,0,1,3747,POINT (-88.2436112453802 40.1296395227577),POINT,-88.2436112453802,40.1296395227577,-0.002499871059487905,-0.006757381732130834
C-Injury,pedestrian,Clear,Daylight,Wet,Unknown,champaign,2007,0,1,3748,POINT (-88.2291027851364 40.1079914257688),POINT,-88.2291027851364,40.107991425768795,-0.002664859684959696,-0.007300214420555182
C-Injury,pedestrian,Rain,"Darkness, lighted road",Wet,Unknown,champaign,2007,0,1,3749,POINT (-88.238718242151 40.1107806226415),POINT,-88.238718242151,40.1107806226415,-0.0025555137578617865,-0.007230274451340747
C-Injury,pedestrian,Clear,Daylight,Dry,Unknown,champaign,2007,0,1,3750,POINT (-88.2717411744374 40.1287319238672),POINT,-88.2717411744374,40.1287319238672,-0.002179980578225196,-0.006780140053381583
B-Injury,pedestrian,Clear,Daylight,Other,Unknown,urbana,2007,0,1,3751,POINT (-88.1914768705832 40.1016699808337),POINT,-88.1914768705832,40.101669980833705,-0.0030927374762580243,-0.007458726596041083
B-Injury,pedestrian,Clear,Daylight,Dry,Unknown,champaign,2007,0,1,3752,POINT (-88.2879169494606 40.0914807495399),POINT,-88.2879169494606,40.0914807495399,-0.001996031431163833,-0.007714224703751425
B-Injury,pedestrian,Clear,Daylight,Dry,Unknown,champaign,2007,0,1,3753,POINT (-88.2670330514319 40.1274588568295),POINT,-88.2670330514319,40.1274588568295,-0.0022335208388853224,-0.0068120626007987465
C-Injury,pedestrian,Clear,Daylight,Dry,Unknown,champaign,2007,0,1,3755,POINT (-88.2403983555643 40.1102007329551),POINT,-88.2403983555643,40.1102007329551,-0.002536407691605319,-0.007244815363533585
C-Injury,pedestrian,Clear,Daylight,Wet,Unknown,urbana,2007,0,1,3758,POINT (-88.2088550757723 40.1089457800526),POINT,-88.2088550757723,40.1089457800526,-0.0028951144246633924,-0.007276283693440775
C-Injury,pedestrian,Clear,Daylight,Dry,Unknown,champaign,2007,0,1,3759,POINT (-88.2466736708905 40.1163409671625),POINT,-88.2466736708905,40.1163409671625,-0.002465045491021966,-0.007090847102763753
B-Injury,pedestrian,Rain,"Darkness, lighted road",Wet,Unknown,champaign,2007,0,1,3760,POINT (-88.2369446411135 40.110260164997),POINT,-88.2369446411135,40.110260164997,-0.002575682955171167,-0.007243325086808554
C-Injury,pedestrian,Clear,"Darkness, lighted road",Dry,Unknown,champaign,2007,0,2,3761,POINT (-88.2351057082398 40.119320213591),POINT,-88.2351057082398,40.119320213590996,-0.0025965950989871077,-0.007016141582500814
B-Injury,pedestrian,Clear,Daylight,Snow or Slush,No Controls,champaign,2008,0,1,3777,POINT (-88.2396709020909 40.1249303657408),POINT,-88.2396709020909,40.124930365740795,-0.002544680213062081,-0.0068754652923166916
B-Injury,pedestrian,Clear,"Darkness, lighted road",Dry,Traffic Signal,champaign,2008,0,1,3779,POINT (-88.2304492758855 40.1126805320428),POINT,-88.2304492758855,40.1126805320428,-0.0026495475392066983,-0.007182633638912738
C-Injury,pedestrian,Clear,Dusk,Dry,Unknown,champaign,2008,0,1,3780,POINT (-88.235358138675 40.1193267551509),POINT,-88.235358138675,40.1193267551509,-0.002593724487645139,-0.007015977550874768
C-Injury,pedestrian,Clear,"Darkness, lighted road",Dry,Traffic Signal,champaign,2008,0,1,3781,POINT (-88.2391089948922 40.1493900032817),POINT,-88.2391089948922,40.1493900032817,-0.002551070160361539,-0.006262132360049208