crash_severity,collision_type,weather,light,road_surface,traffic_control,city,year,fatality,injury,id,Geometry,point,x,y,norm_x,norm_y
B-Injury,pedestrian,Clear,Daylight,Dry,Traffic Signal,champaign,2008,0,1,3782,POINT (-88.2414399970504 40.0980493798322),POINT,-88.2414399970504,40.098049379832204,-0.002524562258379457,-0.007549514279427934
Property Damage,pedestrian,Clear,Daylight,Dry,No Controls,rantoul,2008,0,0,3783,POINT (-88.1523409657644 40.3069907479912),POINT,-88.1523409657644,40.30699074799121,-0.00353778671195579,-0.002310245226866693
B-Injury,pedestrian,Rain,"Darkness, lighted road",Wet,Traffic Signal,urbana,2008,0,1,3785,POINT (-88.2050012669516 40.1124483992739),POINT,-88.2050012669516,40.112448399273894,-0.0029389395177108653,-0.007188454439470034
B-Injury,pedestrian,Clear,Daylight,Dry,No Controls,urbana,2008,0,1,3786,POINT (-88.2026448821197 40.1056557362886),POINT,-88.2026448821197,40.1056557362886,-0.0029657360686862837,-0.007358782552456571
B-Injury,pedestrian,Clear,Daylight,Dry,Stop Sign/Flasher,urbana,2008,0,1,3788,POINT (-88.2238585970579 40.1059599453352),POINT,-88.2238585970579,40.1059599453352,-0.0027244960190881775,-0.007351154417073787
B-Injury,pedestrian,Rain,Daylight,Wet,Stop Sign/Flasher,champaign,2008,0,1,3789,POINT (-88.2389207557935 40.135258961612),POINT,-88.2389207557935,40.135258961612,-0.0025532107948350465,-0.006616472574975766
C-Injury,pedestrian,Clear,Daylight,Dry,No Controls,champaign,2008,0,1,3790,POINT (-88.2579582219878 40.1262787556897),POINT,-88.2579582219878,40.126278755689704,-0.0023367188082916257,-0.006841653999740458
B-Injury,pedestrian,Clear,Daylight,Dry,No Controls,champaign,2008,0,1,3792,POINT (-88.2812705048145 40.105592936603),POINT,-88.2812705048145,40.105592936602996,-0.002071614073843152,-0.00736035727388287
B-Injury,pedestrian,Clear,"Darkness, lighted road",Dry,No Controls,rantoul,2008,0,2,3794,POINT (-88.136491736071 40.3104230002629),POINT,-88.136491736071,40.3104230002629,-0.0037180224211876113,-0.002224180445793843
B-Injury,pedestrian,Clear,Daylight,Dry,No Controls,champaign,2008,0,1,3796,POINT (-88.2769925518733 40.1307454230602),POINT,-88.2769925518733,40.130745423060205,-0.002120262487509436,-0.0067296509419996755
B-Injury,pedestrian,Clear,Daylight,Dry,Stop Sign/Flasher,champaign,2008,0,1,3797,POINT (-88.2857890579038 40.0983802499076),POINT,-88.2857890579038,40.098380249907606,-0.002020229581567776,-0.007541217610550221
B-Injury,pedestrian,Clear,Darkness,Dry,No Controls,unincorporated,2008,0,3,3798,POINT (-88.3650377032326 40.2073702249219),POINT,-88.3650377032326,40.207370224921895,-0.001119022641368995,-0.0048082604744734666
B-Injury,pedestrian,Clear,"Darkness, lighted road",Dry,Traffic Signal,champaign,2008,0,1,3799,POINT (-88.2579890462627 40.1465189559963),POINT,-88.2579890462627,40.1465189559963,-0.002336368278003825,-0.006334124753529683
B-Injury,pedestrian,Rain,Daylight,Wet,Traffic Signal,champaign,2008,0,1,3800,POINT (-88.2452185440056 40.1173596555547),POINT,-88.2452185440056,40.11735965555471,-0.002481593035047562,-0.007065303178099519
B-Injury,pedestrian,Clear,Darkness,Dry,Lane Use Marking,mahomet,2008,0,1,3801,POINT (-88.3763122468765 40.1967939856521),POINT,-88.3763122468765,40.1967939856521,-0.0009908097623059725,-0.0050734629261801785
C-Injury,pedestrian,Clear,Daylight,Dry,Traffic Signal,tolono,2008,0,1,3802,POINT (-88.2625294083272 39.9863999524333),POINT,-88.2625294083272,39.986399952433295,-0.002284735776444099,-0.010349158001786138
C-Injury,pedestrian,Rain,Daylight,Wet,Stop Sign/Flasher,champaign,2008,0,1,3803,POINT (-88.2860099103096 40.1093087484319),POINT,-88.2860099103096,40.1093087484319,-0.0020177180721275344,-0.007267182149723141
B-Injury,pedestrian,Rain,"Darkness, lighted road",Wet,Traffic Signal,urbana,2008,0,1,3805,POINT (-88.2191305958169 40.1006490504101),POINT,-88.2191305958169,40.100649050410105,-0.002778262332871477,-0.007484326740331873
Property Damage,pedestrian,Clear,Daylight,Dry,Traffic Signal,urbana,2008,0,0,3807,POINT (-88.2074105681976 40.1124603930175),POINT,-88.2074105681976,40.1124603930175,-0.0029115412070530623,-0.007188153692661253
C-Injury,pedestrian,Snow,Daylight,Snow or Slush,Traffic Signal,champaign,2008,0,1,3808,POINT (-88.2335703585087 40.1102808682423),POINT,-88.2335703585087,40.1102808682423,-0.0026140549284587476,-0.007242805946566814
B-Injury,pedestrian,Clear,Dusk,Dry,Traffic Signal,champaign,2008,0,1,3810,POINT (-88.2435287017561 40.1211196078702),POINT,-88.2435287017561,40.1211196078702,-0.0025008097365667283,-0.0069710212176661655
B-Injury,pedestrian,Clear,Dusk,Dry,No Controls,champaign,2008,0,1,3811,POINT (-88.2496088415431 40.0980981082029),POINT,-88.2496088415431,40.0980981082029,-0.0024316670509008974,-0.007548292400549645
B-Injury,pedestrian,Snow,Dusk,Snow or Slush,No Controls,champaign,2008,0,1,3812,POINT (-88.2771914568656 40.13750602167),POINT,-88.2771914568656,40.137506021670006,-0.002118000561658884,-0.006560126853087962
B-Injury,pedestrian,Rain,"Darkness, lighted road",Wet,Stop Sign/Flasher,urbana,2008,0,1,3813,POINT (-88.2088691230548 40.1092204462115),POINT,-88.2088691230548,40.1092204462115,-0.0028949546805009615,-0.007269396355051073
C-Injury,pedestrian,Clear,Darkness,Dry,Lane Use Marking,urbana,2009,0,1,3815,POINT (-88.1937612568049 40.1345457547347),POINT,-88.1937612568049,40.1345457547347,-0.003066759685615022,-0.006634356456723252
B-Injury,pedestrian,Clear,Daylight,Wet,Traffic Signal,champaign,2009,0,1,3817,POINT (-88.2576295460503 40.098149983044),POINT,-88.2576295460503,40.098149983044,-0.002340456475159387,-0.007546991622958283
B-Injury,pedestrian,Clear,"Darkness, lighted road",Dry,Traffic Signal,champaign,2009,0,1,3818,POINT (-88.2334904622336 40.1041397018553),POINT,-88.2334904622336,40.104139701855296,-0.0026149635001739367,-0.007396797582026817
B-Injury,pedestrian,Snow,Daylight,Snow or Slush,No Controls,unincorporated,2009,0,1,3819,POINT (-88.2973482108826 40.0907604021438),POINT,-88.2973482108826,40.0907604021438,-0.0018887801562293702,-0.007732287636203328
C-Injury,pedestrian,Clear,Daylight,Dry,Traffic Signal,champaign,2009,0,2,3820,POINT (-88.2828294413204 40.1128913560889),POINT,-88.2828294413204,40.1128913560889,-0.0020538860181443,-0.007177347161131918
C-Injury,pedestrian,Clear,Daylight,Dry,No Controls,champaign,2009,0,2,3821,POINT (-88.2812784029397 40.1061421903371),POINT,-88.2812784029397,40.1061421903371,-0.0020715242572258543,-0.007346584567613806
B-Injury,pedestrian,Clear,Daylight,Dry,No Controls,champaign,2009,0,1,3823,POINT (-88.2451522407237 40.1128646903486),POINT,-88.2451522407237,40.1128646903486,-0.0024823470287285423,-0.007178015812769217
C-Injury,pedestrian,Unknown,Daylight,Wet,Traffic Signal,champaign,2009,0,1,3824,POINT (-88.2435090726112 40.1163595657812),POINT,-88.2435090726112,40.1163595657812,-0.0025010329570589146,-0.007090380736681036
B-Injury,pedestrian,Clear,"Darkness, lighted road",Dry,No Controls,champaign,2009,0,1,3825,POINT (-88.268919463718 40.1298999493391),POINT,-88.268919463718,40.129899949339105,-0.002212068764376457,-0.006750851455525271
B-Injury,pedestrian,Clear,"Darkness, lighted road",Dry,Traffic Signal,champaign,2009,0,1,3826,POINT (-88.2450414552577 40.1125894740614),POINT,-88.2450414552577,40.1125894740614,-0.002483606868949293,-0.007184916945795159
B-Injury,pedestrian,Clear,"Darkness, lighted road",Dry,School Zone,urbana,2009,0,1,3828,POINT (-88.2264899047748 40.1127572982999),POINT,-88.2264899047748,40.1127572982999,-0.002694573075087975,-0.0071807087014117395
C-Injury,pedestrian,Clear,Daylight,Unknown,Traffic Signal,urbana,2009,0,1,3829,POINT (-88.2050012736326 40.1124497905026),POINT,-88.2050012736326,40.1124497905026,-0.002938939441735195,-0.007188419553982417
B-Injury,pedestrian,Clear,Daylight,Dry,Traffic Signal,urbana,2009,0,1,3830,POINT (-88.2049686952829 40.1163195845287),POINT,-88.2049686952829,40.1163195845287,-0.0029393099191702475,-0.0070913832788810135
C-Injury,pedestrian,Clear,Daylight,Dry,No Controls,champaign,2009,0,1,3831,POINT (-88.2353995690564 40.1112697557386),POINT,-88.2353995690564,40.111269755738604,-0.0025932533458723193,-0.007218009288530601
B-Injury,pedestrian,Clear,Daylight,Dry,No Controls,champaign,2009,0,1,3832,POINT (-88.2453883065787 40.1221494330963),POINT,-88.2453883065787,40.1221494330963,-0.0024796625136053792,-0.006945198033467733
C-Injury,pedestrian,Clear,Daylight,Wet,No Controls,urbana,2009,0,1,3833,POINT (-88.2037060302514 40.1056398033404),POINT,-88.2037060302514,40.105639803340395,-0.0029536688080170743,-0.007359182076031843
B-Injury,pedestrian,Other,Daylight,Dry,No Controls,tolono,2009,0,1,3834,POINT (-88.2589196894111 39.9860719650366),POINT,-88.2589196894111,39.9860719650366,-0.002325785105752568,-0.01035738238660889
C-Injury,pedestrian,Clear,Daylight,Dry,Police/Flagman,champaign,2009,0,1,3835,POINT (-88.2468489588096 40.1163408818701),POINT,-88.2468489588096,40.1163408818701,-0.002463052135948664,-0.007090849241496882
B-Injury,pedestrian,Clear,Daylight,Unknown,No Controls,champaign,2009,0,1,3837,POINT (-88.2521628812277 40.1423961307388),POINT,-88.2521628812277,40.142396130738796,-0.0024026227905256598,-0.0064375058645613666
B-Injury,pedestrian,Clear,Daylight,Dry,No Controls,unincorporated,2009,0,1,3839,POINT (-88.2063088770557 40.1124801728085),POINT,-88.2063088770557,40.112480172808496,-0.0029240695184067065,-0.0071876577083200685
C-Injury,pedestrian,Clear,"Darkness, lighted road",Dry,No Controls,urbana,2009,0,1,3840,POINT (-88.2076787042519 40.1247892281622),POINT,-88.2076787042519,40.1247892281622,-0.002908491993125782,-0.006879004360497402
B-Injury,pedestrian,Clear,Daylight,Dry,Traffic Signal,urbana,2009,0,1,3841,POINT (-88.2193194627533 40.1105695513036),POINT,-88.2193194627533,40.1105695513036,-0.0027761145586962894,-0.007235567130039522
B-Injury,pedestrian,Clear,"Darkness, lighted road",Dry,Traffic Signal,urbana,2009,0,1,3842,POINT (-88.2193194577696 40.1105691101595),POINT,-88.2193194577696,40.1105691101595,-0.0027761146153704283,-0.007235578191863361
B-Injury,pedestrian,Clear,Daylight,Dry,No Controls,champaign,2009,0,1,3843,POINT (-88.2388154280783 40.1256099685745),POINT,-88.2388154280783,40.1256099685745,-0.0025544085701098567,-0.006858424042295005
B-Injury,pedestrian,Unknown,Daylight,Dry,Unknown,urbana,2009,0,1,3844,POINT (-88.2194812040136 40.1236958833109),POINT,-88.2194812040136,40.1236958833109,-0.002774275254747385,-0.006906420318828961
B-Injury,pedestrian,Clear,Daylight,Dry,Traffic Signal,champaign,2009,0,1,3846,POINT (-88.2769890158216 40.127410264052),POINT,-88.2769890158216,40.127410264052,-0.0021203026991032927,-0.0068132810796359255
C-Injury,pedestrian,Rain,Daylight,Wet,Stop Sign/Flasher,urbana,2009,0,1,3847,POINT (-88.2238586035953 40.105960327461),POINT,-88.2238586035953,40.105960327461,-0.0027244959447455183,-0.007351144835151913
C-Injury,pedestrian,Clear,Darkness,Dry,No Controls,champaign,2009,0,1,3850,POINT (-88.2370221363355 40.1126392759773),POINT,-88.2370221363355,40.112639275977294,-0.0025748016879695635,-0.007183668147440897
B-Injury,pedestrian,Clear,Daylight,Dry,No Controls,urbana,2009,0,1,3852,POINT (-88.223742262992 40.0959264036063),POINT,-88.223742262992,40.0959264036063,-0.0027258189573810617,-0.007602748561072176
B-Injury,pedestrian,Clear,"Darkness, lighted road",Dry,Other,urbana,2009,0,1,3853,POINT (-88.2256096387903 40.1127696816926),POINT,-88.2256096387903,40.1127696816926,-0.0027045833637327015,-0.007180398184032086
C-Injury,pedestrian,Clear,Daylight,Dry,No Controls,gifford,2009,0,1,3855,POINT (-88.0213898402492 40.3095213633196),POINT,-88.0213898402492,40.309521363319604,-0.005026948610578722,-0.002246789269385288
B-Injury,pedestrian,Clear,Darkness,Dry,No Controls,urbana,2009,0,1,3856,POINT (-88.1989913698891 40.1163286475809),POINT,-88.1989913698891,40.1163286475809,-0.0030072834107847664,-0.007091156020060443
B-Injury,pedestrian,Rain,"Darkness, lighted road",Wet,Other,champaign,2009,0,1,3857,POINT (-88.243470088495 40.110221279307),POINT,-88.243470088495,40.110221279307,-0.002501476280171037,-0.0072443001574420815
B-Injury,pedestrian,Clear,"Darkness, lighted road",Dry,Stop Sign/Flasher,champaign,2009,0,1,3858,POINT (-88.2353992655996 40.1102708460989),POINT,-88.2353992655996,40.1102708460989,-0.0025932567967499208,-0.007243057254894201
B-Injury,pedestrian,Clear,"Darkness, lighted road",Dry,Traffic Signal,champaign,2006,0,1,3874,POINT (-88.230451159567 40.1103196566364),POINT,-88.230451159567,40.1103196566364,-0.002649526118186486,-0.007241833315657969
B-Injury,pedestrian,Clear,Daylight,Dry,Traffic Signal,champaign,2006,0,1,3875,POINT (-88.2289424347108 40.1114879192957),POINT,-88.2289424347108,40.111487919295705,-0.0026666831724883122,-0.0072125387702546605
C-Injury,pedestrian,Clear,Daylight,Dry,Traffic Signal,champaign,2006,0,1,3879,POINT (-88.245210984083 40.1163495254642),POINT,-88.245210984083,40.1163495254642,-0.002481679005661704,-0.007090632500717064
B-Injury,pedestrian,Clear,Daylight,Dry,Stop Sign/Flasher,champaign,2006,0,1,3880,POINT (-88.2452400693614 40.1271798743577),POINT,-88.2452400693614,40.12717987435771,-0.002481348251052056,-0.006819058172061343
C-Injury,pedestrian,Clear,Daylight,Dry,Traffic Signal,urbana,2006,0,1,3883,POINT (-88.2193065279851 40.1105866848024),POINT,-88.2193065279851,40.1105866848024,-0.0027762616514677833,-0.007235137502288821
B-Injury,pedestrian,Rain,Daylight,Wet,Traffic Signal,urbana,2006,0,1,3884,POINT (-88.2239891127331 40.1128110579486),POINT,-88.2239891127331,40.112811057948605,-0.002723011809083037,-0.007179360661690199
B-Injury,pedestrian,Clear,Daylight,Dry,Stop Sign/Flasher,urbana,2006,0,1,3885,POINT (-88.2238692194267 40.1070117653933),POINT,-88.2238692194267,40.107011765393295,-0.0027243752226701603,-0.007324779705699997
B-Injury,pedestrian,Rain,Darkness,Wet,No Controls,champaign,2006,0,1,3887,POINT (-88.2764615520029 40.1023684097055),POINT,-88.2764615520029,40.1023684097055,-0.002126300960046972,-0.007441213277325682
C-Injury,pedestrian,Clear,Daylight,Dry,Traffic Signal,urbana,2006,0,1,3889,POINT (-88.2193995571015 40.1128405930984),POINT,-88.2193995571015,40.1128405930984,-0.0027752037345154866,-0.007178620058727587
B-Injury,pedestrian,Clear,Darkness,Dry,Traffic Signal,urbana,2006,0,1,3891,POINT (-88.209020083099 40.1165091352547),POINT,-88.209020083099,40.1165091352547,-0.002893237979364059,-0.007086630236142917
B-Injury,pedestrian,Rain,Darkness,Wet,No Controls,urbana,2006,0,5,3892,POINT (-88.221851117118 40.1200750946798),POINT,-88.221851117118,40.1200750946798,-0.002747324861734429,-0.006997212707085788
B-Injury,pedestrian,Clear,Daylight,Dry,No Controls,champaign,2006,0,1,3896,POINT (-88.2706965993518 40.1463778821905),POINT,-88.2706965993518,40.1463778821905,-0.0021918593720240843,-0.006337662222587949
B-Injury,pedestrian,Clear,Daylight,Dry,No Controls,urbana,2015,0,1,3918,POINT (-88.1940222238698 40.1008346826592),POINT,-88.1940222238698,40.100834682659205,-0.0030637919966524426,-0.0074796719546068955
C-Injury,pedestrian,Clear,"Darkness, Lighted Road",Dry,Traffic Signal,champaign,2015,0,1,3919,POINT (-88.2304501109507 40.1103199008433),POINT,-88.2304501109507,40.110319900843294,-0.0026495380429365084,-0.007241827192094995
B-Injury,pedestrian,Clear,Darkness,Dry,No Controls,urbana,2015,0,1,3922,POINT (-88.2248077540472 40.0945393825897),POINT,-88.2248077540472,40.0945393825897,-0.0027137023094600467,-0.007637528539549112
C-Injury,pedestrian,Snow,"Darkness, Lighted Road",Snow or Slush,Stop Sign/Flasher,champaign,2015,0,1,3924,POINT (-88.2435092522244 40.1153488171772),POINT,-88.2435092522244,40.11534881717721,-0.0025010309145172714,-0.0071157255687145085
C-Injury,pedestrian,Rain,Daylight,Wet,No Controls,champaign,2015,0,1,3928,POINT (-88.2353900003852 40.1126499995008),POINT,-88.2353900003852,40.112649999500796,-0.0025933621597562764,-0.007183399251791779
B-Injury,pedestrian,Clear,Daylight,Dry,No Controls,savoy,2015,0,1,3930,POINT (-88.2467978035156 40.0668208541607),POINT,-88.2467978035156,40.0668208541607,-0.0024636338683654006,-0.008332579162889892
B-Injury,pedestrian,Clear,Daylight,Dry,Stop Sign/Flasher,champaign,2015,0,1,3931,POINT (-88.2386898671969 40.1090102042692),POINT,-88.2386898671969,40.109010204269204,-0.002555836434741059,-0.007274668236400081
B-Injury,pedestrian,Clear,Daylight,Dry,Traffic Signal,champaign,2015,0,1,3933,POINT (-88.2334300005415 40.1014899992586),POINT,-88.2334300005415,40.1014899992586,-0.0026156510639336887,-0.007463239689378251
B-Injury,pedestrian,Clear,"Darkness, Lighted Road",Dry,Traffic Signal,champaign,2015,0,1,3934,POINT (-88.2333300003 40.0980899991063),POINT,-88.2333300003,40.0980899991063,-0.0026167882557593634,-0.007548495738640246
B-Injury,pedestrian,Clear,"Darkness, Lighted Road",Dry,Traffic Signal,champaign,2015,0,1,3935,POINT (-88.2468100014295 40.1126099995082),POINT,-88.2468100014295,40.1126099995082,-0.0024634951550207415,-0.007184402263905418
B-Injury,pedestrian,Clear,Daylight,Dry,Stop Sign/Flasher,champaign,2015,0,1,3936,POINT (-88.2333981075929 40.1005150079686),POINT,-88.2333981075929,40.1005150079686,-0.0026160137470622284,-0.007487687895768342
C-Injury,pedestrian,Clear,Dusk,Dry,No Controls,champaign,2015,0,1,3937,POINT (-88.2694998813618 40.1334051878538),POINT,-88.2694998813618,40.133405187853796,-0.002205468318316763,-0.006662956521967203
B-Injury,pedestrian,Clear,Darkness,Dry,No Controls,champaign,2015,0,1,3938,POINT (-88.2737800002652 40.132633247601),POINT,-88.2737800002652,40.132633247601,-0.0021567952735647086,-0.006682313161164793
B-Injury,pedestrian,Clear,Daylight,Dry,No Controls,urbana,2014,0,1,3664,POINT (-88.2001429575088 40.1220668558702),POINT,-88.2001429575088,40.1220668558702,-0.002994187682134556,-0.006947268682803187
B-Injury,pedestrian,Clear,"Darkness, lighted road",Dry,Unknown,champaign,2007,0,2,3763,POINT (-88.2304102645801 40.1094126601918),POINT,-88.2304102645801,40.1094126601918,-0.0026499911715114565,-0.007264576530392504
B-Injury,pedestrian,Clear,Daylight,Dry,Unknown,champaign,2007,0,1,3764,POINT (-88.2664562440036 40.0984068596839),POINT,-88.2664562440036,40.0984068596839,-0.002240080229968601,-0.007540550362227644
B-Injury,pedestrian,Clear,Daylight,Dry,Unknown,champaign,2007,0,1,3765,POINT (-88.2655109072201 40.1273284793308),POINT,-88.2655109072201,40.1273284793308,-0.002250830496633509,-0.006815331856667532
C-Injury,pedestrian,Clear,Daylight,Dry,Traffic Signal,rantoul,2008,0,1,3770,POINT (-88.1523712274982 40.3082188340788),POINT,-88.1523712274982,40.3082188340788,-0.003537442578823823,-0.0022794505906043702
C-Injury,pedestrian,Clear,Daylight,Dry,No Controls,rantoul,2008,0,1,3771,POINT (-88.1537067015012 40.3069721538489),POINT,-88.1537067015012,40.3069721538489,-0.0035222557143042136,-0.0023107114807023555
B-Injury,pedestrian,Clear,Daylight,Dry,No Controls,champaign,2008,0,1,3772,POINT (-88.2817567550111 40.1128807440455),POINT,-88.2817567550111,40.1128807440455,-0.002066084489709161,-0.0071776132613833
B-Injury,pedestrian,Clear,Daylight,Wet,No Controls,champaign,2008,0,1,3773,POINT (-88.2303200157667 40.1163639866862),POINT,-88.2303200157667,40.1163639866862,-0.0026510174711617527,-0.007090269881128799
B-Injury,pedestrian,Rain,"Darkness, lighted road",Wet,Traffic Signal,champaign,2008,0,1,3775,POINT (-88.2289315327461 40.1163992286382),POINT,-88.2289315327461,40.1163992286382,-0.002666807148440312,-0.007089386178346128
C-Injury,pedestrian,Clear,Daylight,Dry,No Controls,urbana,2006,0,1,3897,POINT (-88.2255508638485 40.1105598540772),POINT,-88.2255508638485,40.1105598540772,-0.0027052517459523035,-0.0072358102909731385
B-Injury,pedestrian,Clear,Daylight,Dry,Lane Use Marking,champaign,2006,0,1,3898,POINT (-88.2292789494927 40.1126472081763),POINT,-88.2292789494927,40.1126472081763,-0.0026628563631382876,-0.007183469245111846
C-Injury,pedestrian,Rain,"Darkness, lighted road",Wet,Traffic Signal,champaign,2006,0,1,3900,POINT (-88.2387095415641 40.1102325778469),POINT,-88.2387095415641,40.1102325778469,-0.0025556126999857283,-0.007244016843079907
C-Injury,pedestrian,Clear,Daylight,Dry,Traffic Signal,champaign,2006,0,1,3901,POINT (-88.2434887145717 40.1102217991316),POINT,-88.2434887145717,40.1102217991316,-0.00250126446646095,-0.007244287122680326
B-Injury,pedestrian,Rain,Darkness,Wet,No Controls,champaign,2006,0,1,3902,POINT (-88.2370603934771 40.110260141581),POINT,-88.2370603934771,40.110260141581,-0.0025743666319332586,-0.0072433256739719495
B-Injury,pedestrian,Rain,"Darkness, lighted road",Wet,Stop Sign/Flasher,urbana,2006,0,1,3903,POINT (-88.2218766391543 40.1041513739853),POINT,-88.2218766391543,40.104151373985296,-0.002747034627924848,-0.007396504899778074
B-Injury,pedestrian,Clear,"Darkness, lighted road",Dry,No Controls,urbana,2006,0,1,3904,POINT (-88.1946989741475 40.0947409201836),POINT,-88.1946989741475,40.094740920183604,-0.003056096066400021,-0.007632474922412572
C-Injury,pedestrian,Clear,Daylight,Dry,No Controls,urbana,2006,0,1,3905,POINT (-88.1944855055429 40.0947463888951),POINT,-88.1944855055429,40.0947463888951,-0.0030585236080593273,-0.007632337792790181
C-Injury,pedestrian,Clear,Daylight,Dry,No Controls,urbana,2015,0,1,3907,POINT (-88.1978419664142 40.1308459926589),POINT,-88.1978419664142,40.1308459926589,-0.003020354301578782,-0.006727129128388972
B-Injury,pedestrian,Clear,"Darkness, Lighted Road",Dry,No Controls,urbana,2015,0,1,3908,POINT (-88.2192594069046 40.1073900147438),POINT,-88.2192594069046,40.10739001474379,-0.0027767975072492805,-0.007315294986930936
B-Injury,pedestrian,Clear,Dusk,Dry,Traffic Signal,urbana,2015,0,1,3909,POINT (-88.2193200015034 40.1105700001104),POINT,-88.2193200015034,40.1105700001104,-0.002776108432088981,-0.007235555876070974
B-Injury,pedestrian,Rain,Daylight,Wet,No Controls,urbana,2015,0,1,3910,POINT (-88.2207976654046 40.1090836055249),POINT,-88.2207976654046,40.109083605524894,-0.0027593045995753015,-0.007272827677343985
C-Injury,pedestrian,Clear,Daylight,Dry,School Zone,urbana,2015,0,1,3913,POINT (-88.2072500483188 40.1055684345127),POINT,-88.2072500483188,40.1055684345127,-0.0029133666215849824,-0.007360971671331077
B-Injury,pedestrian,Clear,Daylight,Dry,Other Warning Sign,urbana,2015,0,1,3914,POINT (-88.2016561766576 40.0837799998424),POINT,-88.2016561766576,40.0837799998424,-0.0029769795192281265,-0.007907323370267868
B-Injury,pedestrian,Clear,Darkness,Dry,School Zone,st joseph,2015,0,1,3916,POINT (-88.0417102698081 40.1150326626615),POINT,-88.0417102698081,40.1150326626615,-0.004795866904761198,-0.00712365324040812
C-Injury,pedestrian,Clear,Daylight,Dry,No Controls,urbana,2015,0,1,3917,POINT (-88.2011296586413 40.1238241333858),POINT,-88.2011296586413,40.123824133385796,-0.0029829670246100596,-0.006903204408766236
C-Injury,pedestrian,Clear,Daylight,Dry,Lane Use Marking,urbana,2010,0,1,3476,POINT (-88.2269718335933 40.1104683834932),POINT,-88.2269718335933,40.110468383493206,-0.0026890926331938118,-0.007238103943992514
B-Injury,pedestrian,Clear,Darkness,Dry,No Controls,unincorporated,2006,0,1,3861,POINT (-88.2347542943555 40.1855226857284),POINT,-88.2347542943555,40.1855226857284,-0.002600591339302663,-0.005356094237503041
B-Injury,pedestrian,Clear,Daylight,Dry,No Controls,unincorporated,2006,0,1,3862,POINT (-88.072355051751 40.1133826842237),POINT,-88.072355051751,40.1133826842237,-0.004447377791121054,-0.007165026957076639
B-Injury,pedestrian,Clear,Daylight,Dry,No Controls,unincorporated,2006,0,1,3863,POINT (-88.1524418325679 40.0693481356689),POINT,-88.1524418325679,40.069348135668896,-0.0035366396656816364,-0.008269206801975173
B-Injury,pedestrian,Clear,Darkness,Dry,No Controls,urbana,2006,0,2,3864,POINT (-88.2035497507528 40.1189804196458),POINT,-88.2035497507528,40.118980419645794,-0.0029554460014083587,-0.0070246620201576924
C-Injury,pedestrian,Clear,Daylight,Dry,No Controls,champaign,2006,0,1,3866,POINT (-88.2812761172732 40.1061405521245),POINT,-88.2812761172732,40.1061405521245,-0.002071550249575809,-0.007346625646298525
C-Injury,pedestrian,Clear,Daylight,Dry,No Controls,champaign,2006,0,1,3867,POINT (-88.2731593706741 40.1393402482153),POINT,-88.2731593706741,40.1393402482153,-0.0021638530054979375,-0.006514133058470808
B-Injury,pedestrian,Rain,Daylight,Wet,School Zone,urbana,2006,0,1,3869,POINT (-88.204999099513 40.1036902645095),POINT,-88.204999099513,40.1036902645095,-0.0029389641655858667,-0.00740806736166704
B-Injury,pedestrian,Rain,Daylight,Wet,Traffic Signal,champaign,2006,0,1,3872,POINT (-88.233571529544 40.1079708638332),POINT,-88.233571529544,40.1079708638332,-0.0026140416115732735,-0.007300730017412613
C-Injury,pedestrian,Clear,Daylight,Dry,Stop Sign/Flasher,champaign,2006,0,1,3873,POINT (-88.2304497053914 40.1115315594147),POINT,-88.2304497053914,40.1115315594147,-0.002649542654912638,-0.007211444480852234
B-Injury,pedestrian,Clear,Daylight,Dry,No Controls,urbana,2011,0,1,3503,POINT (-88.1906857593744 40.0976336030057),POINT,-88.1906857593744,40.097633603005704,-0.003101733906529859,-0.007559940011196846
B-Injury,pedestrian,Clear,Daylight,Dry,No Controls,champaign,2015,0,2,3940,POINT (-88.2762196677246 40.1090100007386),POINT,-88.2762196677246,40.1090100007386,-0.0021290516416443764,-0.007274673339992556
B-Injury,pedestrian,Rain,Darkness,Wet,No Controls,champaign,2015,0,1,3941,POINT (-88.2729656766867 40.1390673588672),POINT,-88.2729656766867,40.1390673588672,-0.0021660556723699593,-0.006520975842783231
B-Injury,pedestrian,Clear,Darkness,Dry,No Controls,unincorporated,2015,0,1,3942,POINT (-88.3653200008955 40.1985897745426),POINT,-88.3653200008955,40.198589774542604,-0.0011158123831753737,-0.005028432967575746
C-Injury,pedestrian,Rain,"Darkness, Lighted Road",Wet,Traffic Signal,champaign,2015,0,2,3943,POINT (-88.276670000883 40.1090099995688),POINT,-88.276670000883,40.1090099995688,-0.002123930502146462,-0.007274673369325702
B-Injury,pedestrian,Clear,Daylight,Dry,Lane Use Marking,champaign,2015,0,1,3944,POINT (-88.257984621397 40.1463693787334),POINT,-88.257984621397,40.1463693787334,-0.0023364185970932653,-0.006337875449389475
C-Injury,pedestrian,Clear,Darkness,Dry,No Controls,champaign,2015,0,1,3945,POINT (-88.2603221786555 40.1272000313955),POINT,-88.2603221786555,40.1272000313955,-0.0023098361512264437,-0.006818552728140673
C-Injury,pedestrian,Clear,Daylight,Dry,No Controls,rantoul,2015,0,1,3948,POINT (-88.1463200006866 40.3084599993065),POINT,-88.1463200006866,40.3084599993065,-0.0036062564692909494,-0.0022734032983655456